.blind_row_id,Site,Pathogen,Disinfection_Type,Feature,Was_missing,Imputation_source,Final_value
1,BXH_O3_Cl,Bordetella_hinzii,O3_Cl,Delta_Breadth,FALSE,Observed,0.0018259526054939
2,BXH_O3_Cl,Klebsiella_pneumoniae,O3_Cl,Delta_Breadth,FALSE,Observed,0.0129040557715666
3,BXH_O3_Cl,Cupriavidus_metallidurans,O3_Cl,Delta_Breadth,FALSE,Observed,0.0034284364605377
4,BXH_O3_Cl,Acinetobacter_lwoffii,O3_Cl,Delta_Breadth,FALSE,Observed,0.0167118231592576
5,BXH_O3_Cl,Enterobacter_hormaechei,O3_Cl,Delta_Breadth,FALSE,Observed,0.003977884143997201
6,BXH_O3_Cl,Shigella_boydii,O3_Cl,Delta_Breadth,FALSE,Observed,0.0103985054104267
7,BXH_O3_Cl,Achromobacter_xylosoxidans,O3_Cl,Delta_Breadth,FALSE,Observed,0.0142324582691608
8,BXH_O3_Cl,Aeromonas_caviae,O3_Cl,Delta_Breadth,FALSE,Observed,0.1184527729201463
9,BXH_O3_Cl,Aeromonas_hydrophila,O3_Cl,Delta_Breadth,FALSE,Observed,0.0899356468866347
10,BXH_O3_Cl,Aliarcobacter_cryaerophilus,O3_Cl,Delta_Breadth,FALSE,Observed,0.1055849625771931
11,BXH_O3_Cl,Bacteroides_fragilis,O3_Cl,Delta_Breadth,FALSE,Observed,0.0021286987046188
12,BXH_O3_Cl,Chryseobacterium_gleum,O3_Cl,Delta_Breadth,FALSE,Observed,0.0048076301170889
13,BXH_O3_Cl,Enterobacter_roggenkampii,O3_Cl,Delta_Breadth,FALSE,Observed,0.0137644982231622
14,BXH_O3_Cl,Escherichia_coli,O3_Cl,Delta_Breadth,FALSE,Observed,0.005564143221492
15,BXH_O3_Cl,Laribacter_hongkongensis,O3_Cl,Delta_Breadth,FALSE,Observed,0.0044924825748712
16,BXH_O3_Cl,Mycobacterium_kansasii,O3_Cl,Delta_Breadth,FALSE,Observed,0.0030166203756355
17,BXH_O3_Cl,Mycobacterium_xenopi,O3_Cl,Delta_Breadth,FALSE,Observed,8.246482820810872e-4
18,BXH_O3_Cl,Nocardia_brasiliensis,O3_Cl,Delta_Breadth,FALSE,Observed,6.070160717129456e-4
19,BXH_O3_Cl,Nocardia_farcinica,O3_Cl,Delta_Breadth,FALSE,Observed,9.753122206922974e-4
20,BXH_O3_Cl,Pseudomonas_aeruginosa,O3_Cl,Delta_Breadth,FALSE,Observed,0.001141688818281756
21,BXH_O3_Cl,Pseudomonas_alcaligenes,O3_Cl,Delta_Breadth,FALSE,Observed,0.6641607877802375
22,BXH_O3_Cl,Pseudomonas_mendocina,O3_Cl,Delta_Breadth,FALSE,Observed,0.0030870321568796
23,BXH_O3_Cl,Pseudomonas_putida,O3_Cl,Delta_Breadth,FALSE,Observed,0.006444522805314026
24,BXH_O3_Cl,Ralstonia_solanacearum,O3_Cl,Delta_Breadth,FALSE,Observed,7.287194482562872e-4
25,BXH_O3_Cl,Shigella_dysenteriae,O3_Cl,Delta_Breadth,FALSE,Observed,0.0059206489758456
26,BXH_O3_Cl,Shigella_sonnei,O3_Cl,Delta_Breadth,FALSE,Observed,0.0047308761051509
27,CZSC_UV,Acinetobacter_lwoffii,UV,Delta_Breadth,FALSE,Observed,-0.66050688458182
28,CZSC_UV,Aliarcobacter_cryaerophilus,UV,Delta_Breadth,FALSE,Observed,0.086668658755229
29,CZSC_UV,Enterobacter_hormaechei,UV,Delta_Breadth,FALSE,Observed,-0.003125959889583399
30,CZSC_UV,Escherichia_coli,UV,Delta_Breadth,FALSE,Observed,0.008649743749106702
31,CZSC_UV,Achromobacter_xylosoxidans,UV,Delta_Breadth,FALSE,Observed,-0.001077808219972
32,CZSC_UV,Shigella_boydii,UV,Delta_Breadth,FALSE,Observed,0.0103019332056066
33,CZSC_UV,Aeromonas_caviae,UV,Delta_Breadth,FALSE,Observed,0.043551221724588
34,CZSC_UV,Cupriavidus_metallidurans,UV,Delta_Breadth,FALSE,Observed,2.289488422499994e-5
35,CZSC_UV,Shigella_dysenteriae,UV,Delta_Breadth,FALSE,Observed,0.0050116760651642
36,CZSC_UV,Bacteroides_fragilis,UV,Delta_Breadth,FALSE,Observed,0.006267241543773998
37,CZSC_UV,Klebsiella_pneumoniae,UV,Delta_Breadth,FALSE,Observed,-0.007550610472268203
38,CZSC_UV,Staphylococcus_aureus,UV,Delta_Breadth,FALSE,Observed,-3.080073765817999e-4
39,CZSC_UV,Aeromonas_hydrophila,UV,Delta_Breadth,FALSE,Observed,-0.003607585118437302
40,CZSC_UV,Bordetella_hinzii,UV,Delta_Breadth,FALSE,Observed,-1.009230686095999e-4
41,CZSC_UV,Chryseobacterium_gleum,UV,Delta_Breadth,FALSE,Observed,0.001933613203998099
42,CZSC_UV,Enterobacter_roggenkampii,UV,Delta_Breadth,FALSE,Observed,8.177556027075001e-4
43,CZSC_UV,Laribacter_hongkongensis,UV,Delta_Breadth,FALSE,Observed,0.02511552718107889
44,CZSC_UV,Legionella_pneumophila,UV,Delta_Breadth,FALSE,Observed,1.278913791529e-4
45,CZSC_UV,Nocardia_brasiliensis,UV,Delta_Breadth,FALSE,Observed,-4.364606710325401e-6
46,CZSC_UV,Pseudomonas_aeruginosa,UV,Delta_Breadth,FALSE,Observed,-2.059254160492001e-4
47,CZSC_UV,Pseudomonas_alcaligenes,UV,Delta_Breadth,FALSE,Observed,-0.007134322294984098
48,CZSC_UV,Pseudomonas_mendocina,UV,Delta_Breadth,FALSE,Observed,-2.328536164159e-4
49,CZSC_UV,Pseudomonas_putida,UV,Delta_Breadth,FALSE,Observed,-0.0041012223916672
50,CZSC_UV,Ralstonia_solanacearum,UV,Delta_Breadth,FALSE,Observed,6.925547113692838e-5
51,CZSC_UV,Shigella_sonnei,UV,Delta_Breadth,FALSE,Observed,0.005289746638016398
52,CZSC_UV,Vibrio_cholerae,UV,Delta_Breadth,FALSE,Observed,1.819538508973064e-4
53,GBD_O3,Aliarcobacter_cryaerophilus,O3,Delta_Breadth,FALSE,Observed,0.126426952009638
54,GBD_O3,Aeromonas_caviae,O3,Delta_Breadth,FALSE,Observed,0.050912968204197
55,GBD_O3,Bordetella_hinzii,O3,Delta_Breadth,FALSE,Observed,-2.719757498553998e-4
56,GBD_O3,Acinetobacter_lwoffii,O3,Delta_Breadth,FALSE,Observed,-0.007567243681515897
57,GBD_O3,Cupriavidus_metallidurans,O3,Delta_Breadth,FALSE,Observed,-8.608766277284001e-4
58,GBD_O3,Escherichia_coli,O3,Delta_Breadth,FALSE,Observed,0.0170391384272591
59,GBD_O3,Achromobacter_xylosoxidans,O3,Delta_Breadth,FALSE,Observed,-0.0080898641981927
60,GBD_O3,Enterobacter_hormaechei,O3,Delta_Breadth,FALSE,Observed,0.007960650375412198
61,GBD_O3,Klebsiella_pneumoniae,O3,Delta_Breadth,FALSE,Observed,0.01174132687306299
62,GBD_O3,Shigella_dysenteriae,O3,Delta_Breadth,FALSE,Observed,0.011126829837575
63,GBD_O3,Pseudomonas_alcaligenes,O3,Delta_Breadth,FALSE,Observed,-0.1255637092756856
64,GBD_O3,Shigella_boydii,O3,Delta_Breadth,FALSE,Observed,0.0152208985567014
65,GBD_O3,Nocardia_farcinica,O3,Delta_Breadth,FALSE,Observed,-2.771622149075001e-4
66,GBD_O3,Chryseobacterium_gleum,O3,Delta_Breadth,FALSE,Observed,0.0607892055050555
67,GBD_O3,Aeromonas_hydrophila,O3,Delta_Breadth,FALSE,Observed,-0.004663556224032805
68,GBD_O3,Ralstonia_solanacearum,O3,Delta_Breadth,FALSE,Observed,-4.173410636664e-4
69,GBD_O3,Enterobacter_roggenkampii,O3,Delta_Breadth,FALSE,Observed,0.0222773605779759
70,GBD_O3,Staphylococcus_aureus,O3,Delta_Breadth,FALSE,Observed,-4.82036860934e-5
71,GBD_O3,Mycobacterium_kansasii,O3,Delta_Breadth,FALSE,Observed,-0.003255474798805801
72,GBD_O3,Laribacter_hongkongensis,O3,Delta_Breadth,FALSE,Observed,-0.01304887266755339
73,GBD_O3,Mycobacterium_xenopi,O3,Delta_Breadth,FALSE,Observed,-6.481419423237e-4
74,GBD_O3,Bacteroides_fragilis,O3,Delta_Breadth,FALSE,Observed,0.007858137627105702
75,GBD_O3,Nocardia_brasiliensis,O3,Delta_Breadth,FALSE,Observed,-3.200711587570001e-5
76,GBD_O3,Legionella_longbeachae,O3,Delta_Breadth,FALSE,Observed,-0.0017316766437913
77,GBD_O3,Legionella_pneumophila,O3,Delta_Breadth,FALSE,Observed,-0.0062176916603381
78,GBD_O3,Pseudomonas_aeruginosa,O3,Delta_Breadth,FALSE,Observed,-1.658577575776e-4
79,GBD_O3,Pseudomonas_mendocina,O3,Delta_Breadth,FALSE,Observed,-2.987450474400001e-4
80,GBD_O3,Pseudomonas_putida,O3,Delta_Breadth,FALSE,Observed,-4.417950457560004e-5
81,GBD_O3,Shigella_sonnei,O3,Delta_Breadth,FALSE,Observed,0.0147909461772234
82,GBD_O3,Vibrio_cholerae,O3,Delta_Breadth,FALSE,Observed,-2.82717138844562e-5
83,GBD_UF,Aliarcobacter_cryaerophilus,UF,Delta_Breadth,FALSE,Observed,-0.04367938757505896
84,GBD_UF,Aeromonas_caviae,UF,Delta_Breadth,FALSE,Observed,-0.097187395064258
85,GBD_UF,Acinetobacter_lwoffii,UF,Delta_Breadth,FALSE,Observed,-0.006787220660633
86,GBD_UF,Enterobacter_hormaechei,UF,Delta_Breadth,FALSE,Observed,-0.0060674175588342
87,GBD_UF,Bordetella_hinzii,UF,Delta_Breadth,FALSE,Observed,-3.115105739761002e-4
88,GBD_UF,Escherichia_coli,UF,Delta_Breadth,FALSE,Observed,-0.004692340178641397
89,GBD_UF,Klebsiella_pneumoniae,UF,Delta_Breadth,FALSE,Observed,-0.0101780574912856
90,GBD_UF,Chryseobacterium_gleum,UF,Delta_Breadth,FALSE,Observed,-0.1014959099438071
91,GBD_UF,Achromobacter_xylosoxidans,UF,Delta_Breadth,FALSE,Observed,-0.001687489224091
92,GBD_UF,Cupriavidus_metallidurans,UF,Delta_Breadth,FALSE,Observed,-2.557561434001999e-4
93,GBD_UF,Shigella_boydii,UF,Delta_Breadth,FALSE,Observed,-0.007542993800520301
94,GBD_UF,Aeromonas_hydrophila,UF,Delta_Breadth,FALSE,Observed,-0.0229921373361032
95,GBD_UF,Enterobacter_roggenkampii,UF,Delta_Breadth,FALSE,Observed,-0.003965920795461805
96,GBD_UF,Staphylococcus_aureus,UF,Delta_Breadth,FALSE,Observed,2.197520983670002e-5
97,GBD_UF,Shigella_dysenteriae,UF,Delta_Breadth,FALSE,Observed,-0.007133896716797504
98,GBD_UF,Nocardia_farcinica,UF,Delta_Breadth,FALSE,Observed,-3.95560064739e-4
99,GBD_UF,Bacteroides_fragilis,UF,Delta_Breadth,FALSE,Observed,-0.005467501001583504
100,GBD_UF,Mycobacterium_xenopi,UF,Delta_Breadth,FALSE,Observed,-2.766598831365e-4
101,GBD_UF,Nocardia_brasiliensis,UF,Delta_Breadth,FALSE,Observed,-2.559450140132e-4
102,GBD_UF,Laribacter_hongkongensis,UF,Delta_Breadth,FALSE,Observed,-0.0202780625835328
103,GBD_UF,Legionella_longbeachae,UF,Delta_Breadth,FALSE,Observed,-2.482431375240002e-5
104,GBD_UF,Legionella_pneumophila,UF,Delta_Breadth,FALSE,Observed,-2.639959661417e-4
105,GBD_UF,Mycobacterium_kansasii,UF,Delta_Breadth,FALSE,Observed,-8.891283683642999e-4
106,GBD_UF,Pseudomonas_aeruginosa,UF,Delta_Breadth,FALSE,Observed,-1.264286275279e-4
107,GBD_UF,Pseudomonas_alcaligenes,UF,Delta_Breadth,FALSE,Observed,-0.0131268716078438
108,GBD_UF,Pseudomonas_mendocina,UF,Delta_Breadth,FALSE,Observed,-6.931629636552001e-4
109,GBD_UF,Pseudomonas_putida,UF,Delta_Breadth,FALSE,Observed,-3.378432702829998e-5
110,GBD_UF,Ralstonia_solanacearum,UF,Delta_Breadth,FALSE,Observed,-3.779215004609998e-5
111,GBD_UF,Shigella_sonnei,UF,Delta_Breadth,FALSE,Observed,-0.007355425038961798
112,GBD_UV_Cl,Aeromonas_caviae,UV_Cl,Delta_Breadth,FALSE,Observed,-0.02076146824998798
113,GBD_UV_Cl,Bordetella_hinzii,UV_Cl,Delta_Breadth,FALSE,Observed,-6.828200527780001e-4
114,GBD_UV_Cl,Aliarcobacter_cryaerophilus,UV_Cl,Delta_Breadth,FALSE,Observed,0.141284612538775
115,GBD_UV_Cl,Acinetobacter_lwoffii,UV_Cl,Delta_Breadth,FALSE,Observed,-0.0160440418230658
116,GBD_UV_Cl,Achromobacter_xylosoxidans,UV_Cl,Delta_Breadth,FALSE,Observed,-0.002659820312171799
117,GBD_UV_Cl,Enterobacter_hormaechei,UV_Cl,Delta_Breadth,FALSE,Observed,0.004559259387338801
118,GBD_UV_Cl,Escherichia_coli,UV_Cl,Delta_Breadth,FALSE,Observed,-3.129073449407022e-4
119,GBD_UV_Cl,Cupriavidus_metallidurans,UV_Cl,Delta_Breadth,FALSE,Observed,1.976495068543001e-4
120,GBD_UV_Cl,Pseudomonas_putida,UV_Cl,Delta_Breadth,FALSE,Observed,-0.0779695164666922
121,GBD_UV_Cl,Klebsiella_pneumoniae,UV_Cl,Delta_Breadth,FALSE,Observed,0.0135156015445798
122,GBD_UV_Cl,Nocardia_brasiliensis,UV_Cl,Delta_Breadth,FALSE,Observed,1.548875817203e-4
123,GBD_UV_Cl,Aeromonas_hydrophila,UV_Cl,Delta_Breadth,FALSE,Observed,-0.05107991488156199
124,GBD_UV_Cl,Nocardia_farcinica,UV_Cl,Delta_Breadth,FALSE,Observed,1.387400307421001e-4
125,GBD_UV_Cl,Shigella_boydii,UV_Cl,Delta_Breadth,FALSE,Observed,0.01024888066390289
126,GBD_UV_Cl,Shigella_sonnei,UV_Cl,Delta_Breadth,FALSE,Observed,0.007105124728649499
127,GBD_UV_Cl,Pseudomonas_alcaligenes,UV_Cl,Delta_Breadth,FALSE,Observed,0.1123701150964357
128,GBD_UV_Cl,Staphylococcus_aureus,UV_Cl,Delta_Breadth,FALSE,Observed,-4.962144156600025e-6
129,GBD_UV_Cl,Laribacter_hongkongensis,UV_Cl,Delta_Breadth,FALSE,Observed,-0.008596579051521308
130,GBD_UV_Cl,Mycobacterium_kansasii,UV_Cl,Delta_Breadth,FALSE,Observed,-8.007932825195999e-4
131,GBD_UV_Cl,Shigella_dysenteriae,UV_Cl,Delta_Breadth,FALSE,Observed,0.005163235743279898
132,GBD_UV_Cl,Enterobacter_roggenkampii,UV_Cl,Delta_Breadth,FALSE,Observed,0.0131273549759317
133,GBD_UV_Cl,Mycobacterium_xenopi,UV_Cl,Delta_Breadth,FALSE,Observed,3.840488536036999e-4
134,GBD_UV_Cl,Bacteroides_fragilis,UV_Cl,Delta_Breadth,FALSE,Observed,0.011908541122155
135,GBD_UV_Cl,Chryseobacterium_gleum,UV_Cl,Delta_Breadth,FALSE,Observed,0.0629517619146598
136,GBD_UV_Cl,Legionella_longbeachae,UV_Cl,Delta_Breadth,FALSE,Observed,0.001765659442229
137,GBD_UV_Cl,Legionella_pneumophila,UV_Cl,Delta_Breadth,FALSE,Observed,0.0045424905907438
138,GBD_UV_Cl,Pseudomonas_aeruginosa,UV_Cl,Delta_Breadth,FALSE,Observed,-1.59472473359e-4
139,GBD_UV_Cl,Pseudomonas_mendocina,UV_Cl,Delta_Breadth,FALSE,Observed,-0.001313733672792
140,GBD_UV_Cl,Ralstonia_solanacearum,UV_Cl,Delta_Breadth,FALSE,Observed,2.01437584456e-4
141,GBD_UV_Cl,Vibrio_cholerae,UV_Cl,Delta_Breadth,FALSE,Observed,6.01680064720477e-5
142,HBZZ_Song_O3,Cupriavidus_metallidurans,O3,Delta_Breadth,FALSE,Observed,-0.0020062004563037
143,HBZZ_Song_O3,Enterobacter_hormaechei,O3,Delta_Breadth,FALSE,Observed,-3.747002093194998e-4
144,HBZZ_Song_O3,Aliarcobacter_cryaerophilus,O3,Delta_Breadth,FALSE,Observed,-0.08191231015870219
145,HBZZ_Song_O3,Klebsiella_pneumoniae,O3,Delta_Breadth,FALSE,Observed,-0.0055649785422226
146,HBZZ_Song_O3,Acinetobacter_lwoffii,O3,Delta_Breadth,FALSE,Observed,0.0015818708137891
147,HBZZ_Song_O3,Achromobacter_xylosoxidans,O3,Delta_Breadth,FALSE,Observed,-0.0017660175283289
148,HBZZ_Song_O3,Aeromonas_hydrophila,O3,Delta_Breadth,FALSE,Observed,-0.01421767084390002
149,HBZZ_Song_O3,Shigella_boydii,O3,Delta_Breadth,FALSE,Observed,-0.0144352650192056
150,HBZZ_Song_O3,Shigella_dysenteriae,O3,Delta_Breadth,FALSE,Observed,-0.0091631017082914
151,HBZZ_Song_O3,Ralstonia_solanacearum,O3,Delta_Breadth,FALSE,Observed,4.339768426339999e-5
152,HBZZ_Song_O3,Chryseobacterium_gleum,O3,Delta_Breadth,FALSE,Observed,-0.0957673681862149
153,HBZZ_Song_O3,Escherichia_coli,O3,Delta_Breadth,FALSE,Observed,-0.014432619266984
154,HBZZ_Song_O3,Aeromonas_caviae,O3,Delta_Breadth,FALSE,Observed,-0.007340377746863403
155,HBZZ_Song_O3,Bordetella_hinzii,O3,Delta_Breadth,FALSE,Observed,-5.58454224137e-4
156,HBZZ_Song_O3,Bacteroides_fragilis,O3,Delta_Breadth,FALSE,Observed,-0.0024297460747469
157,HBZZ_Song_O3,Enterobacter_roggenkampii,O3,Delta_Breadth,FALSE,Observed,-0.0021910217496051
158,HBZZ_Song_O3,Laribacter_hongkongensis,O3,Delta_Breadth,FALSE,Observed,-0.0117560742396168
159,HBZZ_Song_O3,Legionella_longbeachae,O3,Delta_Breadth,FALSE,Observed,-5.217926143086e-4
160,HBZZ_Song_O3,Legionella_pneumophila,O3,Delta_Breadth,FALSE,Observed,5.614314213277999e-4
161,HBZZ_Song_O3,Mycobacterium_kansasii,O3,Delta_Breadth,FALSE,Observed,8.058105937599997e-6
162,HBZZ_Song_O3,Mycobacterium_xenopi,O3,Delta_Breadth,FALSE,Observed,1.80885677205506e-5
163,HBZZ_Song_O3,Nocardia_brasiliensis,O3,Delta_Breadth,FALSE,Observed,-2.797824814299997e-6
164,HBZZ_Song_O3,Nocardia_farcinica,O3,Delta_Breadth,FALSE,Observed,-5.546422763909998e-5
165,HBZZ_Song_O3,Pseudomonas_aeruginosa,O3,Delta_Breadth,FALSE,Observed,-1.641018044175e-4
166,HBZZ_Song_O3,Pseudomonas_alcaligenes,O3,Delta_Breadth,FALSE,Observed,-0.0015012578566396
167,HBZZ_Song_O3,Pseudomonas_mendocina,O3,Delta_Breadth,FALSE,Observed,-0.003975635805775899
168,HBZZ_Song_O3,Pseudomonas_putida,O3,Delta_Breadth,FALSE,Observed,-6.561955826654131e-5
169,HBZZ_Song_O3,Shigella_sonnei,O3,Delta_Breadth,FALSE,Observed,-0.009155985351224399
170,HBZZ_Song_O3,Staphylococcus_aureus,O3,Delta_Breadth,FALSE,Observed,1.201547763649802e-4
171,HBZZ_West_Cl,Pseudomonas_alcaligenes,Cl,Delta_Breadth,FALSE,Observed,0.102072598242745
172,HBZZ_West_Cl,Pseudomonas_putida,Cl,Delta_Breadth,FALSE,Observed,-0.0012526188944372
173,HBZZ_West_Cl,Enterobacter_hormaechei,Cl,Delta_Breadth,FALSE,Observed,6.716938605716e-4
174,HBZZ_West_Cl,Cupriavidus_metallidurans,Cl,Delta_Breadth,FALSE,Observed,0.0017489952695981
175,HBZZ_West_Cl,Achromobacter_xylosoxidans,Cl,Delta_Breadth,FALSE,Observed,0.0125456934759206
176,HBZZ_West_Cl,Klebsiella_pneumoniae,Cl,Delta_Breadth,FALSE,Observed,0.0056251652053508
177,HBZZ_West_Cl,Pseudomonas_mendocina,Cl,Delta_Breadth,FALSE,Observed,-0.0033202580412674
178,HBZZ_West_Cl,Pseudomonas_aeruginosa,Cl,Delta_Breadth,FALSE,Observed,-8.894700916479999e-4
179,HBZZ_West_Cl,Shigella_boydii,Cl,Delta_Breadth,FALSE,Observed,0.0039700294586672
180,HBZZ_West_Cl,Shigella_dysenteriae,Cl,Delta_Breadth,FALSE,Observed,0.002765627112351
181,HBZZ_West_Cl,Acinetobacter_lwoffii,Cl,Delta_Breadth,FALSE,Observed,0.0463541151457966
182,HBZZ_West_Cl,Aeromonas_caviae,Cl,Delta_Breadth,FALSE,Observed,0.0176398888825897
183,HBZZ_West_Cl,Aeromonas_hydrophila,Cl,Delta_Breadth,FALSE,Observed,0.003699482005072001
184,HBZZ_West_Cl,Aliarcobacter_cryaerophilus,Cl,Delta_Breadth,FALSE,Observed,0.0136880199588301
185,HBZZ_West_Cl,Bordetella_hinzii,Cl,Delta_Breadth,FALSE,Observed,0.0030815309393772
186,HBZZ_West_Cl,Chryseobacterium_gleum,Cl,Delta_Breadth,FALSE,Observed,0.005020448065952568
187,HBZZ_West_Cl,Enterobacter_roggenkampii,Cl,Delta_Breadth,FALSE,Observed,5.02041123697794e-5
188,HBZZ_West_Cl,Escherichia_coli,Cl,Delta_Breadth,FALSE,Observed,-1.4849177780511e-5
189,HBZZ_West_Cl,Laribacter_hongkongensis,Cl,Delta_Breadth,FALSE,Observed,2.302023562305e-4
190,HBZZ_West_Cl,Ralstonia_solanacearum,Cl,Delta_Breadth,FALSE,Observed,0.0011733648882718
191,HBZZ_West_Cl,Shigella_sonnei,Cl,Delta_Breadth,FALSE,Observed,2.274729220118e-4
192,JXQ_Cl,Aliarcobacter_cryaerophilus,Cl,Delta_Breadth,FALSE,Observed,-0.05937087945967001
193,JXQ_Cl,Escherichia_coli,Cl,Delta_Breadth,FALSE,Observed,-0.0149418874496801
194,JXQ_Cl,Klebsiella_pneumoniae,Cl,Delta_Breadth,FALSE,Observed,-0.0219894261536041
195,JXQ_Cl,Acinetobacter_lwoffii,Cl,Delta_Breadth,FALSE,Observed,0.0022456840096131
196,JXQ_Cl,Enterobacter_hormaechei,Cl,Delta_Breadth,FALSE,Observed,-0.004513082977178302
197,JXQ_Cl,Aeromonas_caviae,Cl,Delta_Breadth,FALSE,Observed,0.01830275569433099
198,JXQ_Cl,Cupriavidus_metallidurans,Cl,Delta_Breadth,FALSE,Observed,-4.202225585612002e-4
199,JXQ_Cl,Shigella_boydii,Cl,Delta_Breadth,FALSE,Observed,-0.0164042189204844
200,JXQ_Cl,Bacteroides_fragilis,Cl,Delta_Breadth,FALSE,Observed,-0.0337436327908884
201,JXQ_Cl,Enterobacter_roggenkampii,Cl,Delta_Breadth,FALSE,Observed,-0.0170461328853874
202,JXQ_Cl,Achromobacter_xylosoxidans,Cl,Delta_Breadth,FALSE,Observed,-0.0016398216741017
203,JXQ_Cl,Legionella_longbeachae,Cl,Delta_Breadth,FALSE,Observed,1.036354845969996e-5
204,JXQ_Cl,Staphylococcus_aureus,Cl,Delta_Breadth,FALSE,Observed,-7.088777366670004e-5
205,JXQ_Cl,Bordetella_hinzii,Cl,Delta_Breadth,FALSE,Observed,-3.862095381437999e-4
206,JXQ_Cl,Laribacter_hongkongensis,Cl,Delta_Breadth,FALSE,Observed,-0.0181078588062207
207,JXQ_Cl,Shigella_dysenteriae,Cl,Delta_Breadth,FALSE,Observed,-0.008458455123506604
208,JXQ_Cl,Aeromonas_hydrophila,Cl,Delta_Breadth,FALSE,Observed,-0.0101864326471699
209,JXQ_Cl,Chryseobacterium_gleum,Cl,Delta_Breadth,FALSE,Observed,0.004542892385529799
210,JXQ_Cl,Legionella_pneumophila,Cl,Delta_Breadth,FALSE,Observed,1.097049903744e-4
211,JXQ_Cl,Mycobacterium_kansasii,Cl,Delta_Breadth,FALSE,Observed,-2.15896423234287e-5
212,JXQ_Cl,Mycobacterium_xenopi,Cl,Delta_Breadth,FALSE,Observed,-2.05638454086077e-5
213,JXQ_Cl,Nocardia_farcinica,Cl,Delta_Breadth,FALSE,Observed,2.1772490506e-5
214,JXQ_Cl,Pseudomonas_aeruginosa,Cl,Delta_Breadth,FALSE,Observed,-2.134281250061e-4
215,JXQ_Cl,Pseudomonas_alcaligenes,Cl,Delta_Breadth,FALSE,Observed,-0.0115684229757132
216,JXQ_Cl,Pseudomonas_mendocina,Cl,Delta_Breadth,FALSE,Observed,-1.098190517068356e-4
217,JXQ_Cl,Pseudomonas_putida,Cl,Delta_Breadth,FALSE,Observed,-9.583054301329997e-5
218,JXQ_Cl,Ralstonia_solanacearum,Cl,Delta_Breadth,FALSE,Observed,-9.637902380170004e-5
219,JXQ_Cl,Shigella_sonnei,Cl,Delta_Breadth,FALSE,Observed,-0.01024228869797991
220,JXQ_O3,Aliarcobacter_cryaerophilus,O3,Delta_Breadth,FALSE,Observed,-0.01097925382054199
221,JXQ_O3,Acinetobacter_lwoffii,O3,Delta_Breadth,FALSE,Observed,-0.002388820501453899
222,JXQ_O3,Achromobacter_xylosoxidans,O3,Delta_Breadth,FALSE,Observed,6.490900424082e-4
223,JXQ_O3,Enterobacter_hormaechei,O3,Delta_Breadth,FALSE,Observed,0.0019345271393206
224,JXQ_O3,Cupriavidus_metallidurans,O3,Delta_Breadth,FALSE,Observed,9.02753979254e-5
225,JXQ_O3,Bordetella_hinzii,O3,Delta_Breadth,FALSE,Observed,3.315759872233003e-4
226,JXQ_O3,Escherichia_coli,O3,Delta_Breadth,FALSE,Observed,0.004849135772968596
227,JXQ_O3,Aeromonas_caviae,O3,Delta_Breadth,FALSE,Observed,-0.01101776221397502
228,JXQ_O3,Klebsiella_pneumoniae,O3,Delta_Breadth,FALSE,Observed,0.0110176790403641
229,JXQ_O3,Shigella_boydii,O3,Delta_Breadth,FALSE,Observed,0.008799883118619102
230,JXQ_O3,Staphylococcus_aureus,O3,Delta_Breadth,FALSE,Observed,-6.2735679695e-5
231,JXQ_O3,Legionella_longbeachae,O3,Delta_Breadth,FALSE,Observed,-6.087982188192999e-4
232,JXQ_O3,Aeromonas_hydrophila,O3,Delta_Breadth,FALSE,Observed,-0.0132970157961474
233,JXQ_O3,Bacteroides_fragilis,O3,Delta_Breadth,FALSE,Observed,-0.004666043459182999
234,JXQ_O3,Chryseobacterium_gleum,O3,Delta_Breadth,FALSE,Observed,-0.0040887271874132
235,JXQ_O3,Enterobacter_roggenkampii,O3,Delta_Breadth,FALSE,Observed,0.004260410771680101
236,JXQ_O3,Laribacter_hongkongensis,O3,Delta_Breadth,FALSE,Observed,0.002925434691816498
237,JXQ_O3,Legionella_pneumophila,O3,Delta_Breadth,FALSE,Observed,1.862638205555e-4
238,JXQ_O3,Mycobacterium_kansasii,O3,Delta_Breadth,FALSE,Observed,3.28405826892443e-5
239,JXQ_O3,Mycobacterium_xenopi,O3,Delta_Breadth,FALSE,Observed,5.597935694570005e-5
240,JXQ_O3,Nocardia_brasiliensis,O3,Delta_Breadth,FALSE,Observed,1.34295591086935e-5
241,JXQ_O3,Nocardia_farcinica,O3,Delta_Breadth,FALSE,Observed,-9.010950450269998e-5
242,JXQ_O3,Pseudomonas_aeruginosa,O3,Delta_Breadth,FALSE,Observed,-1.356872896447019e-4
243,JXQ_O3,Pseudomonas_alcaligenes,O3,Delta_Breadth,FALSE,Observed,-9.500023262120991e-4
244,JXQ_O3,Pseudomonas_mendocina,O3,Delta_Breadth,FALSE,Observed,-1.22848430724e-5
245,JXQ_O3,Pseudomonas_putida,O3,Delta_Breadth,FALSE,Observed,-1.201942403894e-4
246,JXQ_O3,Ralstonia_solanacearum,O3,Delta_Breadth,FALSE,Observed,9.330502116629996e-5
247,JXQ_O3,Shigella_dysenteriae,O3,Delta_Breadth,FALSE,Observed,0.002118561650509901
248,JXQ_O3,Shigella_sonnei,O3,Delta_Breadth,FALSE,Observed,0.002517620641245402
249,SZBH_UV_Cl,Pseudomonas_alcaligenes,UV_Cl,Delta_Breadth,FALSE,Observed,0.20668496620184
250,SZBH_UV_Cl,Klebsiella_pneumoniae,UV_Cl,Delta_Breadth,FALSE,Observed,0.2511680964225541
251,SZBH_UV_Cl,Pseudomonas_mendocina,UV_Cl,Delta_Breadth,FALSE,Observed,-0.0011333698404124
252,SZBH_UV_Cl,Pseudomonas_aeruginosa,UV_Cl,Delta_Breadth,FALSE,Observed,-0.0054121669036672
253,SZBH_UV_Cl,Shigella_boydii,UV_Cl,Delta_Breadth,FALSE,Observed,0.0487768384208165
254,SZBH_UV_Cl,Aeromonas_hydrophila,UV_Cl,Delta_Breadth,FALSE,Observed,0.273622769182
255,SZBH_UV_Cl,Cupriavidus_metallidurans,UV_Cl,Delta_Breadth,FALSE,Observed,-0.0056467768567498
256,SZBH_UV_Cl,Shigella_sonnei,UV_Cl,Delta_Breadth,FALSE,Observed,0.0282208593870926
257,SZBH_UV_Cl,Acinetobacter_lwoffii,UV_Cl,Delta_Breadth,FALSE,Observed,0.0339497083558549
258,SZBH_UV_Cl,Enterobacter_hormaechei,UV_Cl,Delta_Breadth,FALSE,Observed,0.017757982721479
259,SZBH_UV_Cl,Achromobacter_xylosoxidans,UV_Cl,Delta_Breadth,FALSE,Observed,0.0075416149302301
260,SZBH_UV_Cl,Bordetella_hinzii,UV_Cl,Delta_Breadth,FALSE,Observed,0.0010300907691749
261,SZBH_UV_Cl,Pseudomonas_putida,UV_Cl,Delta_Breadth,FALSE,Observed,-2.712491641230011e-5
262,SZBH_UV_Cl,Ralstonia_solanacearum,UV_Cl,Delta_Breadth,FALSE,Observed,-0.0010616158512935
263,SZBH_UV_Cl,Shigella_dysenteriae,UV_Cl,Delta_Breadth,FALSE,Observed,0.0267569271631533
264,SZBH_UV_Cl,Chryseobacterium_gleum,UV_Cl,Delta_Breadth,FALSE,Observed,0.001638219764567704
265,SZBH_UV_Cl,Enterobacter_roggenkampii,UV_Cl,Delta_Breadth,FALSE,Observed,0.1944974660188559
266,SZBH_UV_Cl,Aeromonas_caviae,UV_Cl,Delta_Breadth,FALSE,Observed,0.3403310845286009
267,SZBH_UV_Cl,Aliarcobacter_cryaerophilus,UV_Cl,Delta_Breadth,FALSE,Observed,0.4978594534088427
268,SZBH_UV_Cl,Bacteroides_fragilis,UV_Cl,Delta_Breadth,FALSE,Observed,0.0312387202625102
269,SZBH_UV_Cl,Escherichia_coli,UV_Cl,Delta_Breadth,FALSE,Observed,0.0413632639352451
270,SZBH_UV_Cl,Laribacter_hongkongensis,UV_Cl,Delta_Breadth,FALSE,Observed,0.1025940526128128
271,SZBH_UV_Cl,Legionella_pneumophila,UV_Cl,Delta_Breadth,FALSE,Observed,3.109285823449989e-5
272,SZBH_UV_Cl,Mycobacterium_kansasii,UV_Cl,Delta_Breadth,FALSE,Observed,-9.025078650155e-4
273,SZBH_UV_Cl,Mycobacterium_xenopi,UV_Cl,Delta_Breadth,FALSE,Observed,-5.495116467527e-4
274,SZBH_UV_Cl,Nocardia_brasiliensis,UV_Cl,Delta_Breadth,FALSE,Observed,-7.833909480071038e-7
275,SZBH_UV_Cl,Nocardia_farcinica,UV_Cl,Delta_Breadth,FALSE,Observed,4.275036456999998e-5
276,SZBH_UV_Cl,Staphylococcus_aureus,UV_Cl,Delta_Breadth,FALSE,Observed,1.123571212617e-4
277,SZBH_UV_Cl,Vibrio_cholerae,UV_Cl,Delta_Breadth,FALSE,Observed,-2.561368950220791e-5
278,SZFX_UV,Aeromonas_hydrophila,UV,Delta_Breadth,FALSE,Observed,-0.01586380544164501
279,SZFX_UV,Aliarcobacter_cryaerophilus,UV,Delta_Breadth,FALSE,Observed,0.017915042165874
280,SZFX_UV,Aeromonas_caviae,UV,Delta_Breadth,FALSE,Observed,-0.04373023937341602
281,SZFX_UV,Enterobacter_hormaechei,UV,Delta_Breadth,FALSE,Observed,-0.0039782909846154
282,SZFX_UV,Escherichia_coli,UV,Delta_Breadth,FALSE,Observed,-0.009519397568857405
283,SZFX_UV,Klebsiella_pneumoniae,UV,Delta_Breadth,FALSE,Observed,-0.01364970165365501
284,SZFX_UV,Acinetobacter_lwoffii,UV,Delta_Breadth,FALSE,Observed,-0.0044258937031564
285,SZFX_UV,Cupriavidus_metallidurans,UV,Delta_Breadth,FALSE,Observed,-1.891001513525e-4
286,SZFX_UV,Bacteroides_fragilis,UV,Delta_Breadth,FALSE,Observed,0.001583264971287898
287,SZFX_UV,Achromobacter_xylosoxidans,UV,Delta_Breadth,FALSE,Observed,-0.0011548876625079
288,SZFX_UV,Shigella_boydii,UV,Delta_Breadth,FALSE,Observed,-0.0160788576295669
289,SZFX_UV,Shigella_dysenteriae,UV,Delta_Breadth,FALSE,Observed,-0.007687753939492503
290,SZFX_UV,Pseudomonas_alcaligenes,UV,Delta_Breadth,FALSE,Observed,-0.004958803351107197
291,SZFX_UV,Staphylococcus_aureus,UV,Delta_Breadth,FALSE,Observed,1.453199360169997e-5
292,SZFX_UV,Bordetella_hinzii,UV,Delta_Breadth,FALSE,Observed,-3.317746546819991e-5
293,SZFX_UV,Chryseobacterium_gleum,UV,Delta_Breadth,FALSE,Observed,6.038997250023001e-4
294,SZFX_UV,Enterobacter_roggenkampii,UV,Delta_Breadth,FALSE,Observed,-0.006710412271681
295,SZFX_UV,Laribacter_hongkongensis,UV,Delta_Breadth,FALSE,Observed,-0.006618960764966202
296,SZFX_UV,Legionella_longbeachae,UV,Delta_Breadth,FALSE,Observed,3.750158465885999e-4
297,SZFX_UV,Legionella_pneumophila,UV,Delta_Breadth,FALSE,Observed,-3.147418574111001e-4
298,SZFX_UV,Mycobacterium_kansasii,UV,Delta_Breadth,FALSE,Observed,-5.792713891020001e-5
299,SZFX_UV,Mycobacterium_xenopi,UV,Delta_Breadth,FALSE,Observed,-7.616239039931e-7
300,SZFX_UV,Nocardia_brasiliensis,UV,Delta_Breadth,FALSE,Observed,-9.33354358054136e-5
301,SZFX_UV,Nocardia_farcinica,UV,Delta_Breadth,FALSE,Observed,-7.366094415689011e-4
302,SZFX_UV,Pseudomonas_aeruginosa,UV,Delta_Breadth,FALSE,Observed,-2.777598635079998e-5
303,SZFX_UV,Pseudomonas_mendocina,UV,Delta_Breadth,FALSE,Observed,-2.698942796199998e-5
304,SZFX_UV,Pseudomonas_putida,UV,Delta_Breadth,FALSE,Observed,-0.005016485289768001
305,SZFX_UV,Ralstonia_solanacearum,UV,Delta_Breadth,FALSE,Observed,-1.556891922949e-4
306,SZFX_UV,Shigella_sonnei,UV,Delta_Breadth,FALSE,Observed,-0.008630955420313197
307,SZFX_UV,Vibrio_cholerae,UV,Delta_Breadth,FALSE,Observed,-1.495742811493141e-4
308,SZSG_UV,Aliarcobacter_cryaerophilus,UV,Delta_Breadth,FALSE,Observed,0.03621664437424704
309,SZSG_UV,Enterobacter_hormaechei,UV,Delta_Breadth,FALSE,Observed,-9.139674486821001e-4
310,SZSG_UV,Escherichia_coli,UV,Delta_Breadth,FALSE,Observed,-0.001585442803946902
311,SZSG_UV,Klebsiella_pneumoniae,UV,Delta_Breadth,FALSE,Observed,-0.0118474454633159
312,SZSG_UV,Chryseobacterium_gleum,UV,Delta_Breadth,FALSE,Observed,0.04392998378082699
313,SZSG_UV,Bordetella_hinzii,UV,Delta_Breadth,FALSE,Observed,2.906504908973999e-4
314,SZSG_UV,Aeromonas_caviae,UV,Delta_Breadth,FALSE,Observed,-0.03495466775981601
315,SZSG_UV,Acinetobacter_lwoffii,UV,Delta_Breadth,FALSE,Observed,-0.001180805198037101
316,SZSG_UV,Shigella_boydii,UV,Delta_Breadth,FALSE,Observed,-0.002539890434067202
317,SZSG_UV,Achromobacter_xylosoxidans,UV,Delta_Breadth,FALSE,Observed,5.621583403000001e-4
318,SZSG_UV,Cupriavidus_metallidurans,UV,Delta_Breadth,FALSE,Observed,-1.015779357074001e-4
319,SZSG_UV,Aeromonas_hydrophila,UV,Delta_Breadth,FALSE,Observed,0.01353244887497998
320,SZSG_UV,Shigella_dysenteriae,UV,Delta_Breadth,FALSE,Observed,-0.002809535125833
321,SZSG_UV,Enterobacter_roggenkampii,UV,Delta_Breadth,FALSE,Observed,-0.008194494812955998
322,SZSG_UV,Bacteroides_fragilis,UV,Delta_Breadth,FALSE,Observed,-0.0017381765457772
323,SZSG_UV,Laribacter_hongkongensis,UV,Delta_Breadth,FALSE,Observed,-0.0165851795337245
324,SZSG_UV,Legionella_longbeachae,UV,Delta_Breadth,FALSE,Observed,2.69934285462e-5
325,SZSG_UV,Legionella_pneumophila,UV,Delta_Breadth,FALSE,Observed,3.778075604338e-4
326,SZSG_UV,Mycobacterium_kansasii,UV,Delta_Breadth,FALSE,Observed,-1.12053284453501e-4
327,SZSG_UV,Mycobacterium_xenopi,UV,Delta_Breadth,FALSE,Observed,5.712179279999919e-7
328,SZSG_UV,Nocardia_brasiliensis,UV,Delta_Breadth,FALSE,Observed,-9.064952398368202e-6
329,SZSG_UV,Nocardia_farcinica,UV,Delta_Breadth,FALSE,Observed,2.60634192916678e-5
330,SZSG_UV,Pseudomonas_aeruginosa,UV,Delta_Breadth,FALSE,Observed,1.48457858082e-4
331,SZSG_UV,Pseudomonas_alcaligenes,UV,Delta_Breadth,FALSE,Observed,-0.003890561366042499
332,SZSG_UV,Pseudomonas_mendocina,UV,Delta_Breadth,FALSE,Observed,-9.39976629016e-5
333,SZSG_UV,Pseudomonas_putida,UV,Delta_Breadth,FALSE,Observed,-1.344876095169e-4
334,SZSG_UV,Ralstonia_solanacearum,UV,Delta_Breadth,FALSE,Observed,-5.424710532919999e-5
335,SZSG_UV,Shigella_sonnei,UV,Delta_Breadth,FALSE,Observed,-0.001827792986024699
336,SZSG_UV,Staphylococcus_aureus,UV,Delta_Breadth,FALSE,Observed,1.091671714467e-4
337,SZSG_UV,Vibrio_cholerae,UV,Delta_Breadth,FALSE,Observed,1.36525797818e-4
1,BXH_O3_Cl,Bordetella_hinzii,O3_Cl,Delta_SNV_Density,FALSE,Observed,-0.1011217360675008
2,BXH_O3_Cl,Klebsiella_pneumoniae,O3_Cl,Delta_SNV_Density,FALSE,Observed,-0.08816818195097004
3,BXH_O3_Cl,Cupriavidus_metallidurans,O3_Cl,Delta_SNV_Density,FALSE,Observed,-0.0317340483879031
4,BXH_O3_Cl,Acinetobacter_lwoffii,O3_Cl,Delta_SNV_Density,FALSE,Observed,-0.04563361423043161
5,BXH_O3_Cl,Enterobacter_hormaechei,O3_Cl,Delta_SNV_Density,FALSE,Observed,-0.006509449890458164
6,BXH_O3_Cl,Shigella_boydii,O3_Cl,Delta_SNV_Density,FALSE,Observed,-0.03564467645720929
7,BXH_O3_Cl,Achromobacter_xylosoxidans,O3_Cl,Delta_SNV_Density,FALSE,Observed,-0.0453493712664645
8,BXH_O3_Cl,Aeromonas_caviae,O3_Cl,Delta_SNV_Density,FALSE,Observed,-6.541448800080241e-4
9,BXH_O3_Cl,Aeromonas_hydrophila,O3_Cl,Delta_SNV_Density,FALSE,Observed,-0.001686181406140398
10,BXH_O3_Cl,Aliarcobacter_cryaerophilus,O3_Cl,Delta_SNV_Density,FALSE,Observed,-0.1086162573398977
11,BXH_O3_Cl,Bacteroides_fragilis,O3_Cl,Delta_SNV_Density,FALSE,Observed,0
12,BXH_O3_Cl,Chryseobacterium_gleum,O3_Cl,Delta_SNV_Density,FALSE,Observed,-0.004961617458939515
13,BXH_O3_Cl,Enterobacter_roggenkampii,O3_Cl,Delta_SNV_Density,FALSE,Observed,0
14,BXH_O3_Cl,Escherichia_coli,O3_Cl,Delta_SNV_Density,FALSE,Observed,-3.907678363292364e-4
15,BXH_O3_Cl,Laribacter_hongkongensis,O3_Cl,Delta_SNV_Density,FALSE,Observed,-0.001286046682851564
16,BXH_O3_Cl,Mycobacterium_kansasii,O3_Cl,Delta_SNV_Density,FALSE,Observed,0
17,BXH_O3_Cl,Mycobacterium_xenopi,O3_Cl,Delta_SNV_Density,FALSE,Observed,0
18,BXH_O3_Cl,Nocardia_brasiliensis,O3_Cl,Delta_SNV_Density,FALSE,Observed,-8.953039405795727e-4
19,BXH_O3_Cl,Nocardia_farcinica,O3_Cl,Delta_SNV_Density,FALSE,Observed,-0.001112463018550798
20,BXH_O3_Cl,Pseudomonas_aeruginosa,O3_Cl,Delta_SNV_Density,FALSE,Observed,0
21,BXH_O3_Cl,Pseudomonas_alcaligenes,O3_Cl,Delta_SNV_Density,FALSE,Observed,-1.165829419434197
22,BXH_O3_Cl,Pseudomonas_mendocina,O3_Cl,Delta_SNV_Density,FALSE,Observed,-0.002419741817270777
23,BXH_O3_Cl,Pseudomonas_putida,O3_Cl,Delta_SNV_Density,FALSE,Observed,-3.248492983498792e-4
24,BXH_O3_Cl,Ralstonia_solanacearum,O3_Cl,Delta_SNV_Density,FALSE,Observed,-0.006148005270648754
25,BXH_O3_Cl,Shigella_dysenteriae,O3_Cl,Delta_SNV_Density,FALSE,Observed,-0.005584791188509041
26,BXH_O3_Cl,Shigella_sonnei,O3_Cl,Delta_SNV_Density,FALSE,Observed,-0.01321585638449011
27,CZSC_UV,Acinetobacter_lwoffii,UV,Delta_SNV_Density,FALSE,Observed,32.34969747181274
28,CZSC_UV,Aliarcobacter_cryaerophilus,UV,Delta_SNV_Density,FALSE,Observed,-5.386702334538072
29,CZSC_UV,Enterobacter_hormaechei,UV,Delta_SNV_Density,FALSE,Observed,-0.001017101545384088
30,CZSC_UV,Escherichia_coli,UV,Delta_SNV_Density,FALSE,Observed,9.769195908230924e-5
31,CZSC_UV,Achromobacter_xylosoxidans,UV,Delta_SNV_Density,FALSE,Observed,1.448861701803977e-4
32,CZSC_UV,Shigella_boydii,UV,Delta_SNV_Density,FALSE,Observed,-0.001657891928242292
33,CZSC_UV,Aeromonas_caviae,UV,Delta_SNV_Density,FALSE,Observed,-0.002616579520032096
34,CZSC_UV,Cupriavidus_metallidurans,UV,Delta_SNV_Density,FALSE,Observed,-0.003622608263459258
35,CZSC_UV,Shigella_dysenteriae,UV,Delta_SNV_Density,FALSE,Observed,-5.777370195009352e-4
36,CZSC_UV,Bacteroides_fragilis,UV,Delta_SNV_Density,FALSE,Observed,-1.907778010950646e-4
37,CZSC_UV,Klebsiella_pneumoniae,UV,Delta_SNV_Density,FALSE,Observed,-0.003519687902234332
38,CZSC_UV,Staphylococcus_aureus,UV,Delta_SNV_Density,FALSE,Observed,-0.002126633210000422
39,CZSC_UV,Aeromonas_hydrophila,UV,Delta_SNV_Density,FALSE,Observed,-4.215453515350995e-4
40,CZSC_UV,Bordetella_hinzii,UV,Delta_SNV_Density,FALSE,Observed,0
41,CZSC_UV,Chryseobacterium_gleum,UV,Delta_SNV_Density,FALSE,Observed,0
42,CZSC_UV,Enterobacter_roggenkampii,UV,Delta_SNV_Density,FALSE,Observed,0
43,CZSC_UV,Laribacter_hongkongensis,UV,Delta_SNV_Density,FALSE,Observed,-3.21511670712891e-4
44,CZSC_UV,Legionella_pneumophila,UV,Delta_SNV_Density,FALSE,Observed,0
45,CZSC_UV,Nocardia_brasiliensis,UV,Delta_SNV_Density,FALSE,Observed,0
46,CZSC_UV,Pseudomonas_aeruginosa,UV,Delta_SNV_Density,FALSE,Observed,0
47,CZSC_UV,Pseudomonas_alcaligenes,UV,Delta_SNV_Density,FALSE,Observed,-9.077900871591958e-4
48,CZSC_UV,Pseudomonas_mendocina,UV,Delta_SNV_Density,FALSE,Observed,0
49,CZSC_UV,Pseudomonas_putida,UV,Delta_SNV_Density,FALSE,Observed,0
50,CZSC_UV,Ralstonia_solanacearum,UV,Delta_SNV_Density,FALSE,Observed,0
51,CZSC_UV,Shigella_sonnei,UV,Delta_SNV_Density,FALSE,Observed,0
52,CZSC_UV,Vibrio_cholerae,UV,Delta_SNV_Density,FALSE,Observed,0
53,GBD_O3,Aliarcobacter_cryaerophilus,O3,Delta_SNV_Density,FALSE,Observed,-2.676513275847349
54,GBD_O3,Aeromonas_caviae,O3,Delta_SNV_Density,FALSE,Observed,-0.08852760709441927
55,GBD_O3,Bordetella_hinzii,O3,Delta_SNV_Density,FALSE,Observed,0.0274161091892242
56,GBD_O3,Acinetobacter_lwoffii,O3,Delta_SNV_Density,FALSE,Observed,-0.04053171947174981
57,GBD_O3,Cupriavidus_metallidurans,O3,Delta_SNV_Density,FALSE,Observed,0.01144744211253126
58,GBD_O3,Escherichia_coli,O3,Delta_SNV_Density,FALSE,Observed,-9.769195908230881e-5
59,GBD_O3,Achromobacter_xylosoxidans,O3,Delta_SNV_Density,FALSE,Observed,0.00840339787046307
60,GBD_O3,Enterobacter_hormaechei,O3,Delta_SNV_Density,FALSE,Observed,-0.00508550772692044
61,GBD_O3,Klebsiella_pneumoniae,O3,Delta_SNV_Density,FALSE,Observed,-0.006335438224021798
62,GBD_O3,Shigella_dysenteriae,O3,Delta_SNV_Density,FALSE,Observed,0.002503527084504053
63,GBD_O3,Pseudomonas_alcaligenes,O3,Delta_SNV_Density,FALSE,Observed,0.005900635566534772
64,GBD_O3,Shigella_boydii,O3,Delta_SNV_Density,FALSE,Observed,-0.002072364910302865
65,GBD_O3,Nocardia_farcinica,O3,Delta_SNV_Density,FALSE,Observed,0.001748156172008396
66,GBD_O3,Chryseobacterium_gleum,O3,Delta_SNV_Density,FALSE,Observed,-0.005493219329540176
67,GBD_O3,Aeromonas_hydrophila,O3,Delta_SNV_Density,FALSE,Observed,-0.004215453515350995
68,GBD_O3,Ralstonia_solanacearum,O3,Delta_SNV_Density,FALSE,Observed,0.00126576579101592
69,GBD_O3,Enterobacter_roggenkampii,O3,Delta_SNV_Density,FALSE,Observed,-0.003469389879218293
70,GBD_O3,Staphylococcus_aureus,O3,Delta_SNV_Density,FALSE,Observed,-0.004253266420000844
71,GBD_O3,Mycobacterium_kansasii,O3,Delta_SNV_Density,FALSE,Observed,6.081589386896729e-4
72,GBD_O3,Laribacter_hongkongensis,O3,Delta_SNV_Density,FALSE,Observed,9.645350121386731e-4
73,GBD_O3,Mycobacterium_xenopi,O3,Delta_SNV_Density,FALSE,Observed,3.808119520116011e-4
74,GBD_O3,Bacteroides_fragilis,O3,Delta_SNV_Density,FALSE,Observed,-1.907778010950646e-4
75,GBD_O3,Nocardia_brasiliensis,O3,Delta_SNV_Density,FALSE,Observed,0
76,GBD_O3,Legionella_longbeachae,O3,Delta_SNV_Density,FALSE,Observed,0
77,GBD_O3,Legionella_pneumophila,O3,Delta_SNV_Density,FALSE,Observed,0
78,GBD_O3,Pseudomonas_aeruginosa,O3,Delta_SNV_Density,FALSE,Observed,0
79,GBD_O3,Pseudomonas_mendocina,O3,Delta_SNV_Density,FALSE,Observed,0
80,GBD_O3,Pseudomonas_putida,O3,Delta_SNV_Density,FALSE,Observed,0
81,GBD_O3,Shigella_sonnei,O3,Delta_SNV_Density,FALSE,Observed,0
82,GBD_O3,Vibrio_cholerae,O3,Delta_SNV_Density,FALSE,Observed,0
83,GBD_UF,Aliarcobacter_cryaerophilus,UF,Delta_SNV_Density,FALSE,Observed,1.366003585759412
84,GBD_UF,Aeromonas_caviae,UF,Delta_SNV_Density,FALSE,Observed,0.1199265613348044
85,GBD_UF,Acinetobacter_lwoffii,UF,Delta_SNV_Density,FALSE,Observed,0.06207305289729517
86,GBD_UF,Enterobacter_hormaechei,UF,Delta_SNV_Density,FALSE,Observed,2.03420309076819e-4
87,GBD_UF,Bordetella_hinzii,UF,Delta_SNV_Density,FALSE,Observed,0.007350695942038372
88,GBD_UF,Escherichia_coli,UF,Delta_SNV_Density,FALSE,Observed,0.003223834649716198
89,GBD_UF,Klebsiella_pneumoniae,UF,Delta_SNV_Density,FALSE,Observed,0.006159453828910083
90,GBD_UF,Chryseobacterium_gleum,UF,Delta_SNV_Density,FALSE,Observed,0.006556423070741501
91,GBD_UF,Achromobacter_xylosoxidans,UF,Delta_SNV_Density,FALSE,Observed,0.004491471275592331
92,GBD_UF,Cupriavidus_metallidurans,UF,Delta_SNV_Density,FALSE,Observed,0.001449043305383702
93,GBD_UF,Shigella_boydii,UF,Delta_SNV_Density,FALSE,Observed,0.004351966311636018
94,GBD_UF,Aeromonas_hydrophila,UF,Delta_SNV_Density,FALSE,Observed,0.004636998866886095
95,GBD_UF,Enterobacter_roggenkampii,UF,Delta_SNV_Density,FALSE,Observed,-8.163270304043044e-4
96,GBD_UF,Staphylococcus_aureus,UF,Delta_SNV_Density,FALSE,Observed,0.005316583025001055
97,GBD_UF,Shigella_dysenteriae,UF,Delta_SNV_Density,FALSE,Observed,0.002696106091004365
98,GBD_UF,Nocardia_farcinica,UF,Delta_SNV_Density,FALSE,Observed,0
99,GBD_UF,Bacteroides_fragilis,UF,Delta_SNV_Density,FALSE,Observed,-3.815556021901291e-4
100,GBD_UF,Mycobacterium_xenopi,UF,Delta_SNV_Density,FALSE,Observed,1.904059760058005e-4
101,GBD_UF,Nocardia_brasiliensis,UF,Delta_SNV_Density,FALSE,Observed,1.119129925724466e-4
102,GBD_UF,Laribacter_hongkongensis,UF,Delta_SNV_Density,FALSE,Observed,0
103,GBD_UF,Legionella_longbeachae,UF,Delta_SNV_Density,FALSE,Observed,0
104,GBD_UF,Legionella_pneumophila,UF,Delta_SNV_Density,FALSE,Observed,0
105,GBD_UF,Mycobacterium_kansasii,UF,Delta_SNV_Density,FALSE,Observed,0
106,GBD_UF,Pseudomonas_aeruginosa,UF,Delta_SNV_Density,FALSE,Observed,0
107,GBD_UF,Pseudomonas_alcaligenes,UF,Delta_SNV_Density,FALSE,Observed,-4.538950435795979e-4
108,GBD_UF,Pseudomonas_mendocina,UF,Delta_SNV_Density,FALSE,Observed,0
109,GBD_UF,Pseudomonas_putida,UF,Delta_SNV_Density,FALSE,Observed,0
110,GBD_UF,Ralstonia_solanacearum,UF,Delta_SNV_Density,FALSE,Observed,0
111,GBD_UF,Shigella_sonnei,UF,Delta_SNV_Density,FALSE,Observed,0
112,GBD_UV_Cl,Aeromonas_caviae,UV_Cl,Delta_SNV_Density,FALSE,Observed,0.04077503085383351
113,GBD_UV_Cl,Bordetella_hinzii,UV_Cl,Delta_SNV_Density,FALSE,Observed,0.004768018989430294
114,GBD_UV_Cl,Aliarcobacter_cryaerophilus,UV_Cl,Delta_SNV_Density,FALSE,Observed,-0.608061318383183
115,GBD_UV_Cl,Acinetobacter_lwoffii,UV_Cl,Delta_SNV_Density,FALSE,Observed,-5.66877195409092e-4
116,GBD_UV_Cl,Achromobacter_xylosoxidans,UV_Cl,Delta_SNV_Density,FALSE,Observed,0.01144600744425142
117,GBD_UV_Cl,Enterobacter_hormaechei,UV_Cl,Delta_SNV_Density,FALSE,Observed,0.001017101545384088
118,GBD_UV_Cl,Escherichia_coli,UV_Cl,Delta_SNV_Density,FALSE,Observed,-0.00195383918164618
119,GBD_UV_Cl,Cupriavidus_metallidurans,UV_Cl,Delta_SNV_Density,FALSE,Observed,-0.005361460229919703
120,GBD_UV_Cl,Pseudomonas_putida,UV_Cl,Delta_SNV_Density,FALSE,Observed,0.01104487614389589
121,GBD_UV_Cl,Klebsiella_pneumoniae,UV_Cl,Delta_SNV_Density,FALSE,Observed,0.003871656692457766
122,GBD_UV_Cl,Nocardia_brasiliensis,UV_Cl,Delta_SNV_Density,FALSE,Observed,0.002685911821738718
123,GBD_UV_Cl,Aeromonas_hydrophila,UV_Cl,Delta_SNV_Density,FALSE,Observed,0.003583135488048347
124,GBD_UV_Cl,Nocardia_farcinica,UV_Cl,Delta_SNV_Density,FALSE,Observed,0.001112463018550798
125,GBD_UV_Cl,Shigella_boydii,UV_Cl,Delta_SNV_Density,FALSE,Observed,6.217094730908593e-4
126,GBD_UV_Cl,Shigella_sonnei,UV_Cl,Delta_SNV_Density,FALSE,Observed,0.002402882978998202
127,GBD_UV_Cl,Pseudomonas_alcaligenes,UV_Cl,Delta_SNV_Density,FALSE,Observed,-0.003631160348636782
128,GBD_UV_Cl,Staphylococcus_aureus,UV_Cl,Delta_SNV_Density,FALSE,Observed,0
129,GBD_UV_Cl,Laribacter_hongkongensis,UV_Cl,Delta_SNV_Density,FALSE,Observed,6.430233414257822e-4
130,GBD_UV_Cl,Mycobacterium_kansasii,UV_Cl,Delta_SNV_Density,FALSE,Observed,1.520397346724183e-4
131,GBD_UV_Cl,Shigella_dysenteriae,UV_Cl,Delta_SNV_Density,FALSE,Observed,-0.004429317149507171
132,GBD_UV_Cl,Enterobacter_roggenkampii,UV_Cl,Delta_SNV_Density,FALSE,Observed,-8.163270304043042e-4
133,GBD_UV_Cl,Mycobacterium_xenopi,UV_Cl,Delta_SNV_Density,FALSE,Observed,-1.904059760058005e-4
134,GBD_UV_Cl,Bacteroides_fragilis,UV_Cl,Delta_SNV_Density,FALSE,Observed,-3.815556021901291e-4
135,GBD_UV_Cl,Chryseobacterium_gleum,UV_Cl,Delta_SNV_Density,FALSE,Observed,-0.001594805611801987
136,GBD_UV_Cl,Legionella_longbeachae,UV_Cl,Delta_SNV_Density,FALSE,Observed,0
137,GBD_UV_Cl,Legionella_pneumophila,UV_Cl,Delta_SNV_Density,FALSE,Observed,0
138,GBD_UV_Cl,Pseudomonas_aeruginosa,UV_Cl,Delta_SNV_Density,FALSE,Observed,0
139,GBD_UV_Cl,Pseudomonas_mendocina,UV_Cl,Delta_SNV_Density,FALSE,Observed,0
140,GBD_UV_Cl,Ralstonia_solanacearum,UV_Cl,Delta_SNV_Density,FALSE,Observed,-0.00126576579101592
141,GBD_UV_Cl,Vibrio_cholerae,UV_Cl,Delta_SNV_Density,FALSE,Observed,0
142,HBZZ_Song_O3,Cupriavidus_metallidurans,O3,Delta_SNV_Density,FALSE,Observed,0.01144744211253126
143,HBZZ_Song_O3,Enterobacter_hormaechei,O3,Delta_SNV_Density,FALSE,Observed,0.02278307461660357
144,HBZZ_Song_O3,Aliarcobacter_cryaerophilus,O3,Delta_SNV_Density,FALSE,Observed,0.007114602009163607
145,HBZZ_Song_O3,Klebsiella_pneumoniae,O3,Delta_SNV_Density,FALSE,Observed,0.004399609877792916
146,HBZZ_Song_O3,Acinetobacter_lwoffii,O3,Delta_SNV_Density,FALSE,Observed,0.003117824574749985
147,HBZZ_Song_O3,Achromobacter_xylosoxidans,O3,Delta_SNV_Density,FALSE,Observed,0.001448861701803977
148,HBZZ_Song_O3,Aeromonas_hydrophila,O3,Delta_SNV_Density,FALSE,Observed,-0.002318499433443048
149,HBZZ_Song_O3,Shigella_boydii,O3,Delta_SNV_Density,FALSE,Observed,0.001865128419272579
150,HBZZ_Song_O3,Shigella_dysenteriae,O3,Delta_SNV_Density,FALSE,Observed,0.001925790065003118
151,HBZZ_Song_O3,Ralstonia_solanacearum,O3,Delta_SNV_Density,FALSE,Observed,0.001627413159877611
152,HBZZ_Song_O3,Chryseobacterium_gleum,O3,Delta_SNV_Density,FALSE,Observed,7.088024941342163e-4
153,HBZZ_Song_O3,Escherichia_coli,O3,Delta_SNV_Density,FALSE,Observed,3.907678363292364e-4
154,HBZZ_Song_O3,Aeromonas_caviae,O3,Delta_SNV_Density,FALSE,Observed,2.180482933360081e-4
155,HBZZ_Song_O3,Bordetella_hinzii,O3,Delta_SNV_Density,FALSE,Observed,1.98667457892929e-4
156,HBZZ_Song_O3,Bacteroides_fragilis,O3,Delta_SNV_Density,FALSE,Observed,0
157,HBZZ_Song_O3,Enterobacter_roggenkampii,O3,Delta_SNV_Density,FALSE,Observed,0
158,HBZZ_Song_O3,Laribacter_hongkongensis,O3,Delta_SNV_Density,FALSE,Observed,0
159,HBZZ_Song_O3,Legionella_longbeachae,O3,Delta_SNV_Density,FALSE,Observed,0
160,HBZZ_Song_O3,Legionella_pneumophila,O3,Delta_SNV_Density,FALSE,Observed,0
161,HBZZ_Song_O3,Mycobacterium_kansasii,O3,Delta_SNV_Density,FALSE,Observed,-1.520397346724182e-4
162,HBZZ_Song_O3,Mycobacterium_xenopi,O3,Delta_SNV_Density,FALSE,Observed,0
163,HBZZ_Song_O3,Nocardia_brasiliensis,O3,Delta_SNV_Density,FALSE,Observed,0
164,HBZZ_Song_O3,Nocardia_farcinica,O3,Delta_SNV_Density,FALSE,Observed,0
165,HBZZ_Song_O3,Pseudomonas_aeruginosa,O3,Delta_SNV_Density,FALSE,Observed,0
166,HBZZ_Song_O3,Pseudomonas_alcaligenes,O3,Delta_SNV_Density,FALSE,Observed,0
167,HBZZ_Song_O3,Pseudomonas_mendocina,O3,Delta_SNV_Density,FALSE,Observed,0
168,HBZZ_Song_O3,Pseudomonas_putida,O3,Delta_SNV_Density,FALSE,Observed,0
169,HBZZ_Song_O3,Shigella_sonnei,O3,Delta_SNV_Density,FALSE,Observed,0
170,HBZZ_Song_O3,Staphylococcus_aureus,O3,Delta_SNV_Density,FALSE,Observed,0
171,HBZZ_West_Cl,Pseudomonas_alcaligenes,Cl,Delta_SNV_Density,FALSE,Observed,-0.09713353932603395
172,HBZZ_West_Cl,Pseudomonas_putida,Cl,Delta_SNV_Density,FALSE,Observed,0.03053583404488865
173,HBZZ_West_Cl,Enterobacter_hormaechei,Cl,Delta_SNV_Density,FALSE,Observed,0.01647704503522223
174,HBZZ_West_Cl,Cupriavidus_metallidurans,Cl,Delta_SNV_Density,FALSE,Observed,-0.03839964759266813
175,HBZZ_West_Cl,Achromobacter_xylosoxidans,Cl,Delta_SNV_Density,FALSE,Observed,-0.1479287797541861
176,HBZZ_West_Cl,Klebsiella_pneumoniae,Cl,Delta_SNV_Density,FALSE,Observed,-0.06880989848868121
177,HBZZ_West_Cl,Pseudomonas_mendocina,Cl,Delta_SNV_Density,FALSE,Observed,0.003722679718878118
178,HBZZ_West_Cl,Pseudomonas_aeruginosa,Cl,Delta_SNV_Density,FALSE,Observed,0.002234849476502473
179,HBZZ_West_Cl,Shigella_boydii,Cl,Delta_SNV_Density,FALSE,Observed,-0.01512826384521092
180,HBZZ_West_Cl,Shigella_dysenteriae,Cl,Delta_SNV_Density,FALSE,Observed,-0.02022079568253273
181,HBZZ_West_Cl,Acinetobacter_lwoffii,Cl,Delta_SNV_Density,FALSE,Observed,-0.0680252634490906
182,HBZZ_West_Cl,Aeromonas_caviae,Cl,Delta_SNV_Density,FALSE,Observed,0
183,HBZZ_West_Cl,Aeromonas_hydrophila,Cl,Delta_SNV_Density,FALSE,Observed,0
184,HBZZ_West_Cl,Aliarcobacter_cryaerophilus,Cl,Delta_SNV_Density,FALSE,Observed,0
185,HBZZ_West_Cl,Bordetella_hinzii,Cl,Delta_SNV_Density,FALSE,Observed,-0.02066141562086461
186,HBZZ_West_Cl,Chryseobacterium_gleum,Cl,Delta_SNV_Density,FALSE,Observed,-0.02179567669462715
187,HBZZ_West_Cl,Enterobacter_roggenkampii,Cl,Delta_SNV_Density,FALSE,Observed,0
188,HBZZ_West_Cl,Escherichia_coli,Cl,Delta_SNV_Density,FALSE,Observed,0
189,HBZZ_West_Cl,Laribacter_hongkongensis,Cl,Delta_SNV_Density,FALSE,Observed,0
190,HBZZ_West_Cl,Ralstonia_solanacearum,Cl,Delta_SNV_Density,FALSE,Observed,-0.01193436317243582
191,HBZZ_West_Cl,Shigella_sonnei,Cl,Delta_SNV_Density,FALSE,Observed,-0.006207447695745355
192,JXQ_Cl,Aliarcobacter_cryaerophilus,Cl,Delta_SNV_Density,FALSE,Observed,0.8134361630477059
193,JXQ_Cl,Escherichia_coli,Cl,Delta_SNV_Density,FALSE,Observed,0.001953839181646181
194,JXQ_Cl,Klebsiella_pneumoniae,Cl,Delta_SNV_Density,FALSE,Observed,0.005631500643574932
195,JXQ_Cl,Acinetobacter_lwoffii,Cl,Delta_SNV_Density,FALSE,Observed,-0.004535017563272707
196,JXQ_Cl,Enterobacter_hormaechei,Cl,Delta_SNV_Density,FALSE,Observed,0.004882087417843623
197,JXQ_Cl,Aeromonas_caviae,Cl,Delta_SNV_Density,FALSE,Observed,0.003924869280048145
198,JXQ_Cl,Cupriavidus_metallidurans,Cl,Delta_SNV_Density,FALSE,Observed,0.002318469288613925
199,JXQ_Cl,Shigella_boydii,Cl,Delta_SNV_Density,FALSE,Observed,0.003108547365454298
200,JXQ_Cl,Bacteroides_fragilis,Cl,Delta_SNV_Density,FALSE,Observed,0.003243222618616098
201,JXQ_Cl,Enterobacter_roggenkampii,Cl,Delta_SNV_Density,FALSE,Observed,0.001428572303207533
202,JXQ_Cl,Achromobacter_xylosoxidans,Cl,Delta_SNV_Density,FALSE,Observed,2.897723403607956e-4
203,JXQ_Cl,Legionella_longbeachae,Cl,Delta_SNV_Density,FALSE,Observed,0.001205063774385068
204,JXQ_Cl,Staphylococcus_aureus,Cl,Delta_SNV_Density,FALSE,Observed,0.001063316605000211
205,JXQ_Cl,Bordetella_hinzii,Cl,Delta_SNV_Density,FALSE,Observed,3.973349157858579e-4
206,JXQ_Cl,Laribacter_hongkongensis,Cl,Delta_SNV_Density,FALSE,Observed,6.43023341425782e-4
207,JXQ_Cl,Shigella_dysenteriae,Cl,Delta_SNV_Density,FALSE,Observed,-0.001348053045502182
208,JXQ_Cl,Aeromonas_hydrophila,Cl,Delta_SNV_Density,FALSE,Observed,0
209,JXQ_Cl,Chryseobacterium_gleum,Cl,Delta_SNV_Density,FALSE,Observed,-0.001063203741201324
210,JXQ_Cl,Legionella_pneumophila,Cl,Delta_SNV_Density,FALSE,Observed,0
211,JXQ_Cl,Mycobacterium_kansasii,Cl,Delta_SNV_Density,FALSE,Observed,0
212,JXQ_Cl,Mycobacterium_xenopi,Cl,Delta_SNV_Density,FALSE,Observed,0
213,JXQ_Cl,Nocardia_farcinica,Cl,Delta_SNV_Density,FALSE,Observed,0
214,JXQ_Cl,Pseudomonas_aeruginosa,Cl,Delta_SNV_Density,FALSE,Observed,0
215,JXQ_Cl,Pseudomonas_alcaligenes,Cl,Delta_SNV_Density,FALSE,Observed,0
216,JXQ_Cl,Pseudomonas_mendocina,Cl,Delta_SNV_Density,FALSE,Observed,0
217,JXQ_Cl,Pseudomonas_putida,Cl,Delta_SNV_Density,FALSE,Observed,0
218,JXQ_Cl,Ralstonia_solanacearum,Cl,Delta_SNV_Density,FALSE,Observed,0
219,JXQ_Cl,Shigella_sonnei,Cl,Delta_SNV_Density,FALSE,Observed,0
220,JXQ_O3,Aliarcobacter_cryaerophilus,O3,Delta_SNV_Density,FALSE,Observed,0.02561256723298899
221,JXQ_O3,Acinetobacter_lwoffii,O3,Delta_SNV_Density,FALSE,Observed,-0.001984070183931809
222,JXQ_O3,Achromobacter_xylosoxidans,O3,Delta_SNV_Density,FALSE,Observed,-0.006374991487937501
223,JXQ_O3,Enterobacter_hormaechei,O3,Delta_SNV_Density,FALSE,Observed,-4.068406181536345e-4
224,JXQ_O3,Cupriavidus_metallidurans,O3,Delta_SNV_Density,FALSE,Observed,-5.796173221534816e-4
225,JXQ_O3,Bordetella_hinzii,O3,Delta_SNV_Density,FALSE,Observed,-0.004966686447323224
226,JXQ_O3,Escherichia_coli,O3,Delta_SNV_Density,FALSE,Observed,0
227,JXQ_O3,Aeromonas_caviae,O3,Delta_SNV_Density,FALSE,Observed,8.721931733440323e-4
228,JXQ_O3,Klebsiella_pneumoniae,O3,Delta_SNV_Density,FALSE,Observed,-0.003167719112010899
229,JXQ_O3,Shigella_boydii,O3,Delta_SNV_Density,FALSE,Observed,-0.002279601401333152
230,JXQ_O3,Staphylococcus_aureus,O3,Delta_SNV_Density,FALSE,Observed,0.001063316605000211
231,JXQ_O3,Legionella_longbeachae,O3,Delta_SNV_Density,FALSE,Observed,-4.820255097540272e-4
232,JXQ_O3,Aeromonas_hydrophila,O3,Delta_SNV_Density,FALSE,Observed,0
233,JXQ_O3,Bacteroides_fragilis,O3,Delta_SNV_Density,FALSE,Observed,0
234,JXQ_O3,Chryseobacterium_gleum,O3,Delta_SNV_Density,FALSE,Observed,0
235,JXQ_O3,Enterobacter_roggenkampii,O3,Delta_SNV_Density,FALSE,Observed,0
236,JXQ_O3,Laribacter_hongkongensis,O3,Delta_SNV_Density,FALSE,Observed,0
237,JXQ_O3,Legionella_pneumophila,O3,Delta_SNV_Density,FALSE,Observed,0
238,JXQ_O3,Mycobacterium_kansasii,O3,Delta_SNV_Density,FALSE,Observed,0
239,JXQ_O3,Mycobacterium_xenopi,O3,Delta_SNV_Density,FALSE,Observed,0
240,JXQ_O3,Nocardia_brasiliensis,O3,Delta_SNV_Density,FALSE,Observed,0
241,JXQ_O3,Nocardia_farcinica,O3,Delta_SNV_Density,FALSE,Observed,0
242,JXQ_O3,Pseudomonas_aeruginosa,O3,Delta_SNV_Density,FALSE,Observed,0
243,JXQ_O3,Pseudomonas_alcaligenes,O3,Delta_SNV_Density,FALSE,Observed,-9.077900871591958e-4
244,JXQ_O3,Pseudomonas_mendocina,O3,Delta_SNV_Density,FALSE,Observed,0
245,JXQ_O3,Pseudomonas_putida,O3,Delta_SNV_Density,FALSE,Observed,0
246,JXQ_O3,Ralstonia_solanacearum,O3,Delta_SNV_Density,FALSE,Observed,0
247,JXQ_O3,Shigella_dysenteriae,O3,Delta_SNV_Density,FALSE,Observed,0
248,JXQ_O3,Shigella_sonnei,O3,Delta_SNV_Density,FALSE,Observed,0
249,SZBH_UV_Cl,Pseudomonas_alcaligenes,UV_Cl,Delta_SNV_Density,FALSE,Observed,-0.3569884517753538
250,SZBH_UV_Cl,Klebsiella_pneumoniae,UV_Cl,Delta_SNV_Density,FALSE,Observed,-0.04663586470460492
251,SZBH_UV_Cl,Pseudomonas_mendocina,UV_Cl,Delta_SNV_Density,FALSE,Observed,0.02121927439760528
252,SZBH_UV_Cl,Pseudomonas_aeruginosa,UV_Cl,Delta_SNV_Density,FALSE,Observed,0.03017046793278339
253,SZBH_UV_Cl,Shigella_boydii,UV_Cl,Delta_SNV_Density,FALSE,Observed,-0.006631567712969175
254,SZBH_UV_Cl,Aeromonas_hydrophila,UV_Cl,Delta_SNV_Density,FALSE,Observed,-0.2609365726002266
255,SZBH_UV_Cl,Cupriavidus_metallidurans,UV_Cl,Delta_SNV_Density,FALSE,Observed,-0.01695380667298933
256,SZBH_UV_Cl,Shigella_sonnei,UV_Cl,Delta_SNV_Density,FALSE,Observed,0.005806967199245656
257,SZBH_UV_Cl,Acinetobacter_lwoffii,UV_Cl,Delta_SNV_Density,FALSE,Observed,-0.1479549480017721
258,SZBH_UV_Cl,Enterobacter_hormaechei,UV_Cl,Delta_SNV_Density,FALSE,Observed,-0.01240863885368587
259,SZBH_UV_Cl,Achromobacter_xylosoxidans,UV_Cl,Delta_SNV_Density,FALSE,Observed,-0.06128684998630826
260,SZBH_UV_Cl,Bordetella_hinzii,UV_Cl,Delta_SNV_Density,FALSE,Observed,-0.01450272442618382
261,SZBH_UV_Cl,Pseudomonas_putida,UV_Cl,Delta_SNV_Density,FALSE,Observed,0.001461821842574457
262,SZBH_UV_Cl,Ralstonia_solanacearum,UV_Cl,Delta_SNV_Density,FALSE,Observed,0.003074002635324377
263,SZBH_UV_Cl,Shigella_dysenteriae,UV_Cl,Delta_SNV_Density,FALSE,Observed,-0.01713953157852775
264,SZBH_UV_Cl,Chryseobacterium_gleum,UV_Cl,Delta_SNV_Density,FALSE,Observed,-0.004961617458939515
265,SZBH_UV_Cl,Enterobacter_roggenkampii,UV_Cl,Delta_SNV_Density,FALSE,Observed,-0.01918368521450115
266,SZBH_UV_Cl,Aeromonas_caviae,UV_Cl,Delta_SNV_Density,FALSE,Observed,-0.08416664122769911
267,SZBH_UV_Cl,Aliarcobacter_cryaerophilus,UV_Cl,Delta_SNV_Density,FALSE,Observed,-5.490575523871861
268,SZBH_UV_Cl,Bacteroides_fragilis,UV_Cl,Delta_SNV_Density,FALSE,Observed,-1.907778010950646e-4
269,SZBH_UV_Cl,Escherichia_coli,UV_Cl,Delta_SNV_Density,FALSE,Observed,-0.01123457529446554
270,SZBH_UV_Cl,Laribacter_hongkongensis,UV_Cl,Delta_SNV_Density,FALSE,Observed,-6.43023341425782e-4
271,SZBH_UV_Cl,Legionella_pneumophila,UV_Cl,Delta_SNV_Density,FALSE,Observed,0
272,SZBH_UV_Cl,Mycobacterium_kansasii,UV_Cl,Delta_SNV_Density,FALSE,Observed,0
273,SZBH_UV_Cl,Mycobacterium_xenopi,UV_Cl,Delta_SNV_Density,FALSE,Observed,0
274,SZBH_UV_Cl,Nocardia_brasiliensis,UV_Cl,Delta_SNV_Density,FALSE,Observed,0
275,SZBH_UV_Cl,Nocardia_farcinica,UV_Cl,Delta_SNV_Density,FALSE,Observed,0
276,SZBH_UV_Cl,Staphylococcus_aureus,UV_Cl,Delta_SNV_Density,FALSE,Observed,-0.01063316605000211
277,SZBH_UV_Cl,Vibrio_cholerae,UV_Cl,Delta_SNV_Density,FALSE,Observed,0
278,SZFX_UV,Aeromonas_hydrophila,UV,Delta_SNV_Density,FALSE,Observed,0.3277515108185398
279,SZFX_UV,Aliarcobacter_cryaerophilus,UV,Delta_SNV_Density,FALSE,Observed,-0.01138336321466177
280,SZFX_UV,Aeromonas_caviae,UV,Delta_SNV_Density,FALSE,Observed,0.01068436637346439
281,SZFX_UV,Enterobacter_hormaechei,UV,Delta_SNV_Density,FALSE,Observed,-0.001830782781691359
282,SZFX_UV,Escherichia_coli,UV,Delta_SNV_Density,FALSE,Observed,4.884597954115451e-4
283,SZFX_UV,Klebsiella_pneumoniae,UV,Delta_SNV_Density,FALSE,Observed,5.279531853351498e-4
284,SZFX_UV,Acinetobacter_lwoffii,UV,Delta_SNV_Density,FALSE,Observed,5.668771954090894e-4
285,SZFX_UV,Cupriavidus_metallidurans,UV,Delta_SNV_Density,FALSE,Observed,0.001014330313768592
286,SZFX_UV,Bacteroides_fragilis,UV,Delta_SNV_Density,FALSE,Observed,3.815556021901291e-4
287,SZFX_UV,Achromobacter_xylosoxidans,UV,Delta_SNV_Density,FALSE,Observed,0.001014203191262784
288,SZFX_UV,Shigella_boydii,UV,Delta_SNV_Density,FALSE,Observed,-0.003108547365454298
289,SZFX_UV,Shigella_dysenteriae,UV,Delta_SNV_Density,FALSE,Observed,-0.002310948078003742
290,SZFX_UV,Pseudomonas_alcaligenes,UV,Delta_SNV_Density,FALSE,Observed,4.538950435795979e-4
291,SZFX_UV,Staphylococcus_aureus,UV,Delta_SNV_Density,FALSE,Observed,3.544388683334036e-4
292,SZFX_UV,Bordetella_hinzii,UV,Delta_SNV_Density,FALSE,Observed,0
293,SZFX_UV,Chryseobacterium_gleum,UV,Delta_SNV_Density,FALSE,Observed,0
294,SZFX_UV,Enterobacter_roggenkampii,UV,Delta_SNV_Density,FALSE,Observed,0
295,SZFX_UV,Laribacter_hongkongensis,UV,Delta_SNV_Density,FALSE,Observed,0
296,SZFX_UV,Legionella_longbeachae,UV,Delta_SNV_Density,FALSE,Observed,0
297,SZFX_UV,Legionella_pneumophila,UV,Delta_SNV_Density,FALSE,Observed,0
298,SZFX_UV,Mycobacterium_kansasii,UV,Delta_SNV_Density,FALSE,Observed,0
299,SZFX_UV,Mycobacterium_xenopi,UV,Delta_SNV_Density,FALSE,Observed,0
300,SZFX_UV,Nocardia_brasiliensis,UV,Delta_SNV_Density,FALSE,Observed,0
301,SZFX_UV,Nocardia_farcinica,UV,Delta_SNV_Density,FALSE,Observed,0
302,SZFX_UV,Pseudomonas_aeruginosa,UV,Delta_SNV_Density,FALSE,Observed,0
303,SZFX_UV,Pseudomonas_mendocina,UV,Delta_SNV_Density,FALSE,Observed,0
304,SZFX_UV,Pseudomonas_putida,UV,Delta_SNV_Density,FALSE,Observed,0
305,SZFX_UV,Ralstonia_solanacearum,UV,Delta_SNV_Density,FALSE,Observed,0
306,SZFX_UV,Shigella_sonnei,UV,Delta_SNV_Density,FALSE,Observed,-4.004804964997003e-4
307,SZFX_UV,Vibrio_cholerae,UV,Delta_SNV_Density,FALSE,Observed,0
308,SZSG_UV,Aliarcobacter_cryaerophilus,UV,Delta_SNV_Density,FALSE,Observed,-0.2343075595017882
309,SZSG_UV,Enterobacter_hormaechei,UV,Delta_SNV_Density,FALSE,Observed,0.003661565563382716
310,SZSG_UV,Escherichia_coli,UV,Delta_SNV_Density,FALSE,Observed,0.002735374854304654
311,SZSG_UV,Klebsiella_pneumoniae,UV,Delta_SNV_Density,FALSE,Observed,0.005631500643574933
312,SZSG_UV,Chryseobacterium_gleum,UV,Delta_SNV_Density,FALSE,Observed,-0.004075614341271743
313,SZSG_UV,Bordetella_hinzii,UV,Delta_SNV_Density,FALSE,Observed,0.005562688821002011
314,SZSG_UV,Aeromonas_caviae,UV,Delta_SNV_Density,FALSE,Observed,0.003052676106704113
315,SZSG_UV,Acinetobacter_lwoffii,UV,Delta_SNV_Density,FALSE,Observed,-0.001984070183931809
316,SZSG_UV,Shigella_boydii,UV,Delta_SNV_Density,FALSE,Observed,0.002279601401333152
317,SZSG_UV,Achromobacter_xylosoxidans,UV,Delta_SNV_Density,FALSE,Observed,-0.001448861701803978
318,SZSG_UV,Cupriavidus_metallidurans,UV,Delta_SNV_Density,FALSE,Observed,8.694259832302219e-4
319,SZSG_UV,Aeromonas_hydrophila,UV,Delta_SNV_Density,FALSE,Observed,-0.003583135488048346
320,SZSG_UV,Shigella_dysenteriae,UV,Delta_SNV_Density,FALSE,Observed,7.703160260012471e-4
321,SZSG_UV,Enterobacter_roggenkampii,UV,Delta_SNV_Density,FALSE,Observed,2.040817576010761e-4
322,SZSG_UV,Bacteroides_fragilis,UV,Delta_SNV_Density,FALSE,Observed,0
323,SZSG_UV,Laribacter_hongkongensis,UV,Delta_SNV_Density,FALSE,Observed,0
324,SZSG_UV,Legionella_longbeachae,UV,Delta_SNV_Density,FALSE,Observed,0
325,SZSG_UV,Legionella_pneumophila,UV,Delta_SNV_Density,FALSE,Observed,0
326,SZSG_UV,Mycobacterium_kansasii,UV,Delta_SNV_Density,FALSE,Observed,0
327,SZSG_UV,Mycobacterium_xenopi,UV,Delta_SNV_Density,FALSE,Observed,0
328,SZSG_UV,Nocardia_brasiliensis,UV,Delta_SNV_Density,FALSE,Observed,0
329,SZSG_UV,Nocardia_farcinica,UV,Delta_SNV_Density,FALSE,Observed,0
330,SZSG_UV,Pseudomonas_aeruginosa,UV,Delta_SNV_Density,FALSE,Observed,0
331,SZSG_UV,Pseudomonas_alcaligenes,UV,Delta_SNV_Density,FALSE,Observed,-0.001815580174318392
332,SZSG_UV,Pseudomonas_mendocina,UV,Delta_SNV_Density,FALSE,Observed,0
333,SZSG_UV,Pseudomonas_putida,UV,Delta_SNV_Density,FALSE,Observed,0
334,SZSG_UV,Ralstonia_solanacearum,UV,Delta_SNV_Density,FALSE,Observed,0
335,SZSG_UV,Shigella_sonnei,UV,Delta_SNV_Density,FALSE,Observed,0
336,SZSG_UV,Staphylococcus_aureus,UV,Delta_SNV_Density,FALSE,Observed,-0.002126633210000422
337,SZSG_UV,Vibrio_cholerae,UV,Delta_SNV_Density,FALSE,Observed,0
1,BXH_O3_Cl,Bordetella_hinzii,O3_Cl,Delta_Pi,FALSE,Observed,-0.006922909628701398
2,BXH_O3_Cl,Klebsiella_pneumoniae,O3_Cl,Delta_Pi,FALSE,Observed,-0.002985840805030599
3,BXH_O3_Cl,Cupriavidus_metallidurans,O3_Cl,Delta_Pi,FALSE,Observed,-0.0106417415603993
4,BXH_O3_Cl,Acinetobacter_lwoffii,O3_Cl,Delta_Pi,FALSE,Observed,-0.004989417747281901
5,BXH_O3_Cl,Enterobacter_hormaechei,O3_Cl,Delta_Pi,FALSE,Observed,-0.0019149983206168
6,BXH_O3_Cl,Shigella_boydii,O3_Cl,Delta_Pi,FALSE,Observed,0.0027135728479985
7,BXH_O3_Cl,Achromobacter_xylosoxidans,O3_Cl,Delta_Pi,TRUE,Disinfection_x_Pathogen_training_median,-0.001097056
8,BXH_O3_Cl,Aeromonas_caviae,O3_Cl,Delta_Pi,TRUE,Disinfection_x_Pathogen_training_median,3.48056e-4
9,BXH_O3_Cl,Aeromonas_hydrophila,O3_Cl,Delta_Pi,FALSE,Observed,-0.0060402388578646
10,BXH_O3_Cl,Aliarcobacter_cryaerophilus,O3_Cl,Delta_Pi,TRUE,Disinfection_x_Pathogen_training_median,-0.007866699
11,BXH_O3_Cl,Bacteroides_fragilis,O3_Cl,Delta_Pi,TRUE,Pathogen_training_median,0.002062903
12,BXH_O3_Cl,Chryseobacterium_gleum,O3_Cl,Delta_Pi,TRUE,Disinfection_x_Pathogen_training_median,-0.003486832
13,BXH_O3_Cl,Enterobacter_roggenkampii,O3_Cl,Delta_Pi,TRUE,Overall_training_median,-3.69344e-4
14,BXH_O3_Cl,Escherichia_coli,O3_Cl,Delta_Pi,TRUE,Disinfection_x_Pathogen_training_median,-0.002361572
15,BXH_O3_Cl,Laribacter_hongkongensis,O3_Cl,Delta_Pi,TRUE,Pathogen_training_median,-0.00464118
16,BXH_O3_Cl,Mycobacterium_kansasii,O3_Cl,Delta_Pi,TRUE,Disinfection_x_Pathogen_training_median,2.976e-4
17,BXH_O3_Cl,Mycobacterium_xenopi,O3_Cl,Delta_Pi,TRUE,Disinfection_x_Pathogen_training_median,0.001050456
18,BXH_O3_Cl,Nocardia_brasiliensis,O3_Cl,Delta_Pi,TRUE,Pathogen_training_median,-0.0012301175000000001
19,BXH_O3_Cl,Nocardia_farcinica,O3_Cl,Delta_Pi,TRUE,Disinfection_x_Pathogen_training_median,0.028487824
20,BXH_O3_Cl,Pseudomonas_aeruginosa,O3_Cl,Delta_Pi,TRUE,Pathogen_training_median,-0.01557333
21,BXH_O3_Cl,Pseudomonas_alcaligenes,O3_Cl,Delta_Pi,TRUE,Disinfection_x_Pathogen_training_median,-0.00352939
22,BXH_O3_Cl,Pseudomonas_mendocina,O3_Cl,Delta_Pi,TRUE,Pathogen_training_median,-0.027683937
23,BXH_O3_Cl,Pseudomonas_putida,O3_Cl,Delta_Pi,TRUE,Pathogen_training_median,-0.004547534
24,BXH_O3_Cl,Ralstonia_solanacearum,O3_Cl,Delta_Pi,TRUE,Disinfection_x_Pathogen_training_median,0.003208042
25,BXH_O3_Cl,Shigella_dysenteriae,O3_Cl,Delta_Pi,TRUE,Disinfection_x_Pathogen_training_median,5.8877e-4
26,BXH_O3_Cl,Shigella_sonnei,O3_Cl,Delta_Pi,TRUE,Disinfection_x_Pathogen_training_median,0.008633327
27,CZSC_UV,Acinetobacter_lwoffii,UV,Delta_Pi,FALSE,Observed,0.0132108607822436
28,CZSC_UV,Aliarcobacter_cryaerophilus,UV,Delta_Pi,FALSE,Observed,-0.001961160334163999
29,CZSC_UV,Enterobacter_hormaechei,UV,Delta_Pi,FALSE,Observed,0.001768022222038699
30,CZSC_UV,Escherichia_coli,UV,Delta_Pi,FALSE,Observed,-0.002427079466532199
31,CZSC_UV,Achromobacter_xylosoxidans,UV,Delta_Pi,FALSE,Observed,-0.0225043847619276
32,CZSC_UV,Shigella_boydii,UV,Delta_Pi,FALSE,Observed,0.0016386551890579
33,CZSC_UV,Aeromonas_caviae,UV,Delta_Pi,FALSE,Observed,-0.0013593644470014
34,CZSC_UV,Cupriavidus_metallidurans,UV,Delta_Pi,FALSE,Observed,-0.0032138683783268
35,CZSC_UV,Shigella_dysenteriae,UV,Delta_Pi,FALSE,Observed,2.470306980978006e-4
36,CZSC_UV,Bacteroides_fragilis,UV,Delta_Pi,FALSE,Observed,-5.186664249663998e-4
37,CZSC_UV,Klebsiella_pneumoniae,UV,Delta_Pi,FALSE,Observed,-0.0019688012044717
38,CZSC_UV,Staphylococcus_aureus,UV,Delta_Pi,FALSE,Observed,0.001575062842492198
39,CZSC_UV,Aeromonas_hydrophila,UV,Delta_Pi,TRUE,Disinfection_x_Pathogen_training_median,-0.002081771
40,CZSC_UV,Bordetella_hinzii,UV,Delta_Pi,TRUE,Disinfection_x_Pathogen_training_median,0.0012668624999999998
41,CZSC_UV,Chryseobacterium_gleum,UV,Delta_Pi,TRUE,Disinfection_x_Pathogen_training_median,-1.61157e-4
42,CZSC_UV,Enterobacter_roggenkampii,UV,Delta_Pi,TRUE,Overall_training_median,-3.69344e-4
43,CZSC_UV,Laribacter_hongkongensis,UV,Delta_Pi,TRUE,Disinfection_x_Pathogen_training_median,0.002883869
44,CZSC_UV,Legionella_pneumophila,UV,Delta_Pi,TRUE,Overall_training_median,-3.69344e-4
45,CZSC_UV,Nocardia_brasiliensis,UV,Delta_Pi,TRUE,Pathogen_training_median,-0.0012301175000000001
46,CZSC_UV,Pseudomonas_aeruginosa,UV,Delta_Pi,TRUE,Pathogen_training_median,-0.01557333
47,CZSC_UV,Pseudomonas_alcaligenes,UV,Delta_Pi,TRUE,Disinfection_x_Pathogen_training_median,0.0011166795000000004
48,CZSC_UV,Pseudomonas_mendocina,UV,Delta_Pi,TRUE,Pathogen_training_median,-0.027683937
49,CZSC_UV,Pseudomonas_putida,UV,Delta_Pi,TRUE,Pathogen_training_median,-0.004547534
50,CZSC_UV,Ralstonia_solanacearum,UV,Delta_Pi,TRUE,Pathogen_training_median,-0.0073013805
51,CZSC_UV,Shigella_sonnei,UV,Delta_Pi,TRUE,Disinfection_x_Pathogen_training_median,0.002191419
52,CZSC_UV,Vibrio_cholerae,UV,Delta_Pi,TRUE,Overall_training_median,-3.69344e-4
53,GBD_O3,Aliarcobacter_cryaerophilus,O3,Delta_Pi,FALSE,Observed,-0.0019206933971097
54,GBD_O3,Aeromonas_caviae,O3,Delta_Pi,FALSE,Observed,-5.702400264499981e-5
55,GBD_O3,Bordetella_hinzii,O3,Delta_Pi,FALSE,Observed,0.002329042188642501
56,GBD_O3,Acinetobacter_lwoffii,O3,Delta_Pi,FALSE,Observed,-0.0013042101740726
57,GBD_O3,Cupriavidus_metallidurans,O3,Delta_Pi,FALSE,Observed,0.005123608685964199
58,GBD_O3,Escherichia_coli,O3,Delta_Pi,FALSE,Observed,0.0019579465715178
59,GBD_O3,Achromobacter_xylosoxidans,O3,Delta_Pi,FALSE,Observed,-0.0042101412447062
60,GBD_O3,Enterobacter_hormaechei,O3,Delta_Pi,FALSE,Observed,-0.001048532906344601
61,GBD_O3,Klebsiella_pneumoniae,O3,Delta_Pi,FALSE,Observed,-2.980676449990003e-4
62,GBD_O3,Shigella_dysenteriae,O3,Delta_Pi,FALSE,Observed,-0.0011221378099736
63,GBD_O3,Pseudomonas_alcaligenes,O3,Delta_Pi,FALSE,Observed,0.0147309459978715
64,GBD_O3,Shigella_boydii,O3,Delta_Pi,FALSE,Observed,-8.678934732127995e-4
65,GBD_O3,Nocardia_farcinica,O3,Delta_Pi,FALSE,Observed,0.001174735471784
66,GBD_O3,Chryseobacterium_gleum,O3,Delta_Pi,FALSE,Observed,0.0019690903977618
67,GBD_O3,Aeromonas_hydrophila,O3,Delta_Pi,FALSE,Observed,-0.0087892968944075
68,GBD_O3,Ralstonia_solanacearum,O3,Delta_Pi,TRUE,Disinfection_x_Pathogen_training_median,-0.008427257
69,GBD_O3,Enterobacter_roggenkampii,O3,Delta_Pi,FALSE,Observed,0.0047530576837775
70,GBD_O3,Staphylococcus_aureus,O3,Delta_Pi,FALSE,Observed,0.007901659682333001
71,GBD_O3,Mycobacterium_kansasii,O3,Delta_Pi,FALSE,Observed,-2.155274160644998e-4
72,GBD_O3,Laribacter_hongkongensis,O3,Delta_Pi,FALSE,Observed,0.002215384703416
73,GBD_O3,Mycobacterium_xenopi,O3,Delta_Pi,FALSE,Observed,0.0023938668786985
74,GBD_O3,Bacteroides_fragilis,O3,Delta_Pi,FALSE,Observed,-0.0037445859973492
75,GBD_O3,Nocardia_brasiliensis,O3,Delta_Pi,FALSE,Observed,-0.0040469737285522
76,GBD_O3,Legionella_longbeachae,O3,Delta_Pi,TRUE,Disinfection_x_Pathogen_training_median,0.001261375
77,GBD_O3,Legionella_pneumophila,O3,Delta_Pi,TRUE,Overall_training_median,-3.69344e-4
78,GBD_O3,Pseudomonas_aeruginosa,O3,Delta_Pi,TRUE,Disinfection_x_Pathogen_training_median,0.0032892484999999996
79,GBD_O3,Pseudomonas_mendocina,O3,Delta_Pi,TRUE,Disinfection_x_Pathogen_training_median,-0.022161401499999997
80,GBD_O3,Pseudomonas_putida,O3,Delta_Pi,TRUE,Pathogen_training_median,-0.004547534
81,GBD_O3,Shigella_sonnei,O3,Delta_Pi,FALSE,Observed,-0.0043835615458553
82,GBD_O3,Vibrio_cholerae,O3,Delta_Pi,TRUE,Overall_training_median,-3.69344e-4
83,GBD_UF,Aliarcobacter_cryaerophilus,UF,Delta_Pi,FALSE,Observed,6.662972591515992e-4
84,GBD_UF,Aeromonas_caviae,UF,Delta_Pi,FALSE,Observed,3.940081825855e-4
85,GBD_UF,Acinetobacter_lwoffii,UF,Delta_Pi,FALSE,Observed,0.0026063660448391
86,GBD_UF,Enterobacter_hormaechei,UF,Delta_Pi,FALSE,Observed,-4.503145507877993e-4
87,GBD_UF,Bordetella_hinzii,UF,Delta_Pi,FALSE,Observed,-0.0011972552774410991
88,GBD_UF,Escherichia_coli,UF,Delta_Pi,FALSE,Observed,6.598471026217998e-4
89,GBD_UF,Klebsiella_pneumoniae,UF,Delta_Pi,FALSE,Observed,-0.0011948255869481
90,GBD_UF,Chryseobacterium_gleum,UF,Delta_Pi,FALSE,Observed,0.0014761918586607
91,GBD_UF,Achromobacter_xylosoxidans,UF,Delta_Pi,FALSE,Observed,1.713263379940003e-4
92,GBD_UF,Cupriavidus_metallidurans,UF,Delta_Pi,FALSE,Observed,-6.220011547088998e-4
93,GBD_UF,Shigella_boydii,UF,Delta_Pi,FALSE,Observed,0.002427555789453
94,GBD_UF,Aeromonas_hydrophila,UF,Delta_Pi,FALSE,Observed,-2.480295837866998e-4
95,GBD_UF,Enterobacter_roggenkampii,UF,Delta_Pi,FALSE,Observed,0.003844997657703001
96,GBD_UF,Staphylococcus_aureus,UF,Delta_Pi,FALSE,Observed,0.005053891143733799
97,GBD_UF,Shigella_dysenteriae,UF,Delta_Pi,FALSE,Observed,0.0054943637272308
98,GBD_UF,Nocardia_farcinica,UF,Delta_Pi,FALSE,Observed,-0.005337500412428701
99,GBD_UF,Bacteroides_fragilis,UF,Delta_Pi,FALSE,Observed,-0.0019237232903669
100,GBD_UF,Mycobacterium_xenopi,UF,Delta_Pi,FALSE,Observed,0.0012954842981864
101,GBD_UF,Nocardia_brasiliensis,UF,Delta_Pi,TRUE,Pathogen_training_median,-0.0012301175000000001
102,GBD_UF,Laribacter_hongkongensis,UF,Delta_Pi,FALSE,Observed,0
103,GBD_UF,Legionella_longbeachae,UF,Delta_Pi,TRUE,Pathogen_training_median,0.001261375
104,GBD_UF,Legionella_pneumophila,UF,Delta_Pi,TRUE,Overall_training_median,-3.69344e-4
105,GBD_UF,Mycobacterium_kansasii,UF,Delta_Pi,TRUE,Disinfection_x_Pathogen_training_median,-0.003322843
106,GBD_UF,Pseudomonas_aeruginosa,UF,Delta_Pi,TRUE,Pathogen_training_median,-0.01557333
107,GBD_UF,Pseudomonas_alcaligenes,UF,Delta_Pi,FALSE,Observed,-0.0478431372081532
108,GBD_UF,Pseudomonas_mendocina,UF,Delta_Pi,TRUE,Pathogen_training_median,-0.027683937
109,GBD_UF,Pseudomonas_putida,UF,Delta_Pi,TRUE,Pathogen_training_median,-0.004547534
110,GBD_UF,Ralstonia_solanacearum,UF,Delta_Pi,TRUE,Pathogen_training_median,-0.0073013805
111,GBD_UF,Shigella_sonnei,UF,Delta_Pi,TRUE,Disinfection_x_Pathogen_training_median,0.024296967
112,GBD_UV_Cl,Aeromonas_caviae,UV_Cl,Delta_Pi,FALSE,Observed,-4.969743376976006e-4
113,GBD_UV_Cl,Bordetella_hinzii,UV_Cl,Delta_Pi,FALSE,Observed,0.001166754844014399
114,GBD_UV_Cl,Aliarcobacter_cryaerophilus,UV_Cl,Delta_Pi,FALSE,Observed,-5.291515354939949e-5
115,GBD_UV_Cl,Acinetobacter_lwoffii,UV_Cl,Delta_Pi,FALSE,Observed,-7.586043405796994e-4
116,GBD_UV_Cl,Achromobacter_xylosoxidans,UV_Cl,Delta_Pi,FALSE,Observed,9.624590466473996e-4
117,GBD_UV_Cl,Enterobacter_hormaechei,UV_Cl,Delta_Pi,FALSE,Observed,-9.535715292958999e-4
118,GBD_UV_Cl,Escherichia_coli,UV_Cl,Delta_Pi,FALSE,Observed,-0.003218284943557401
119,GBD_UV_Cl,Cupriavidus_metallidurans,UV_Cl,Delta_Pi,FALSE,Observed,-0.0027401528876289
120,GBD_UV_Cl,Pseudomonas_putida,UV_Cl,Delta_Pi,TRUE,Disinfection_x_Pathogen_training_median,-0.004547534
121,GBD_UV_Cl,Klebsiella_pneumoniae,UV_Cl,Delta_Pi,FALSE,Observed,3.038925048193001e-4
122,GBD_UV_Cl,Nocardia_brasiliensis,UV_Cl,Delta_Pi,FALSE,Observed,0.0262013890068558
123,GBD_UV_Cl,Aeromonas_hydrophila,UV_Cl,Delta_Pi,FALSE,Observed,0.0018882942053054
124,GBD_UV_Cl,Nocardia_farcinica,UV_Cl,Delta_Pi,FALSE,Observed,0.004533328027428599
125,GBD_UV_Cl,Shigella_boydii,UV_Cl,Delta_Pi,FALSE,Observed,-6.505983976650039e-5
126,GBD_UV_Cl,Shigella_sonnei,UV_Cl,Delta_Pi,FALSE,Observed,0.0204284680045507
127,GBD_UV_Cl,Pseudomonas_alcaligenes,UV_Cl,Delta_Pi,FALSE,Observed,-0.0021929536512722
128,GBD_UV_Cl,Staphylococcus_aureus,UV_Cl,Delta_Pi,FALSE,Observed,-0.0154737376555941
129,GBD_UV_Cl,Laribacter_hongkongensis,UV_Cl,Delta_Pi,FALSE,Observed,0.005735137459448101
130,GBD_UV_Cl,Mycobacterium_kansasii,UV_Cl,Delta_Pi,FALSE,Observed,-0.0052824327439232
131,GBD_UV_Cl,Shigella_dysenteriae,UV_Cl,Delta_Pi,FALSE,Observed,-0.0038185233703811
132,GBD_UV_Cl,Enterobacter_roggenkampii,UV_Cl,Delta_Pi,FALSE,Observed,-0.014273372424357
133,GBD_UV_Cl,Mycobacterium_xenopi,UV_Cl,Delta_Pi,FALSE,Observed,-2.790591690529001e-4
134,GBD_UV_Cl,Bacteroides_fragilis,UV_Cl,Delta_Pi,FALSE,Observed,-0.0012674622988323
135,GBD_UV_Cl,Chryseobacterium_gleum,UV_Cl,Delta_Pi,TRUE,Disinfection_x_Pathogen_training_median,0.0028724220000000003
136,GBD_UV_Cl,Legionella_longbeachae,UV_Cl,Delta_Pi,TRUE,Pathogen_training_median,0.001261375
137,GBD_UV_Cl,Legionella_pneumophila,UV_Cl,Delta_Pi,TRUE,Overall_training_median,-3.69344e-4
138,GBD_UV_Cl,Pseudomonas_aeruginosa,UV_Cl,Delta_Pi,TRUE,Disinfection_x_Pathogen_training_median,-0.006330686
139,GBD_UV_Cl,Pseudomonas_mendocina,UV_Cl,Delta_Pi,TRUE,Disinfection_x_Pathogen_training_median,-0.005072229
140,GBD_UV_Cl,Ralstonia_solanacearum,UV_Cl,Delta_Pi,TRUE,Disinfection_x_Pathogen_training_median,-0.010645433
141,GBD_UV_Cl,Vibrio_cholerae,UV_Cl,Delta_Pi,TRUE,Overall_training_median,-3.69344e-4
142,HBZZ_Song_O3,Cupriavidus_metallidurans,O3,Delta_Pi,FALSE,Observed,7.926382413613996e-4
143,HBZZ_Song_O3,Enterobacter_hormaechei,O3,Delta_Pi,FALSE,Observed,0.004618713012135499
144,HBZZ_Song_O3,Aliarcobacter_cryaerophilus,O3,Delta_Pi,FALSE,Observed,-0.0013752817329849
145,HBZZ_Song_O3,Klebsiella_pneumoniae,O3,Delta_Pi,FALSE,Observed,9.177954202885001e-4
146,HBZZ_Song_O3,Acinetobacter_lwoffii,O3,Delta_Pi,FALSE,Observed,3.540910579633001e-4
147,HBZZ_Song_O3,Achromobacter_xylosoxidans,O3,Delta_Pi,FALSE,Observed,4.530474617488e-4
148,HBZZ_Song_O3,Aeromonas_hydrophila,O3,Delta_Pi,FALSE,Observed,-2.313293774965e-4
149,HBZZ_Song_O3,Shigella_boydii,O3,Delta_Pi,FALSE,Observed,0.0014478964962891
150,HBZZ_Song_O3,Shigella_dysenteriae,O3,Delta_Pi,FALSE,Observed,0.0040035607800206
151,HBZZ_Song_O3,Ralstonia_solanacearum,O3,Delta_Pi,TRUE,Disinfection_x_Pathogen_training_median,-0.008427257
152,HBZZ_Song_O3,Chryseobacterium_gleum,O3,Delta_Pi,FALSE,Observed,-6.000139927808e-4
153,HBZZ_Song_O3,Escherichia_coli,O3,Delta_Pi,FALSE,Observed,0.0054378218484823
154,HBZZ_Song_O3,Aeromonas_caviae,O3,Delta_Pi,FALSE,Observed,6.326643452574e-4
155,HBZZ_Song_O3,Bordetella_hinzii,O3,Delta_Pi,TRUE,Disinfection_x_Pathogen_training_median,-8.558999999999997e-6
156,HBZZ_Song_O3,Bacteroides_fragilis,O3,Delta_Pi,TRUE,Disinfection_x_Pathogen_training_median,0.003507403
157,HBZZ_Song_O3,Enterobacter_roggenkampii,O3,Delta_Pi,TRUE,Overall_training_median,-3.69344e-4
158,HBZZ_Song_O3,Laribacter_hongkongensis,O3,Delta_Pi,TRUE,Disinfection_x_Pathogen_training_median,-0.007648951000000001
159,HBZZ_Song_O3,Legionella_longbeachae,O3,Delta_Pi,TRUE,Disinfection_x_Pathogen_training_median,0.001261375
160,HBZZ_Song_O3,Legionella_pneumophila,O3,Delta_Pi,TRUE,Overall_training_median,-3.69344e-4
161,HBZZ_Song_O3,Mycobacterium_kansasii,O3,Delta_Pi,FALSE,Observed,0.0040440874265435
162,HBZZ_Song_O3,Mycobacterium_xenopi,O3,Delta_Pi,TRUE,Disinfection_x_Pathogen_training_median,0.001768678
163,HBZZ_Song_O3,Nocardia_brasiliensis,O3,Delta_Pi,FALSE,Observed,-3.714758958389e-4
164,HBZZ_Song_O3,Nocardia_farcinica,O3,Delta_Pi,TRUE,Disinfection_x_Pathogen_training_median,-0.0048749845
165,HBZZ_Song_O3,Pseudomonas_aeruginosa,O3,Delta_Pi,TRUE,Disinfection_x_Pathogen_training_median,0.0032892484999999996
166,HBZZ_Song_O3,Pseudomonas_alcaligenes,O3,Delta_Pi,TRUE,Disinfection_x_Pathogen_training_median,-0.012925217
167,HBZZ_Song_O3,Pseudomonas_mendocina,O3,Delta_Pi,TRUE,Disinfection_x_Pathogen_training_median,-0.022161401499999997
168,HBZZ_Song_O3,Pseudomonas_putida,O3,Delta_Pi,TRUE,Pathogen_training_median,-0.004547534
169,HBZZ_Song_O3,Shigella_sonnei,O3,Delta_Pi,TRUE,Disinfection_x_Pathogen_training_median,-0.018400723
170,HBZZ_Song_O3,Staphylococcus_aureus,O3,Delta_Pi,TRUE,Disinfection_x_Pathogen_training_median,8.466440000000001e-4
171,HBZZ_West_Cl,Pseudomonas_alcaligenes,Cl,Delta_Pi,FALSE,Observed,-0.002829298737006
172,HBZZ_West_Cl,Pseudomonas_putida,Cl,Delta_Pi,FALSE,Observed,0.0015130202157164
173,HBZZ_West_Cl,Enterobacter_hormaechei,Cl,Delta_Pi,FALSE,Observed,0.0026031159206578
174,HBZZ_West_Cl,Cupriavidus_metallidurans,Cl,Delta_Pi,FALSE,Observed,-0.010510916230353
175,HBZZ_West_Cl,Achromobacter_xylosoxidans,Cl,Delta_Pi,FALSE,Observed,-0.0114341368597534
176,HBZZ_West_Cl,Klebsiella_pneumoniae,Cl,Delta_Pi,FALSE,Observed,-1.117400239035995e-4
177,HBZZ_West_Cl,Pseudomonas_mendocina,Cl,Delta_Pi,FALSE,Observed,-0.0319829756785658
178,HBZZ_West_Cl,Pseudomonas_aeruginosa,Cl,Delta_Pi,TRUE,Disinfection_x_Pathogen_training_median,-0.018970205
179,HBZZ_West_Cl,Shigella_boydii,Cl,Delta_Pi,FALSE,Observed,1.54848773644e-4
180,HBZZ_West_Cl,Shigella_dysenteriae,Cl,Delta_Pi,FALSE,Observed,-0.0053281530142057
181,HBZZ_West_Cl,Acinetobacter_lwoffii,Cl,Delta_Pi,FALSE,Observed,0.0108797926065182
182,HBZZ_West_Cl,Aeromonas_caviae,Cl,Delta_Pi,TRUE,Disinfection_x_Pathogen_training_median,0.003075627
183,HBZZ_West_Cl,Aeromonas_hydrophila,Cl,Delta_Pi,TRUE,Disinfection_x_Pathogen_training_median,-0.004180187
184,HBZZ_West_Cl,Aliarcobacter_cryaerophilus,Cl,Delta_Pi,TRUE,Disinfection_x_Pathogen_training_median,0.001084375
185,HBZZ_West_Cl,Bordetella_hinzii,Cl,Delta_Pi,TRUE,Disinfection_x_Pathogen_training_median,-0.0087651775
186,HBZZ_West_Cl,Chryseobacterium_gleum,Cl,Delta_Pi,TRUE,Disinfection_x_Pathogen_training_median,-0.0049532665
187,HBZZ_West_Cl,Enterobacter_roggenkampii,Cl,Delta_Pi,TRUE,Overall_training_median,-3.69344e-4
188,HBZZ_West_Cl,Escherichia_coli,Cl,Delta_Pi,TRUE,Disinfection_x_Pathogen_training_median,0.001466039
189,HBZZ_West_Cl,Laribacter_hongkongensis,Cl,Delta_Pi,TRUE,Disinfection_x_Pathogen_training_median,-0.013092742000000001
190,HBZZ_West_Cl,Ralstonia_solanacearum,Cl,Delta_Pi,FALSE,Observed,-0.0278511068566514
191,HBZZ_West_Cl,Shigella_sonnei,Cl,Delta_Pi,TRUE,Disinfection_x_Pathogen_training_median,-0.003950617
192,JXQ_Cl,Aliarcobacter_cryaerophilus,Cl,Delta_Pi,FALSE,Observed,8.809524756795001e-4
193,JXQ_Cl,Escherichia_coli,Cl,Delta_Pi,FALSE,Observed,0.002646677426133399
194,JXQ_Cl,Klebsiella_pneumoniae,Cl,Delta_Pi,FALSE,Observed,-0.0010944097729671
195,JXQ_Cl,Acinetobacter_lwoffii,Cl,Delta_Pi,FALSE,Observed,-0.0012612111222341
196,JXQ_Cl,Enterobacter_hormaechei,Cl,Delta_Pi,FALSE,Observed,-3.435037020790999e-4
197,JXQ_Cl,Aeromonas_caviae,Cl,Delta_Pi,FALSE,Observed,8.509384356028002e-4
198,JXQ_Cl,Cupriavidus_metallidurans,Cl,Delta_Pi,FALSE,Observed,0.0021927760592477
199,JXQ_Cl,Shigella_boydii,Cl,Delta_Pi,FALSE,Observed,0.002256377683544
200,JXQ_Cl,Bacteroides_fragilis,Cl,Delta_Pi,FALSE,Observed,0.0028229415694065
201,JXQ_Cl,Enterobacter_roggenkampii,Cl,Delta_Pi,FALSE,Observed,-0.005845400062718899
202,JXQ_Cl,Achromobacter_xylosoxidans,Cl,Delta_Pi,FALSE,Observed,-0.0135419879624051
203,JXQ_Cl,Legionella_longbeachae,Cl,Delta_Pi,TRUE,Pathogen_training_median,0.001261375
204,JXQ_Cl,Staphylococcus_aureus,Cl,Delta_Pi,FALSE,Observed,0.0026564947882103
205,JXQ_Cl,Bordetella_hinzii,Cl,Delta_Pi,FALSE,Observed,-0.0718783231802403
206,JXQ_Cl,Laribacter_hongkongensis,Cl,Delta_Pi,FALSE,Observed,0.0080645161290322
207,JXQ_Cl,Shigella_dysenteriae,Cl,Delta_Pi,FALSE,Observed,-7.892979491467998e-4
208,JXQ_Cl,Aeromonas_hydrophila,Cl,Delta_Pi,TRUE,Disinfection_x_Pathogen_training_median,-0.004180187
209,JXQ_Cl,Chryseobacterium_gleum,Cl,Delta_Pi,TRUE,Disinfection_x_Pathogen_training_median,-0.0049532665
210,JXQ_Cl,Legionella_pneumophila,Cl,Delta_Pi,TRUE,Overall_training_median,-3.69344e-4
211,JXQ_Cl,Mycobacterium_kansasii,Cl,Delta_Pi,TRUE,Disinfection_x_Pathogen_training_median,7.40846e-4
212,JXQ_Cl,Mycobacterium_xenopi,Cl,Delta_Pi,TRUE,Pathogen_training_median,0.0018856765000000001
213,JXQ_Cl,Nocardia_farcinica,Cl,Delta_Pi,TRUE,Pathogen_training_median,0.001537609
214,JXQ_Cl,Pseudomonas_aeruginosa,Cl,Delta_Pi,TRUE,Disinfection_x_Pathogen_training_median,-0.018970205
215,JXQ_Cl,Pseudomonas_alcaligenes,Cl,Delta_Pi,TRUE,Disinfection_x_Pathogen_training_median,-0.017423625999999998
216,JXQ_Cl,Pseudomonas_mendocina,Cl,Delta_Pi,TRUE,Disinfection_x_Pathogen_training_median,-0.0377831135
217,JXQ_Cl,Pseudomonas_putida,Cl,Delta_Pi,TRUE,Pathogen_training_median,-0.004547534
218,JXQ_Cl,Ralstonia_solanacearum,Cl,Delta_Pi,TRUE,Disinfection_x_Pathogen_training_median,-0.016009231
219,JXQ_Cl,Shigella_sonnei,Cl,Delta_Pi,TRUE,Disinfection_x_Pathogen_training_median,-0.003950617
220,JXQ_O3,Aliarcobacter_cryaerophilus,O3,Delta_Pi,FALSE,Observed,0.0013659889011084
221,JXQ_O3,Acinetobacter_lwoffii,O3,Delta_Pi,FALSE,Observed,-7.127715024619996e-4
222,JXQ_O3,Achromobacter_xylosoxidans,O3,Delta_Pi,FALSE,Observed,-0.001662299915317
223,JXQ_O3,Enterobacter_hormaechei,O3,Delta_Pi,FALSE,Observed,2.671992520999001e-4
224,JXQ_O3,Cupriavidus_metallidurans,O3,Delta_Pi,FALSE,Observed,-0.0011894005434862
225,JXQ_O3,Bordetella_hinzii,O3,Delta_Pi,FALSE,Observed,-0.003155183112566101
226,JXQ_O3,Escherichia_coli,O3,Delta_Pi,FALSE,Observed,-0.002603271054179001
227,JXQ_O3,Aeromonas_caviae,O3,Delta_Pi,FALSE,Observed,3.611021014031999e-4
228,JXQ_O3,Klebsiella_pneumoniae,O3,Delta_Pi,FALSE,Observed,-0.0010079550139131
229,JXQ_O3,Shigella_boydii,O3,Delta_Pi,FALSE,Observed,-0.0017135255827406
230,JXQ_O3,Staphylococcus_aureus,O3,Delta_Pi,TRUE,Disinfection_x_Pathogen_training_median,8.466440000000001e-4
231,JXQ_O3,Legionella_longbeachae,O3,Delta_Pi,FALSE,Observed,-0.0103320681425799
232,JXQ_O3,Aeromonas_hydrophila,O3,Delta_Pi,TRUE,Disinfection_x_Pathogen_training_median,-3.69344e-4
233,JXQ_O3,Bacteroides_fragilis,O3,Delta_Pi,TRUE,Disinfection_x_Pathogen_training_median,0.003507403
234,JXQ_O3,Chryseobacterium_gleum,O3,Delta_Pi,TRUE,Disinfection_x_Pathogen_training_median,0.0033445009999999997
235,JXQ_O3,Enterobacter_roggenkampii,O3,Delta_Pi,FALSE,Observed,0
236,JXQ_O3,Laribacter_hongkongensis,O3,Delta_Pi,TRUE,Disinfection_x_Pathogen_training_median,-0.007648951000000001
237,JXQ_O3,Legionella_pneumophila,O3,Delta_Pi,TRUE,Overall_training_median,-3.69344e-4
238,JXQ_O3,Mycobacterium_kansasii,O3,Delta_Pi,TRUE,Disinfection_x_Pathogen_training_median,0.010082316
239,JXQ_O3,Mycobacterium_xenopi,O3,Delta_Pi,TRUE,Disinfection_x_Pathogen_training_median,0.001768678
240,JXQ_O3,Nocardia_brasiliensis,O3,Delta_Pi,TRUE,Disinfection_x_Pathogen_training_median,-0.0012301175000000001
241,JXQ_O3,Nocardia_farcinica,O3,Delta_Pi,TRUE,Disinfection_x_Pathogen_training_median,-0.0048749845
242,JXQ_O3,Pseudomonas_aeruginosa,O3,Delta_Pi,TRUE,Disinfection_x_Pathogen_training_median,0.0032892484999999996
243,JXQ_O3,Pseudomonas_alcaligenes,O3,Delta_Pi,TRUE,Disinfection_x_Pathogen_training_median,-0.012925217
244,JXQ_O3,Pseudomonas_mendocina,O3,Delta_Pi,TRUE,Disinfection_x_Pathogen_training_median,-0.022161401499999997
245,JXQ_O3,Pseudomonas_putida,O3,Delta_Pi,TRUE,Pathogen_training_median,-0.004547534
246,JXQ_O3,Ralstonia_solanacearum,O3,Delta_Pi,TRUE,Disinfection_x_Pathogen_training_median,-0.008427257
247,JXQ_O3,Shigella_dysenteriae,O3,Delta_Pi,FALSE,Observed,-0.0025179088524502
248,JXQ_O3,Shigella_sonnei,O3,Delta_Pi,TRUE,Disinfection_x_Pathogen_training_median,-0.018400723
249,SZBH_UV_Cl,Pseudomonas_alcaligenes,UV_Cl,Delta_Pi,FALSE,Observed,-0.0082253256809179
250,SZBH_UV_Cl,Klebsiella_pneumoniae,UV_Cl,Delta_Pi,FALSE,Observed,9.954215712807985e-4
251,SZBH_UV_Cl,Pseudomonas_mendocina,UV_Cl,Delta_Pi,FALSE,Observed,-0.0060556644544194
252,SZBH_UV_Cl,Pseudomonas_aeruginosa,UV_Cl,Delta_Pi,FALSE,Observed,-0.003057618978346001
253,SZBH_UV_Cl,Shigella_boydii,UV_Cl,Delta_Pi,FALSE,Observed,-4.220345508477996e-4
254,SZBH_UV_Cl,Aeromonas_hydrophila,UV_Cl,Delta_Pi,FALSE,Observed,-0.002735746859552
255,SZBH_UV_Cl,Cupriavidus_metallidurans,UV_Cl,Delta_Pi,FALSE,Observed,-0.0060422702420386
256,SZBH_UV_Cl,Shigella_sonnei,UV_Cl,Delta_Pi,FALSE,Observed,0.001440517873416099
257,SZBH_UV_Cl,Acinetobacter_lwoffii,UV_Cl,Delta_Pi,FALSE,Observed,-0.0017741091687479
258,SZBH_UV_Cl,Enterobacter_hormaechei,UV_Cl,Delta_Pi,FALSE,Observed,-0.0035880775770511
259,SZBH_UV_Cl,Achromobacter_xylosoxidans,UV_Cl,Delta_Pi,FALSE,Observed,-0.0040084148176527
260,SZBH_UV_Cl,Bordetella_hinzii,UV_Cl,Delta_Pi,FALSE,Observed,-0.008793345250699398
261,SZBH_UV_Cl,Pseudomonas_putida,UV_Cl,Delta_Pi,FALSE,Observed,-0.013813189639401
262,SZBH_UV_Cl,Ralstonia_solanacearum,UV_Cl,Delta_Pi,TRUE,Disinfection_x_Pathogen_training_median,-0.010645433
263,SZBH_UV_Cl,Shigella_dysenteriae,UV_Cl,Delta_Pi,FALSE,Observed,0.007774319614884901
264,SZBH_UV_Cl,Chryseobacterium_gleum,UV_Cl,Delta_Pi,FALSE,Observed,-0.0027257012916106
265,SZBH_UV_Cl,Enterobacter_roggenkampii,UV_Cl,Delta_Pi,FALSE,Observed,-0.004427420234197901
266,SZBH_UV_Cl,Aeromonas_caviae,UV_Cl,Delta_Pi,TRUE,Disinfection_x_Pathogen_training_median,5.567155e-4
267,SZBH_UV_Cl,Aliarcobacter_cryaerophilus,UV_Cl,Delta_Pi,FALSE,Observed,-0.0103826425520771
268,SZBH_UV_Cl,Bacteroides_fragilis,UV_Cl,Delta_Pi,TRUE,Disinfection_x_Pathogen_training_median,-0.004140476
269,SZBH_UV_Cl,Escherichia_coli,UV_Cl,Delta_Pi,FALSE,Observed,-0.0120656270690241
270,SZBH_UV_Cl,Laribacter_hongkongensis,UV_Cl,Delta_Pi,TRUE,Disinfection_x_Pathogen_training_median,-0.002876306
271,SZBH_UV_Cl,Legionella_pneumophila,UV_Cl,Delta_Pi,TRUE,Overall_training_median,-3.69344e-4
272,SZBH_UV_Cl,Mycobacterium_kansasii,UV_Cl,Delta_Pi,TRUE,Disinfection_x_Pathogen_training_median,-0.015368095
273,SZBH_UV_Cl,Mycobacterium_xenopi,UV_Cl,Delta_Pi,TRUE,Disinfection_x_Pathogen_training_median,0.002002675
274,SZBH_UV_Cl,Nocardia_brasiliensis,UV_Cl,Delta_Pi,TRUE,Disinfection_x_Pathogen_training_median,-0.0029837715
275,SZBH_UV_Cl,Nocardia_farcinica,UV_Cl,Delta_Pi,TRUE,Disinfection_x_Pathogen_training_median,0.009057302
276,SZBH_UV_Cl,Staphylococcus_aureus,UV_Cl,Delta_Pi,TRUE,Disinfection_x_Pathogen_training_median,-0.003119084
277,SZBH_UV_Cl,Vibrio_cholerae,UV_Cl,Delta_Pi,TRUE,Overall_training_median,-3.69344e-4
278,SZFX_UV,Aeromonas_hydrophila,UV,Delta_Pi,FALSE,Observed,-5.150878870470001e-4
279,SZFX_UV,Aliarcobacter_cryaerophilus,UV,Delta_Pi,FALSE,Observed,-9.565757158124999e-4
280,SZFX_UV,Aeromonas_caviae,UV,Delta_Pi,FALSE,Observed,-0.001527480954737701
281,SZFX_UV,Enterobacter_hormaechei,UV,Delta_Pi,FALSE,Observed,-0.0012663613654646
282,SZFX_UV,Escherichia_coli,UV,Delta_Pi,FALSE,Observed,-0.0022522957240203
283,SZFX_UV,Klebsiella_pneumoniae,UV,Delta_Pi,FALSE,Observed,5.996571324637001e-4
284,SZFX_UV,Acinetobacter_lwoffii,UV,Delta_Pi,FALSE,Observed,-1.902729452353999e-4
285,SZFX_UV,Cupriavidus_metallidurans,UV,Delta_Pi,FALSE,Observed,7.764694434698001e-4
286,SZFX_UV,Bacteroides_fragilis,UV,Delta_Pi,FALSE,Observed,-0.001234179484625
287,SZFX_UV,Achromobacter_xylosoxidans,UV,Delta_Pi,TRUE,Disinfection_x_Pathogen_training_median,0.003191495
288,SZFX_UV,Shigella_boydii,UV,Delta_Pi,FALSE,Observed,-0.0037387745935759
289,SZFX_UV,Shigella_dysenteriae,UV,Delta_Pi,FALSE,Observed,-0.005582153098508799
290,SZFX_UV,Pseudomonas_alcaligenes,UV,Delta_Pi,TRUE,Disinfection_x_Pathogen_training_median,0.0011166795000000004
291,SZFX_UV,Staphylococcus_aureus,UV,Delta_Pi,FALSE,Observed,-0.0124357692117097
292,SZFX_UV,Bordetella_hinzii,UV,Delta_Pi,TRUE,Disinfection_x_Pathogen_training_median,0.0012668624999999998
293,SZFX_UV,Chryseobacterium_gleum,UV,Delta_Pi,TRUE,Disinfection_x_Pathogen_training_median,-1.61157e-4
294,SZFX_UV,Enterobacter_roggenkampii,UV,Delta_Pi,TRUE,Overall_training_median,-3.69344e-4
295,SZFX_UV,Laribacter_hongkongensis,UV,Delta_Pi,TRUE,Disinfection_x_Pathogen_training_median,0.002883869
296,SZFX_UV,Legionella_longbeachae,UV,Delta_Pi,TRUE,Pathogen_training_median,0.001261375
297,SZFX_UV,Legionella_pneumophila,UV,Delta_Pi,TRUE,Overall_training_median,-3.69344e-4
298,SZFX_UV,Mycobacterium_kansasii,UV,Delta_Pi,TRUE,Pathogen_training_median,2.976e-4
299,SZFX_UV,Mycobacterium_xenopi,UV,Delta_Pi,TRUE,Pathogen_training_median,0.0018856765000000001
300,SZFX_UV,Nocardia_brasiliensis,UV,Delta_Pi,TRUE,Pathogen_training_median,-0.0012301175000000001
301,SZFX_UV,Nocardia_farcinica,UV,Delta_Pi,TRUE,Pathogen_training_median,0.001537609
302,SZFX_UV,Pseudomonas_aeruginosa,UV,Delta_Pi,TRUE,Pathogen_training_median,-0.01557333
303,SZFX_UV,Pseudomonas_mendocina,UV,Delta_Pi,TRUE,Pathogen_training_median,-0.027683937
304,SZFX_UV,Pseudomonas_putida,UV,Delta_Pi,TRUE,Pathogen_training_median,-0.004547534
305,SZFX_UV,Ralstonia_solanacearum,UV,Delta_Pi,TRUE,Pathogen_training_median,-0.0073013805
306,SZFX_UV,Shigella_sonnei,UV,Delta_Pi,FALSE,Observed,-0.0030769231227727
307,SZFX_UV,Vibrio_cholerae,UV,Delta_Pi,TRUE,Overall_training_median,-3.69344e-4
308,SZSG_UV,Aliarcobacter_cryaerophilus,UV,Delta_Pi,FALSE,Observed,-5.548145545214e-4
309,SZSG_UV,Enterobacter_hormaechei,UV,Delta_Pi,FALSE,Observed,3.034895576630005e-4
310,SZSG_UV,Escherichia_coli,UV,Delta_Pi,FALSE,Observed,0.004455847413656702
311,SZSG_UV,Klebsiella_pneumoniae,UV,Delta_Pi,FALSE,Observed,0.0012871799848422
312,SZSG_UV,Chryseobacterium_gleum,UV,Delta_Pi,FALSE,Observed,4.439362415030001e-5
313,SZSG_UV,Bordetella_hinzii,UV,Delta_Pi,FALSE,Observed,0.0133756930779495
314,SZSG_UV,Aeromonas_caviae,UV,Delta_Pi,FALSE,Observed,-2.393490480751999e-4
315,SZSG_UV,Acinetobacter_lwoffii,UV,Delta_Pi,FALSE,Observed,-9.415456549352998e-4
316,SZSG_UV,Shigella_boydii,UV,Delta_Pi,FALSE,Observed,0.0011852348551486
317,SZSG_UV,Achromobacter_xylosoxidans,UV,Delta_Pi,FALSE,Observed,2.827959713969999e-4
318,SZSG_UV,Cupriavidus_metallidurans,UV,Delta_Pi,FALSE,Observed,0.0015005003652915
319,SZSG_UV,Aeromonas_hydrophila,UV,Delta_Pi,FALSE,Observed,-0.0020821800843144
320,SZSG_UV,Shigella_dysenteriae,UV,Delta_Pi,FALSE,Observed,0.0025806901356028
321,SZSG_UV,Enterobacter_roggenkampii,UV,Delta_Pi,FALSE,Observed,0.003296354965627
322,SZSG_UV,Bacteroides_fragilis,UV,Delta_Pi,TRUE,Disinfection_x_Pathogen_training_median,0.0020092465
323,SZSG_UV,Laribacter_hongkongensis,UV,Delta_Pi,FALSE,Observed,0
324,SZSG_UV,Legionella_longbeachae,UV,Delta_Pi,TRUE,Pathogen_training_median,0.001261375
325,SZSG_UV,Legionella_pneumophila,UV,Delta_Pi,TRUE,Overall_training_median,-3.69344e-4
326,SZSG_UV,Mycobacterium_kansasii,UV,Delta_Pi,TRUE,Pathogen_training_median,2.976e-4
327,SZSG_UV,Mycobacterium_xenopi,UV,Delta_Pi,TRUE,Pathogen_training_median,0.0018856765000000001
328,SZSG_UV,Nocardia_brasiliensis,UV,Delta_Pi,TRUE,Pathogen_training_median,-0.0012301175000000001
329,SZSG_UV,Nocardia_farcinica,UV,Delta_Pi,TRUE,Pathogen_training_median,0.001537609
330,SZSG_UV,Pseudomonas_aeruginosa,UV,Delta_Pi,TRUE,Pathogen_training_median,-0.01557333
331,SZSG_UV,Pseudomonas_alcaligenes,UV,Delta_Pi,FALSE,Observed,-0.0138081109665266
332,SZSG_UV,Pseudomonas_mendocina,UV,Delta_Pi,TRUE,Pathogen_training_median,-0.027683937
333,SZSG_UV,Pseudomonas_putida,UV,Delta_Pi,TRUE,Pathogen_training_median,-0.004547534
334,SZSG_UV,Ralstonia_solanacearum,UV,Delta_Pi,TRUE,Pathogen_training_median,-0.0073013805
335,SZSG_UV,Shigella_sonnei,UV,Delta_Pi,TRUE,Disinfection_x_Pathogen_training_median,0.002191419
336,SZSG_UV,Staphylococcus_aureus,UV,Delta_Pi,TRUE,Disinfection_x_Pathogen_training_median,-0.007366537
337,SZSG_UV,Vibrio_cholerae,UV,Delta_Pi,TRUE,Overall_training_median,-3.69344e-4
1,BXH_O3_Cl,Bordetella_hinzii,O3_Cl,breadth_inf,FALSE,Observed,0.0039677864690375
2,BXH_O3_Cl,Klebsiella_pneumoniae,O3_Cl,breadth_inf,FALSE,Observed,0.0168212924223582
3,BXH_O3_Cl,Cupriavidus_metallidurans,O3_Cl,breadth_inf,FALSE,Observed,0.0045946265127105
4,BXH_O3_Cl,Acinetobacter_lwoffii,O3_Cl,breadth_inf,FALSE,Observed,0.0190759845027111
5,BXH_O3_Cl,Enterobacter_hormaechei,O3_Cl,breadth_inf,FALSE,Observed,0.005230139566674
6,BXH_O3_Cl,Shigella_boydii,O3_Cl,breadth_inf,FALSE,Observed,0.0120377460544762
7,BXH_O3_Cl,Achromobacter_xylosoxidans,O3_Cl,breadth_inf,FALSE,Observed,0.0168267900324109
8,BXH_O3_Cl,Aeromonas_caviae,O3_Cl,breadth_inf,FALSE,Observed,0.123593479483836
9,BXH_O3_Cl,Aeromonas_hydrophila,O3_Cl,breadth_inf,FALSE,Observed,0.0916311022905088
10,BXH_O3_Cl,Aliarcobacter_cryaerophilus,O3_Cl,breadth_inf,FALSE,Observed,0.110821783962738
11,BXH_O3_Cl,Bacteroides_fragilis,O3_Cl,breadth_inf,FALSE,Observed,0.0023728942900204
12,BXH_O3_Cl,Chryseobacterium_gleum,O3_Cl,breadth_inf,FALSE,Observed,0.005252403682158
13,BXH_O3_Cl,Enterobacter_roggenkampii,O3_Cl,breadth_inf,FALSE,Observed,0.0148865397264528
14,BXH_O3_Cl,Escherichia_coli,O3_Cl,breadth_inf,FALSE,Observed,0.0063419665997052
15,BXH_O3_Cl,Laribacter_hongkongensis,O3_Cl,breadth_inf,FALSE,Observed,0.0049564239157098
16,BXH_O3_Cl,Mycobacterium_kansasii,O3_Cl,breadth_inf,FALSE,Observed,0.0034569274472467
17,BXH_O3_Cl,Mycobacterium_xenopi,O3_Cl,breadth_inf,FALSE,Observed,8.54922832266e-4
18,BXH_O3_Cl,Nocardia_brasiliensis,O3_Cl,breadth_inf,FALSE,Observed,6.396946655441e-4
19,BXH_O3_Cl,Nocardia_farcinica,O3_Cl,breadth_inf,FALSE,Observed,0.0010751160457851
20,BXH_O3_Cl,Pseudomonas_aeruginosa,O3_Cl,breadth_inf,FALSE,Observed,0.0012326791183965
21,BXH_O3_Cl,Pseudomonas_alcaligenes,O3_Cl,breadth_inf,FALSE,Observed,0.698354290045741
22,BXH_O3_Cl,Pseudomonas_mendocina,O3_Cl,breadth_inf,FALSE,Observed,0.0032610674337371
23,BXH_O3_Cl,Pseudomonas_putida,O3_Cl,breadth_inf,FALSE,Observed,0.0065153399523543
24,BXH_O3_Cl,Ralstonia_solanacearum,O3_Cl,breadth_inf,FALSE,Observed,8.106325773034e-4
25,BXH_O3_Cl,Shigella_dysenteriae,O3_Cl,breadth_inf,FALSE,Observed,0.0072276826929631
26,BXH_O3_Cl,Shigella_sonnei,O3_Cl,breadth_inf,FALSE,Observed,0.0053498187124911
27,CZSC_UV,Acinetobacter_lwoffii,UV,breadth_inf,FALSE,Observed,0.256515332185784
28,CZSC_UV,Aliarcobacter_cryaerophilus,UV,breadth_inf,FALSE,Observed,0.613879165599476
29,CZSC_UV,Enterobacter_hormaechei,UV,breadth_inf,FALSE,Observed,0.0112399891780395
30,CZSC_UV,Escherichia_coli,UV,breadth_inf,FALSE,Observed,0.0454704292789834
31,CZSC_UV,Achromobacter_xylosoxidans,UV,breadth_inf,FALSE,Observed,0.0038738215321132
32,CZSC_UV,Shigella_boydii,UV,breadth_inf,FALSE,Observed,0.0563606578100698
33,CZSC_UV,Aeromonas_caviae,UV,breadth_inf,FALSE,Observed,0.173871491057839
34,CZSC_UV,Cupriavidus_metallidurans,UV,breadth_inf,FALSE,Observed,0.0017368233058328
35,CZSC_UV,Shigella_dysenteriae,UV,breadth_inf,FALSE,Observed,0.0298838324916988
36,CZSC_UV,Bacteroides_fragilis,UV,breadth_inf,FALSE,Observed,0.0436858271171566
37,CZSC_UV,Klebsiella_pneumoniae,UV,breadth_inf,FALSE,Observed,0.0299448007346292
38,CZSC_UV,Staphylococcus_aureus,UV,breadth_inf,FALSE,Observed,5.844696938817e-4
39,CZSC_UV,Aeromonas_hydrophila,UV,breadth_inf,FALSE,Observed,0.0275353423622727
40,CZSC_UV,Bordetella_hinzii,UV,breadth_inf,FALSE,Observed,0.0011425365503422
41,CZSC_UV,Chryseobacterium_gleum,UV,breadth_inf,FALSE,Observed,0.0078533544343835
42,CZSC_UV,Enterobacter_roggenkampii,UV,breadth_inf,FALSE,Observed,0.0107857208892168
43,CZSC_UV,Laribacter_hongkongensis,UV,breadth_inf,FALSE,Observed,0.0687584858986588
44,CZSC_UV,Legionella_pneumophila,UV,breadth_inf,FALSE,Observed,4.748994102035e-4
45,CZSC_UV,Nocardia_brasiliensis,UV,breadth_inf,FALSE,Observed,1.09674732720997e-5
46,CZSC_UV,Pseudomonas_aeruginosa,UV,breadth_inf,FALSE,Observed,3.00746886695e-4
47,CZSC_UV,Pseudomonas_alcaligenes,UV,breadth_inf,FALSE,Observed,0.0187967015447183
48,CZSC_UV,Pseudomonas_mendocina,UV,breadth_inf,FALSE,Observed,4.871126412151e-4
49,CZSC_UV,Pseudomonas_putida,UV,breadth_inf,FALSE,Observed,7.807752885839e-4
50,CZSC_UV,Ralstonia_solanacearum,UV,breadth_inf,FALSE,Observed,1.294697580524e-4
51,CZSC_UV,Shigella_sonnei,UV,breadth_inf,FALSE,Observed,0.0322136499371946
52,CZSC_UV,Vibrio_cholerae,UV,breadth_inf,FALSE,Observed,2.05876070338e-4
53,GBD_O3,Aliarcobacter_cryaerophilus,O3,breadth_inf,FALSE,Observed,0.49513218930533
54,GBD_O3,Aeromonas_caviae,O3,breadth_inf,FALSE,Observed,0.514828810284901
55,GBD_O3,Bordetella_hinzii,O3,breadth_inf,FALSE,Observed,0.0028075685149428
56,GBD_O3,Acinetobacter_lwoffii,O3,breadth_inf,FALSE,Observed,0.0243760028411884
57,GBD_O3,Cupriavidus_metallidurans,O3,breadth_inf,FALSE,Observed,0.0021516844041642
58,GBD_O3,Escherichia_coli,O3,breadth_inf,FALSE,Observed,0.075982558859161
59,GBD_O3,Achromobacter_xylosoxidans,O3,breadth_inf,FALSE,Observed,0.0072482204356146
60,GBD_O3,Enterobacter_hormaechei,O3,breadth_inf,FALSE,Observed,0.0270811423270876
61,GBD_O3,Klebsiella_pneumoniae,O3,breadth_inf,FALSE,Observed,0.102463218381499
62,GBD_O3,Shigella_dysenteriae,O3,breadth_inf,FALSE,Observed,0.0516196472183695
63,GBD_O3,Pseudomonas_alcaligenes,O3,breadth_inf,FALSE,Observed,0.0292369683896144
64,GBD_O3,Shigella_boydii,O3,breadth_inf,FALSE,Observed,0.0880508475454391
65,GBD_O3,Nocardia_farcinica,O3,breadth_inf,FALSE,Observed,9.889796234916e-4
66,GBD_O3,Chryseobacterium_gleum,O3,breadth_inf,FALSE,Observed,0.135099172986969
67,GBD_O3,Aeromonas_hydrophila,O3,breadth_inf,FALSE,Observed,0.0692042572708142
68,GBD_O3,Ralstonia_solanacearum,O3,breadth_inf,FALSE,Observed,2.330817292313e-4
69,GBD_O3,Enterobacter_roggenkampii,O3,breadth_inf,FALSE,Observed,0.099039448391499
70,GBD_O3,Staphylococcus_aureus,O3,breadth_inf,FALSE,Observed,3.66844228725e-4
71,GBD_O3,Mycobacterium_kansasii,O3,breadth_inf,FALSE,Observed,0.0010946860896413
72,GBD_O3,Laribacter_hongkongensis,O3,breadth_inf,FALSE,Observed,0.0679826782372286
73,GBD_O3,Mycobacterium_xenopi,O3,breadth_inf,FALSE,Observed,6.281493148431e-4
74,GBD_O3,Bacteroides_fragilis,O3,breadth_inf,FALSE,Observed,0.0377780109506457
75,GBD_O3,Nocardia_brasiliensis,O3,breadth_inf,FALSE,Observed,4.714894377077e-4
76,GBD_O3,Legionella_longbeachae,O3,breadth_inf,FALSE,Observed,2.607758007769e-4
77,GBD_O3,Legionella_pneumophila,O3,breadth_inf,FALSE,Observed,4.197535861652e-4
78,GBD_O3,Pseudomonas_aeruginosa,O3,breadth_inf,FALSE,Observed,2.657874555983e-4
79,GBD_O3,Pseudomonas_mendocina,O3,breadth_inf,FALSE,Observed,0.0011318807685248
80,GBD_O3,Pseudomonas_putida,O3,breadth_inf,FALSE,Observed,5.017297413013e-4
81,GBD_O3,Shigella_sonnei,O3,breadth_inf,FALSE,Observed,0.0604204925069097
82,GBD_O3,Vibrio_cholerae,O3,breadth_inf,FALSE,Observed,6.88669953595726e-5
83,GBD_UF,Aliarcobacter_cryaerophilus,UF,breadth_inf,FALSE,Observed,0.451452801730271
84,GBD_UF,Aeromonas_caviae,UF,breadth_inf,FALSE,Observed,0.417641415220643
85,GBD_UF,Acinetobacter_lwoffii,UF,breadth_inf,FALSE,Observed,0.0175887821805554
86,GBD_UF,Enterobacter_hormaechei,UF,breadth_inf,FALSE,Observed,0.0210137247682534
87,GBD_UF,Bordetella_hinzii,UF,breadth_inf,FALSE,Observed,0.0024960579409667
88,GBD_UF,Escherichia_coli,UF,breadth_inf,FALSE,Observed,0.0712902186805196
89,GBD_UF,Klebsiella_pneumoniae,UF,breadth_inf,FALSE,Observed,0.0922851608902134
90,GBD_UF,Chryseobacterium_gleum,UF,breadth_inf,FALSE,Observed,0.0336032630431619
91,GBD_UF,Achromobacter_xylosoxidans,UF,breadth_inf,FALSE,Observed,0.0055607312115236
92,GBD_UF,Cupriavidus_metallidurans,UF,breadth_inf,FALSE,Observed,0.001895928260764
93,GBD_UF,Shigella_boydii,UF,breadth_inf,FALSE,Observed,0.0805078537449188
94,GBD_UF,Aeromonas_hydrophila,UF,breadth_inf,FALSE,Observed,0.046212119934711
95,GBD_UF,Enterobacter_roggenkampii,UF,breadth_inf,FALSE,Observed,0.0950735275960372
96,GBD_UF,Staphylococcus_aureus,UF,breadth_inf,FALSE,Observed,3.888194385617e-4
97,GBD_UF,Shigella_dysenteriae,UF,breadth_inf,FALSE,Observed,0.044485750501572
98,GBD_UF,Nocardia_farcinica,UF,breadth_inf,FALSE,Observed,5.934195587526e-4
99,GBD_UF,Bacteroides_fragilis,UF,breadth_inf,FALSE,Observed,0.0323105099490622
100,GBD_UF,Mycobacterium_xenopi,UF,breadth_inf,FALSE,Observed,3.514894317066e-4
101,GBD_UF,Nocardia_brasiliensis,UF,breadth_inf,FALSE,Observed,2.155444236945e-4
102,GBD_UF,Laribacter_hongkongensis,UF,breadth_inf,FALSE,Observed,0.0477046156536958
103,GBD_UF,Legionella_longbeachae,UF,breadth_inf,FALSE,Observed,2.359514870245e-4
104,GBD_UF,Legionella_pneumophila,UF,breadth_inf,FALSE,Observed,1.557576200235e-4
105,GBD_UF,Mycobacterium_kansasii,UF,breadth_inf,FALSE,Observed,2.05557721277e-4
106,GBD_UF,Pseudomonas_aeruginosa,UF,breadth_inf,FALSE,Observed,1.393588280704e-4
107,GBD_UF,Pseudomonas_alcaligenes,UF,breadth_inf,FALSE,Observed,0.0161100967817706
108,GBD_UF,Pseudomonas_mendocina,UF,breadth_inf,FALSE,Observed,4.387178048696e-4
109,GBD_UF,Pseudomonas_putida,UF,breadth_inf,FALSE,Observed,4.67945414273e-4
110,GBD_UF,Ralstonia_solanacearum,UF,breadth_inf,FALSE,Observed,1.952895791852e-4
111,GBD_UF,Shigella_sonnei,UF,breadth_inf,FALSE,Observed,0.0530650674679479
112,GBD_UV_Cl,Aeromonas_caviae,UV_Cl,breadth_inf,FALSE,Observed,0.463915842080704
113,GBD_UV_Cl,Bordetella_hinzii,UV_Cl,breadth_inf,FALSE,Observed,0.0030795442647982
114,GBD_UV_Cl,Aliarcobacter_cryaerophilus,UV_Cl,breadth_inf,FALSE,Observed,0.368705237295692
115,GBD_UV_Cl,Acinetobacter_lwoffii,UV_Cl,breadth_inf,FALSE,Observed,0.0319432465227043
116,GBD_UV_Cl,Achromobacter_xylosoxidans,UV_Cl,breadth_inf,FALSE,Observed,0.0153380846338073
117,GBD_UV_Cl,Enterobacter_hormaechei,UV_Cl,breadth_inf,FALSE,Observed,0.0191204919516754
118,GBD_UV_Cl,Escherichia_coli,UV_Cl,breadth_inf,FALSE,Observed,0.0589434204319019
119,GBD_UV_Cl,Cupriavidus_metallidurans,UV_Cl,breadth_inf,FALSE,Observed,0.0030125610318926
120,GBD_UV_Cl,Pseudomonas_putida,UV_Cl,breadth_inf,FALSE,Observed,5.459092458769e-4
121,GBD_UV_Cl,Klebsiella_pneumoniae,UV_Cl,breadth_inf,FALSE,Observed,0.090721891508436
122,GBD_UV_Cl,Nocardia_brasiliensis,UV_Cl,breadth_inf,FALSE,Observed,5.034965535834e-4
123,GBD_UV_Cl,Aeromonas_hydrophila,UV_Cl,breadth_inf,FALSE,Observed,0.073867813494847
124,GBD_UV_Cl,Nocardia_farcinica,UV_Cl,breadth_inf,FALSE,Observed,0.0012661418383991
125,GBD_UV_Cl,Shigella_boydii,UV_Cl,breadth_inf,FALSE,Observed,0.0728299489887377
126,GBD_UV_Cl,Shigella_sonnei,UV_Cl,breadth_inf,FALSE,Observed,0.0456295463296863
127,GBD_UV_Cl,Pseudomonas_alcaligenes,UV_Cl,breadth_inf,FALSE,Observed,0.1548006776653
128,GBD_UV_Cl,Staphylococcus_aureus,UV_Cl,breadth_inf,FALSE,Observed,4.150479148184e-4
129,GBD_UV_Cl,Laribacter_hongkongensis,UV_Cl,breadth_inf,FALSE,Observed,0.081031550904782
130,GBD_UV_Cl,Mycobacterium_kansasii,UV_Cl,breadth_inf,FALSE,Observed,0.0043501608884471
131,GBD_UV_Cl,Shigella_dysenteriae,UV_Cl,breadth_inf,FALSE,Observed,0.0404928173807945
132,GBD_UV_Cl,Enterobacter_roggenkampii,UV_Cl,breadth_inf,FALSE,Observed,0.0767620878135231
133,GBD_UV_Cl,Mycobacterium_xenopi,UV_Cl,breadth_inf,FALSE,Observed,0.0012762912571668
134,GBD_UV_Cl,Bacteroides_fragilis,UV_Cl,breadth_inf,FALSE,Observed,0.02991987332354
135,GBD_UV_Cl,Chryseobacterium_gleum,UV_Cl,breadth_inf,FALSE,Observed,0.0743099674819135
136,GBD_UV_Cl,Legionella_longbeachae,UV_Cl,breadth_inf,FALSE,Observed,0.0019924524445682
137,GBD_UV_Cl,Legionella_pneumophila,UV_Cl,breadth_inf,FALSE,Observed,0.0066374452465033
138,GBD_UV_Cl,Pseudomonas_aeruginosa,UV_Cl,breadth_inf,FALSE,Observed,4.316452131759e-4
139,GBD_UV_Cl,Pseudomonas_mendocina,UV_Cl,breadth_inf,FALSE,Observed,0.0014306258159648
140,GBD_UV_Cl,Ralstonia_solanacearum,UV_Cl,breadth_inf,FALSE,Observed,6.504227928977e-4
141,GBD_UV_Cl,Vibrio_cholerae,UV_Cl,breadth_inf,FALSE,Observed,9.71387092440288e-5
142,HBZZ_Song_O3,Cupriavidus_metallidurans,O3,breadth_inf,FALSE,Observed,0.0017840621175884
143,HBZZ_Song_O3,Enterobacter_hormaechei,O3,breadth_inf,FALSE,Observed,0.0018267143755097
144,HBZZ_Song_O3,Aliarcobacter_cryaerophilus,O3,breadth_inf,FALSE,Observed,0.0687972528150108
145,HBZZ_Song_O3,Klebsiella_pneumoniae,O3,breadth_inf,FALSE,Observed,0.0078249701442473
146,HBZZ_Song_O3,Acinetobacter_lwoffii,O3,breadth_inf,FALSE,Observed,0.0052308593206373
147,HBZZ_Song_O3,Achromobacter_xylosoxidans,O3,breadth_inf,FALSE,Observed,0.0029703113748682
148,HBZZ_Song_O3,Aeromonas_hydrophila,O3,breadth_inf,FALSE,Observed,0.393448932309933
149,HBZZ_Song_O3,Shigella_boydii,O3,breadth_inf,FALSE,Observed,0.011858693726226
150,HBZZ_Song_O3,Shigella_dysenteriae,O3,breadth_inf,FALSE,Observed,0.0059788078358086
151,HBZZ_Song_O3,Ralstonia_solanacearum,O3,breadth_inf,FALSE,Observed,3.146332109096e-4
152,HBZZ_Song_O3,Chryseobacterium_gleum,O3,breadth_inf,FALSE,Observed,0.0234330104560771
153,HBZZ_Song_O3,Escherichia_coli,O3,breadth_inf,FALSE,Observed,0.0090090547746114
154,HBZZ_Song_O3,Aeromonas_caviae,O3,breadth_inf,FALSE,Observed,0.016012594469423
155,HBZZ_Song_O3,Bordetella_hinzii,O3,breadth_inf,FALSE,Observed,5.870623380736e-4
156,HBZZ_Song_O3,Bacteroides_fragilis,O3,breadth_inf,FALSE,Observed,0.0012226949272181
157,HBZZ_Song_O3,Enterobacter_roggenkampii,O3,breadth_inf,FALSE,Observed,0.0040289820585604
158,HBZZ_Song_O3,Laribacter_hongkongensis,O3,breadth_inf,FALSE,Observed,0.0073340027206317
159,HBZZ_Song_O3,Legionella_longbeachae,O3,breadth_inf,FALSE,Observed,6.905015427226e-4
160,HBZZ_Song_O3,Legionella_pneumophila,O3,breadth_inf,FALSE,Observed,0.0024610290621425
161,HBZZ_Song_O3,Mycobacterium_kansasii,O3,breadth_inf,FALSE,Observed,1.588815227326e-4
162,HBZZ_Song_O3,Mycobacterium_xenopi,O3,breadth_inf,FALSE,Observed,3.37018577530262e-5
163,HBZZ_Song_O3,Nocardia_brasiliensis,O3,breadth_inf,FALSE,Observed,1.273569855474e-4
164,HBZZ_Song_O3,Nocardia_farcinica,O3,breadth_inf,FALSE,Observed,2.25512146189e-4
165,HBZZ_Song_O3,Pseudomonas_aeruginosa,O3,breadth_inf,FALSE,Observed,1.179681259382e-4
166,HBZZ_Song_O3,Pseudomonas_alcaligenes,O3,breadth_inf,FALSE,Observed,0.001457456984934
167,HBZZ_Song_O3,Pseudomonas_mendocina,O3,breadth_inf,FALSE,Observed,0.0025721855517587
168,HBZZ_Song_O3,Pseudomonas_putida,O3,breadth_inf,FALSE,Observed,4.36922306280587e-5
169,HBZZ_Song_O3,Shigella_sonnei,O3,breadth_inf,FALSE,Observed,0.0070214243048809
170,HBZZ_Song_O3,Staphylococcus_aureus,O3,breadth_inf,FALSE,Observed,2.20106537235e-4
171,HBZZ_West_Cl,Pseudomonas_alcaligenes,Cl,breadth_inf,FALSE,Observed,0.496418200737352
172,HBZZ_West_Cl,Pseudomonas_putida,Cl,breadth_inf,FALSE,Observed,0.0076539367430706
173,HBZZ_West_Cl,Enterobacter_hormaechei,Cl,breadth_inf,FALSE,Observed,0.0019288313706663
174,HBZZ_West_Cl,Cupriavidus_metallidurans,Cl,breadth_inf,FALSE,Observed,0.0035574013147169
175,HBZZ_West_Cl,Achromobacter_xylosoxidans,Cl,breadth_inf,FALSE,Observed,0.0156575586390551
176,HBZZ_West_Cl,Klebsiella_pneumoniae,Cl,breadth_inf,FALSE,Observed,0.007364594966635
177,HBZZ_West_Cl,Pseudomonas_mendocina,Cl,breadth_inf,FALSE,Observed,4.437434224902e-4
178,HBZZ_West_Cl,Pseudomonas_aeruginosa,Cl,breadth_inf,FALSE,Observed,2.700975224458e-4
179,HBZZ_West_Cl,Shigella_boydii,Cl,breadth_inf,FALSE,Observed,0.0047162880628672
180,HBZZ_West_Cl,Shigella_dysenteriae,Cl,breadth_inf,FALSE,Observed,0.003181020029372
181,HBZZ_West_Cl,Acinetobacter_lwoffii,Cl,breadth_inf,FALSE,Observed,0.0473458667991647
182,HBZZ_West_Cl,Aeromonas_caviae,Cl,breadth_inf,FALSE,Observed,0.0182691762571574
183,HBZZ_West_Cl,Aeromonas_hydrophila,Cl,breadth_inf,FALSE,Observed,0.0049776075109264
184,HBZZ_West_Cl,Aliarcobacter_cryaerophilus,Cl,breadth_inf,FALSE,Observed,0.0139948964588253
185,HBZZ_West_Cl,Bordetella_hinzii,Cl,breadth_inf,FALSE,Observed,0.0033519173495694
186,HBZZ_West_Cl,Chryseobacterium_gleum,Cl,breadth_inf,FALSE,Observed,0.0050723678486479
187,HBZZ_West_Cl,Enterobacter_roggenkampii,Cl,breadth_inf,FALSE,Observed,1.110204761349e-4
188,HBZZ_West_Cl,Escherichia_coli,Cl,breadth_inf,FALSE,Observed,1.43607179850994e-5
189,HBZZ_West_Cl,Laribacter_hongkongensis,Cl,breadth_inf,FALSE,Observed,3.822773764776e-4
190,HBZZ_West_Cl,Ralstonia_solanacearum,Cl,breadth_inf,FALSE,Observed,0.0013180238358164
191,HBZZ_West_Cl,Shigella_sonnei,Cl,breadth_inf,FALSE,Observed,4.635561746983e-4
192,JXQ_Cl,Aliarcobacter_cryaerophilus,Cl,breadth_inf,FALSE,Observed,0.353040306591915
193,JXQ_Cl,Escherichia_coli,Cl,breadth_inf,FALSE,Observed,0.0424575115689259
194,JXQ_Cl,Klebsiella_pneumoniae,Cl,breadth_inf,FALSE,Observed,0.0311788033131525
195,JXQ_Cl,Acinetobacter_lwoffii,Cl,breadth_inf,FALSE,Observed,0.0193285282932659
196,JXQ_Cl,Enterobacter_hormaechei,Cl,breadth_inf,FALSE,Observed,0.0112536183387476
197,JXQ_Cl,Aeromonas_caviae,Cl,breadth_inf,FALSE,Observed,0.219499622776452
198,JXQ_Cl,Cupriavidus_metallidurans,Cl,breadth_inf,FALSE,Observed,0.0017301577066281
199,JXQ_Cl,Shigella_boydii,Cl,breadth_inf,FALSE,Observed,0.0527029337433852
200,JXQ_Cl,Bacteroides_fragilis,Cl,breadth_inf,FALSE,Observed,0.0494173645954556
201,JXQ_Cl,Enterobacter_roggenkampii,Cl,breadth_inf,FALSE,Observed,0.031041651658154
202,JXQ_Cl,Achromobacter_xylosoxidans,Cl,breadth_inf,FALSE,Observed,0.0031615611195064
203,JXQ_Cl,Legionella_longbeachae,Cl,breadth_inf,FALSE,Observed,8.254686854537e-4
204,JXQ_Cl,Staphylococcus_aureus,Cl,breadth_inf,FALSE,Observed,3.161594705533e-4
205,JXQ_Cl,Bordetella_hinzii,Cl,breadth_inf,FALSE,Observed,9.879732681015e-4
206,JXQ_Cl,Laribacter_hongkongensis,Cl,breadth_inf,FALSE,Observed,0.045894826459253
207,JXQ_Cl,Shigella_dysenteriae,Cl,breadth_inf,FALSE,Observed,0.0286921535994749
208,JXQ_Cl,Aeromonas_hydrophila,Cl,breadth_inf,FALSE,Observed,0.0445305755274375
209,JXQ_Cl,Chryseobacterium_gleum,Cl,breadth_inf,FALSE,Observed,0.0082416010005456
210,JXQ_Cl,Legionella_pneumophila,Cl,breadth_inf,FALSE,Observed,3.238350518003e-4
211,JXQ_Cl,Mycobacterium_kansasii,Cl,breadth_inf,FALSE,Observed,8.11892183150713e-5
212,JXQ_Cl,Mycobacterium_xenopi,Cl,breadth_inf,FALSE,Observed,7.59719844263076e-5
213,JXQ_Cl,Nocardia_farcinica,Cl,breadth_inf,FALSE,Observed,1.23006625194e-4
214,JXQ_Cl,Pseudomonas_aeruginosa,Cl,breadth_inf,FALSE,Observed,4.634120021632e-4
215,JXQ_Cl,Pseudomonas_alcaligenes,Cl,breadth_inf,FALSE,Observed,0.0088325706005371
216,JXQ_Cl,Pseudomonas_mendocina,Cl,breadth_inf,FALSE,Observed,5.45372578815644e-5
217,JXQ_Cl,Pseudomonas_putida,Cl,breadth_inf,FALSE,Observed,2.379521110412e-4
218,JXQ_Cl,Ralstonia_solanacearum,Cl,breadth_inf,FALSE,Observed,2.054157055133e-4
219,JXQ_Cl,Shigella_sonnei,Cl,breadth_inf,FALSE,Observed,0.0323492125852597
220,JXQ_O3,Aliarcobacter_cryaerophilus,O3,breadth_inf,FALSE,Observed,0.264689281614919
221,JXQ_O3,Acinetobacter_lwoffii,O3,breadth_inf,FALSE,Observed,0.0183534995171623
222,JXQ_O3,Achromobacter_xylosoxidans,O3,breadth_inf,FALSE,Observed,0.0078731144876027
223,JXQ_O3,Enterobacter_hormaechei,O3,breadth_inf,FALSE,Observed,0.0106319658742089
224,JXQ_O3,Cupriavidus_metallidurans,O3,breadth_inf,FALSE,Observed,0.0022018213025305
225,JXQ_O3,Bordetella_hinzii,O3,breadth_inf,FALSE,Observed,0.0020087266667554
226,JXQ_O3,Escherichia_coli,O3,breadth_inf,FALSE,Observed,0.0397318082185704
227,JXQ_O3,Aeromonas_caviae,O3,breadth_inf,FALSE,Observed,0.155862664462925
228,JXQ_O3,Klebsiella_pneumoniae,O3,breadth_inf,FALSE,Observed,0.0387793933536324
229,JXQ_O3,Shigella_boydii,O3,breadth_inf,FALSE,Observed,0.0500225369683995
230,JXQ_O3,Staphylococcus_aureus,O3,breadth_inf,FALSE,Observed,2.39246236125e-4
231,JXQ_O3,Legionella_longbeachae,O3,breadth_inf,FALSE,Observed,3.988761093214e-4
232,JXQ_O3,Aeromonas_hydrophila,O3,breadth_inf,FALSE,Observed,0.0271597454540549
233,JXQ_O3,Bacteroides_fragilis,O3,breadth_inf,FALSE,Observed,0.032171432932064
234,JXQ_O3,Chryseobacterium_gleum,O3,breadth_inf,FALSE,Observed,0.0040814619618483
235,JXQ_O3,Enterobacter_roggenkampii,O3,breadth_inf,FALSE,Observed,0.034610429353324
236,JXQ_O3,Laribacter_hongkongensis,O3,breadth_inf,FALSE,Observed,0.0357910006954296
237,JXQ_O3,Legionella_pneumophila,O3,breadth_inf,FALSE,Observed,4.006872108327e-4
238,JXQ_O3,Mycobacterium_kansasii,O3,breadth_inf,FALSE,Observed,6.5833205113157e-5
239,JXQ_O3,Mycobacterium_xenopi,O3,breadth_inf,FALSE,Observed,5.198083144958e-4
240,JXQ_O3,Nocardia_brasiliensis,O3,breadth_inf,FALSE,Observed,7.9458224726437e-5
241,JXQ_O3,Nocardia_farcinica,O3,breadth_inf,FALSE,Observed,2.147053625802e-4
242,JXQ_O3,Pseudomonas_aeruginosa,O3,breadth_inf,FALSE,Observed,6.28950495529981e-5
243,JXQ_O3,Pseudomonas_alcaligenes,O3,breadth_inf,FALSE,Observed,0.0122658327101732
244,JXQ_O3,Pseudomonas_mendocina,O3,breadth_inf,FALSE,Observed,1.502101266566e-4
245,JXQ_O3,Pseudomonas_putida,O3,breadth_inf,FALSE,Observed,1.301021439891e-4
246,JXQ_O3,Ralstonia_solanacearum,O3,breadth_inf,FALSE,Observed,4.506126216016e-4
247,JXQ_O3,Shigella_dysenteriae,O3,breadth_inf,FALSE,Observed,0.0255365539989608
248,JXQ_O3,Shigella_sonnei,O3,breadth_inf,FALSE,Observed,0.0299927853438555
249,SZBH_UV_Cl,Pseudomonas_alcaligenes,UV_Cl,breadth_inf,FALSE,Observed,0.413434385499868
250,SZBH_UV_Cl,Klebsiella_pneumoniae,UV_Cl,breadth_inf,FALSE,Observed,0.261070210382305
251,SZBH_UV_Cl,Pseudomonas_mendocina,UV_Cl,breadth_inf,FALSE,Observed,0.0075702553423245
252,SZBH_UV_Cl,Pseudomonas_aeruginosa,UV_Cl,breadth_inf,FALSE,Observed,0.0084233073090432
253,SZBH_UV_Cl,Shigella_boydii,UV_Cl,breadth_inf,FALSE,Observed,0.0580359576035586
254,SZBH_UV_Cl,Aeromonas_hydrophila,UV_Cl,breadth_inf,FALSE,Observed,0.578209309070307
255,SZBH_UV_Cl,Cupriavidus_metallidurans,UV_Cl,breadth_inf,FALSE,Observed,0.0025729212930392
256,SZBH_UV_Cl,Shigella_sonnei,UV_Cl,breadth_inf,FALSE,Observed,0.0327068416686339
257,SZBH_UV_Cl,Acinetobacter_lwoffii,UV_Cl,breadth_inf,FALSE,Observed,0.0475618470106155
258,SZBH_UV_Cl,Enterobacter_hormaechei,UV_Cl,breadth_inf,FALSE,Observed,0.0223078847746001
259,SZBH_UV_Cl,Achromobacter_xylosoxidans,UV_Cl,breadth_inf,FALSE,Observed,0.0116830412186665
260,SZBH_UV_Cl,Bordetella_hinzii,UV_Cl,breadth_inf,FALSE,Observed,0.0032386768985705
261,SZBH_UV_Cl,Pseudomonas_putida,UV_Cl,breadth_inf,FALSE,Observed,0.0032429705454267
262,SZBH_UV_Cl,Ralstonia_solanacearum,UV_Cl,breadth_inf,FALSE,Observed,3.795489136202e-4
263,SZBH_UV_Cl,Shigella_dysenteriae,UV_Cl,breadth_inf,FALSE,Observed,0.03219381767467
264,SZBH_UV_Cl,Chryseobacterium_gleum,UV_Cl,breadth_inf,FALSE,Observed,0.0407343477360228
265,SZBH_UV_Cl,Enterobacter_roggenkampii,UV_Cl,breadth_inf,FALSE,Observed,0.216346458987627
266,SZBH_UV_Cl,Aeromonas_caviae,UV_Cl,breadth_inf,FALSE,Observed,0.368736453749776
267,SZBH_UV_Cl,Aliarcobacter_cryaerophilus,UV_Cl,breadth_inf,FALSE,Observed,0.531827883548194
268,SZBH_UV_Cl,Bacteroides_fragilis,UV_Cl,breadth_inf,FALSE,Observed,0.0346271247877596
269,SZBH_UV_Cl,Escherichia_coli,UV_Cl,breadth_inf,FALSE,Observed,0.0462709171917039
270,SZBH_UV_Cl,Laribacter_hongkongensis,UV_Cl,breadth_inf,FALSE,Observed,0.107926323671586
271,SZBH_UV_Cl,Legionella_pneumophila,UV_Cl,breadth_inf,FALSE,Observed,0.0010580371665254
272,SZBH_UV_Cl,Mycobacterium_kansasii,UV_Cl,breadth_inf,FALSE,Observed,5.385247402096e-4
273,SZBH_UV_Cl,Mycobacterium_xenopi,UV_Cl,breadth_inf,FALSE,Observed,1.719365963332e-4
274,SZBH_UV_Cl,Nocardia_brasiliensis,UV_Cl,breadth_inf,FALSE,Observed,4.04005903186532e-5
275,SZBH_UV_Cl,Nocardia_farcinica,UV_Cl,breadth_inf,FALSE,Observed,2.107322803711e-4
276,SZBH_UV_Cl,Staphylococcus_aureus,UV_Cl,breadth_inf,FALSE,Observed,3.650720343834e-4
277,SZBH_UV_Cl,Vibrio_cholerae,UV_Cl,breadth_inf,FALSE,Observed,7.12833811615933e-5
278,SZFX_UV,Aeromonas_hydrophila,UV,breadth_inf,FALSE,Observed,0.788843507189877
279,SZFX_UV,Aliarcobacter_cryaerophilus,UV,breadth_inf,FALSE,Observed,0.231492074333361
280,SZFX_UV,Aeromonas_caviae,UV,breadth_inf,FALSE,Observed,0.160023025899776
281,SZFX_UV,Enterobacter_hormaechei,UV,breadth_inf,FALSE,Observed,0.010600639146611
282,SZFX_UV,Escherichia_coli,UV,breadth_inf,FALSE,Observed,0.0667659086714997
283,SZFX_UV,Klebsiella_pneumoniae,UV,breadth_inf,FALSE,Observed,0.0684074221770606
284,SZFX_UV,Acinetobacter_lwoffii,UV,breadth_inf,FALSE,Observed,0.012138257946697
285,SZFX_UV,Cupriavidus_metallidurans,UV,breadth_inf,FALSE,Observed,0.0014770098411776
286,SZFX_UV,Bacteroides_fragilis,UV,breadth_inf,FALSE,Observed,0.0594148844840413
287,SZFX_UV,Achromobacter_xylosoxidans,UV,breadth_inf,FALSE,Observed,0.0030943339365427
288,SZFX_UV,Shigella_boydii,UV,breadth_inf,FALSE,Observed,0.0833554903681659
289,SZFX_UV,Shigella_dysenteriae,UV,breadth_inf,FALSE,Observed,0.0426460432524744
290,SZFX_UV,Pseudomonas_alcaligenes,UV,breadth_inf,FALSE,Observed,0.0685445061111293
291,SZFX_UV,Staphylococcus_aureus,UV,breadth_inf,FALSE,Observed,3.643631566467e-4
292,SZFX_UV,Bordetella_hinzii,UV,breadth_inf,FALSE,Observed,8.151325797346e-4
293,SZFX_UV,Chryseobacterium_gleum,UV,breadth_inf,FALSE,Observed,0.0056606739187793
294,SZFX_UV,Enterobacter_roggenkampii,UV,breadth_inf,FALSE,Observed,0.0220575645250394
295,SZFX_UV,Laribacter_hongkongensis,UV,breadth_inf,FALSE,Observed,0.0403603245596013
296,SZFX_UV,Legionella_longbeachae,UV,breadth_inf,FALSE,Observed,0.0013055660931687
297,SZFX_UV,Legionella_pneumophila,UV,breadth_inf,FALSE,Observed,0.0010351575161264
298,SZFX_UV,Mycobacterium_kansasii,UV,breadth_inf,FALSE,Observed,5.471910050859e-4
299,SZFX_UV,Mycobacterium_xenopi,UV,breadth_inf,FALSE,Observed,8.35882234665335e-5
300,SZFX_UV,Nocardia_brasiliensis,UV,breadth_inf,FALSE,Observed,5.97615380336864e-5
301,SZFX_UV,Nocardia_farcinica,UV,breadth_inf,FALSE,Observed,5.8483770118099e-5
302,SZFX_UV,Pseudomonas_aeruginosa,UV,breadth_inf,FALSE,Observed,2.474297634699e-4
303,SZFX_UV,Pseudomonas_mendocina,UV,breadth_inf,FALSE,Observed,6.693378134541e-4
304,SZFX_UV,Pseudomonas_putida,UV,breadth_inf,FALSE,Observed,5.816426686954e-4
305,SZFX_UV,Ralstonia_solanacearum,UV,breadth_inf,FALSE,Observed,2.869671871917e-4
306,SZFX_UV,Shigella_sonnei,UV,breadth_inf,FALSE,Observed,0.0505071985368044
307,SZFX_UV,Vibrio_cholerae,UV,breadth_inf,FALSE,Observed,7.99823700491859e-5
308,SZSG_UV,Aliarcobacter_cryaerophilus,UV,breadth_inf,FALSE,Observed,0.342514490072758
309,SZSG_UV,Enterobacter_hormaechei,UV,breadth_inf,FALSE,Observed,0.0046259812487158
310,SZSG_UV,Escherichia_coli,UV,breadth_inf,FALSE,Observed,0.0161923445259335
311,SZSG_UV,Klebsiella_pneumoniae,UV,breadth_inf,FALSE,Observed,0.0520940207189947
312,SZSG_UV,Chryseobacterium_gleum,UV,breadth_inf,FALSE,Observed,0.210108019728099
313,SZSG_UV,Bordetella_hinzii,UV,breadth_inf,FALSE,Observed,0.002376857466231
314,SZSG_UV,Aeromonas_caviae,UV,breadth_inf,FALSE,Observed,0.125481559655832
315,SZSG_UV,Acinetobacter_lwoffii,UV,breadth_inf,FALSE,Observed,0.0114642409613556
316,SZSG_UV,Shigella_boydii,UV,breadth_inf,FALSE,Observed,0.0205727809375585
317,SZSG_UV,Achromobacter_xylosoxidans,UV,breadth_inf,FALSE,Observed,0.005988290299726
318,SZSG_UV,Cupriavidus_metallidurans,UV,breadth_inf,FALSE,Observed,0.0016252469713183
319,SZSG_UV,Aeromonas_hydrophila,UV,breadth_inf,FALSE,Observed,0.194849643204014
320,SZSG_UV,Shigella_dysenteriae,UV,breadth_inf,FALSE,Observed,0.0109693002102577
321,SZSG_UV,Enterobacter_roggenkampii,UV,breadth_inf,FALSE,Observed,0.0385585950358744
322,SZSG_UV,Bacteroides_fragilis,UV,breadth_inf,FALSE,Observed,0.0073539118988113
323,SZSG_UV,Laribacter_hongkongensis,UV,breadth_inf,FALSE,Observed,0.0384232167435561
324,SZSG_UV,Legionella_longbeachae,UV,breadth_inf,FALSE,Observed,3.687495149617e-4
325,SZSG_UV,Legionella_pneumophila,UV,breadth_inf,FALSE,Observed,5.20072053299e-4
326,SZSG_UV,Mycobacterium_kansasii,UV,breadth_inf,FALSE,Observed,8.5446330885899e-5
327,SZSG_UV,Mycobacterium_xenopi,UV,breadth_inf,FALSE,Observed,1.00915167283e-4
328,SZSG_UV,Nocardia_brasiliensis,UV,breadth_inf,FALSE,Observed,1.57797319527149e-5
329,SZSG_UV,Nocardia_farcinica,UV,breadth_inf,FALSE,Observed,1.009162881113e-4
330,SZSG_UV,Pseudomonas_aeruginosa,UV,breadth_inf,FALSE,Observed,4.31006684754e-4
331,SZSG_UV,Pseudomonas_alcaligenes,UV,breadth_inf,FALSE,Observed,0.02296232330717
332,SZSG_UV,Pseudomonas_mendocina,UV,breadth_inf,FALSE,Observed,4.798534157633e-4
333,SZSG_UV,Pseudomonas_putida,UV,breadth_inf,FALSE,Observed,2.556563978013e-4
334,SZSG_UV,Ralstonia_solanacearum,UV,breadth_inf,FALSE,Observed,1.180778659333e-4
335,SZSG_UV,Shigella_sonnei,UV,breadth_inf,FALSE,Observed,0.0113368018949134
336,SZSG_UV,Staphylococcus_aureus,UV,breadth_inf,FALSE,Observed,3.962626547967e-4
337,SZSG_UV,Vibrio_cholerae,UV,breadth_inf,FALSE,Observed,2.824755002642e-4
