Site,Disinfection_Type,Pathogen,length,breadth_eff,breadth_inf,breadth_minCov_eff,breadth_minCov_inf,coverage_eff,coverage_inf,Nucl_Diversity_Pi_eff,Nucl_Diversity_Pi_inf,SNV_count_eff,SNV_count_inf,SNVs_Density_eff,SNVs_Density_inf,Delta_Breadth,Delta_MinCov,Delta_Coverage,Delta_Pi,Delta_SNV_Density,.blind_row_id,Predicted_LRV,Observed_LRV,LRV_status,Strategy,Input_status,Delta_Breadth_missing_original,Delta_SNV_Density_missing_original,Delta_Pi_missing_original,breadth_inf_missing_original
BXH_O3_Cl,O3_Cl,Bordetella_hinzii,5033537,0.0021418338635436,0.0039677864690375,3.633627804861e-4,0.0023919561930308,0.0061831272920016,0.0401371838530242,0.014726781499653,0.0216496911283544,22,531,0.004370684073644437,0.1054924201411453,0.0018259526054939,0.0020285934125447,0.0339540565610226,-0.006922909628701398,-0.1011217360675008,1,0.42554765939712524,0.0751283602736658,Point estimate,Strict no-imputation,Complete,NA,NA,NA,NA
BXH_O3_Cl,O3_Cl,Klebsiella_pneumoniae,5682322,0.0039172366507916,0.0168212924223582,1.353319998409e-4,0.0039427543880828,0.0060487596443847,0.12256521189753,0.0067608344074343,0.0097466752124649,6,507,0.0010559063706703,0.08922408832164033,0.0129040557715666,0.0038074223882419,0.1165164522531453,-0.002985840805030599,-0.08816818195097004,2,0.2637799084186554,0.714894662814804,Point estimate,Strict no-imputation,Complete,NA,NA,NA,NA
BXH_O3_Cl,O3_Cl,Cupriavidus_metallidurans,6901105,0.0011661900521728,0.0045946265127105,4.847049856508e-4,0.0013715194885456,0.0160290272354934,0.423199183319193,0.0016326235548797,0.012274365115279,4,223,5.796173221534811e-4,0.03231366571005658,0.0034284364605377,8.868145028948001e-4,0.4071701560836996,-0.0106417415603993,-0.0317340483879031,3,0.39627403020858765,0.079793818691315,Point estimate,Strict no-imputation,Complete,NA,NA,NA,NA
BXH_O3_Cl,O3_Cl,Acinetobacter_lwoffii,3528101,0.0023641613434535,0.0190759845027111,3.171677908313e-4,0.0048635228980122,0.0056560172171941,0.13959067498351,0.0010256070553776,0.0060150248026595,2,163,5.668771954090884e-4,0.0462004914258407,0.0167118231592576,0.0045463551071809,0.1339346577663159,-0.004989417747281901,-0.04563361423043161,4,0.3530179560184479,0.562951643168824,Point estimate,Strict no-imputation,Complete,NA,NA,NA,NA
BXH_O3_Cl,O3_Cl,Aeromonas_hydrophila,4744448,0.0016954554038741,0.0916311022905088,3.16159013651324e-5,1.688289132898e-4,0.0022752910349107,0.114507736200291,0,0.0060402388578646,0,8,0,0.001686181406140398,0.0899356468866347,1.372130119246676e-4,0.1122324451653803,-0.0060402388578646,-0.001686181406140398,9,0.5185851454734802,0.34206556043514,Point estimate,Strict no-imputation,Complete,NA,NA,NA,NA
CZSC_UV,UV,Acinetobacter_lwoffii,3528101,0.917022216767604,0.256515332185784,0.746758950494897,0.006713243186632,12.0609290947169,0.438258711981318,0.0201501138403841,0.0069392530581405,114358,225,32.41347115629626,0.06377368448352243,-0.66050688458182,-0.740045707308265,-11.62267038273558,0.0132108607822436,32.34969747181274,27,-1.4064899682998657,-1.25533069835019,Point estimate,Strict no-imputation,Complete,NA,NA,NA,NA
CZSC_UV,UV,Aliarcobacter_cryaerophilus,2108340,0.527210506844247,0.613879165599476,0.248914786040202,0.365929119591716,3.00981198478423,5.92671770207841,0.0114751108237472,0.0134362711579112,9902,21259,4.696585939649203,10.08328827418728,0.086668658755229,0.117014333551514,2.916905717294179,-0.001961160334163999,-5.386702334538072,28,0.5971095561981201,0.436096660988315,Point estimate,Strict no-imputation,Complete,NA,NA,NA,NA
CZSC_UV,UV,Escherichia_coli,10236257,0.0368206855298767,0.0454704292789834,2.715836462488e-4,1.99486980446e-4,0.0458949985331551,0.0572038197165233,0.0101867774193235,0.0126138568858557,33,32,0.0032238346497162,0.003126142690633891,0.008649743749106702,-7.209666580280003e-5,0.0113088211833682,-0.002427079466532199,9.769195908230924e-5,30,0.33063843846321106,0.569336801986105,Point estimate,Strict no-imputation,Complete,NA,NA,NA,NA
CZSC_UV,UV,Achromobacter_xylosoxidans,6901970,0.0049516297520852,0.0038738215321132,1.122867818897e-4,3.12954127589659e-5,0.0084187558045021,0.0060604436124758,0.0108845880723769,0.0333889728343045,13,12,0.001883520212345171,0.001738634042164773,-0.001077808219972,-8.09913691307341e-5,-0.002358312192026301,-0.0225043847619276,1.448861701803977e-4,31,-6.940149469301105e-4,0.202941119509236,Point estimate,Strict no-imputation,Complete,NA,NA,NA,NA
CZSC_UV,UV,Aeromonas_caviae,4586140,0.130320269333251,0.173871491057839,5.394514777132e-4,7.226120441155e-4,0.170676211367293,0.234877696712267,0.0048666128056031,0.0062259772526045,12,24,0.002616579520032096,0.005233159040064193,0.043551221724588,1.831605664023e-4,0.064201485344974,-0.0013593644470014,-0.002616579520032096,33,0.38010600209236145,0.399019294723587,Point estimate,Strict no-imputation,Complete,NA,NA,NA,NA
CZSC_UV,UV,Cupriavidus_metallidurans,6901105,0.0017139284216078,0.0017368233058328,5.086142001896e-4,5.77878470187e-4,0.0174757520715885,0.0236189711647627,0.0021092676284306,0.0053231360067574,12,37,0.001738851966460444,0.005361460229919702,2.289488422499994e-5,6.926426999739996e-5,0.006143219093174199,-0.0032138683783268,-0.003622608263459258,34,0.20766040682792664,0.278083169435286,Point estimate,Strict no-imputation,Complete,NA,NA,NA,NA
CZSC_UV,UV,Shigella_dysenteriae,5192674,0.0248721564265346,0.0298838324916988,3.63011427253e-4,5.284367938367e-4,0.0327638515339109,0.0397199978277088,0.0040891421252283,0.0038421114271305,5,8,9.62895032501559e-4,0.001540632052002494,0.0050116760651642,1.654253665837e-4,0.006956146293797899,2.470306980978006e-4,-5.777370195009352e-4,35,0.33727994561195374,0.276145259428194,Point estimate,Strict no-imputation,Complete,NA,NA,NA,NA
CZSC_UV,UV,Bacteroides_fragilis,5241700,0.0374185855733826,0.0436858271171566,2.51063586241e-4,3.008565923268e-4,0.0491100215578915,0.0575431634774977,0.0020085064111147,0.0025271728360811,4,5,7.631112043802583e-4,9.538890054753229e-4,0.006267241543773998,4.979300608579996e-5,0.008433141919606202,-5.186664249663998e-4,-1.907778010950646e-4,36,0.22249996662139893,0.296175478281209,Point estimate,Strict no-imputation,Complete,NA,NA,NA,NA
CZSC_UV,UV,Klebsiella_pneumoniae,5682322,0.0374954112068974,0.0299448007346292,0.0011461863653626,0.0014495834625351,0.057919808134773,0.0518369075177365,0.0017011377113344,0.0036699389158061,2,22,3.519687902234333e-4,0.003871656692457766,-0.007550610472268203,3.033970971725e-4,-0.0060829006170365,-0.0019688012044717,-0.003519687902234332,37,0.036793459206819534,0.308476797865379,Point estimate,Strict no-imputation,Complete,NA,NA,NA,NA
CZSC_UV,UV,Staphylococcus_aureus,2821361,8.924770704635e-4,5.844696938817e-4,8.64830838733504e-5,2.555504240683e-4,0.001726471727652,0.0020128583332653,0.0159436452095625,0.0143685823670703,2,8,7.088777366668072e-4,0.002835510946667229,-3.080073765817999e-4,1.690673401949496e-4,2.863866056133e-4,0.001575062842492198,-0.002126633210000422,38,0.1064191609621048,0.273266927064757,Point estimate,Strict no-imputation,Complete,NA,NA,NA,NA
GBD_O3,O3,Aliarcobacter_cryaerophilus,2108340,0.368705237295692,0.49513218930533,0.069243101207585,0.212256562034586,1.04538831497766,2.48752573114393,0.0084105458298483,0.010331239226958,1495,7138,0.7090886669133062,3.385601942760655,0.126426952009638,0.143013460827001,1.44213741616627,-0.0019206933971097,-2.676513275847349,53,0.4422735869884491,0.272091194573098,Point estimate,Strict no-imputation,Complete,NA,NA,NA,NA
GBD_O3,O3,Aeromonas_caviae,4586140,0.463915842080704,0.514828810284901,0.0103636173339671,0.0186054067254815,0.800804162105823,0.966492518763055,0.0078695168778146,0.0079265408804596,468,874,0.1020466012812518,0.190574208375671,0.050912968204197,0.008241789391514398,0.165688356657232,-5.702400264499981e-5,-0.08852760709441927,54,0.24999156594276428,0.117606508849514,Point estimate,Strict no-imputation,Complete,NA,NA,NA,NA
GBD_O3,O3,Bordetella_hinzii,5033537,0.0030795442647982,0.0028075685149428,0.0015939090146749,9.657225128174e-4,0.0172838701692269,0.0101391923810235,0.0197049664259402,0.0173759242372977,242,104,0.04807752481008881,0.02066141562086461,-2.719757498553998e-4,-6.281865018575001e-4,-0.0071446777882034,0.002329042188642501,0.0274161091892242,55,0.06488119065761566,-0.0691564958033926,Point estimate,Strict no-imputation,Complete,NA,NA,NA,NA
GBD_O3,O3,Acinetobacter_lwoffii,3528101,0.0319432465227043,0.0243760028411884,0.0055959282344807,0.0068980451523354,0.117129866747012,0.127857167354335,0.0065745217127017,0.0078787318867743,204,347,0.05782147393172701,0.09835319340347683,-0.007567243681515897,0.0013021169178547,0.01072730060732301,-0.0013042101740726,-0.04053171947174981,56,-0.030563393607735634,-0.0559493933797291,Point estimate,Strict no-imputation,Complete,NA,NA,NA,NA
GBD_O3,O3,Cupriavidus_metallidurans,6901105,0.0030125610318926,0.0021516844041642,0.0010699735766953,6.593147039495e-4,0.0986831818962325,0.0766639545406134,0.009379050100095,0.0042554414141308,111,32,0.01608438068975911,0.004636938577227849,-8.608766277284001e-4,-4.106588727457999e-4,-0.02201922735561911,0.005123608685964199,0.01144744211253126,57,0.075840063393116,-0.118557557375744,Point estimate,Strict no-imputation,Complete,NA,NA,NA,NA
GBD_O3,O3,Escherichia_coli,10236257,0.0589434204319019,0.075982558859161,6.111608960188e-4,7.758695390316e-4,0.0777204011192762,0.100440131583253,0.0118266178480804,0.0098686712765626,96,97,0.009378428071901672,0.00947612003098398,0.0170391384272591,1.647086430128e-4,0.02271973046397681,0.0019579465715178,-9.769195908230881e-5,58,0.10260209441184998,0.114545530008063,Point estimate,Strict no-imputation,Complete,NA,NA,NA,NA
GBD_O3,O3,Achromobacter_xylosoxidans,6901970,0.0153380846338073,0.0072482204356146,0.0037319779715066,6.411213030482e-4,0.0515510788948661,0.015618874031617,0.0035545794834621,0.0077647207281683,94,36,0.01361929999695739,0.00521590212649432,-0.0080898641981927,-0.0030908566684584,-0.0359322048632491,-0.0042101412447062,0.00840339787046307,59,-0.013094905763864517,-0.243879039646363,Point estimate,Strict no-imputation,Complete,NA,NA,NA,NA
GBD_O3,O3,Klebsiella_pneumoniae,5682322,0.090721891508436,0.102463218381499,0.0016315513270806,0.0019277330640536,0.130200998817032,0.149713620593834,0.0043823918199705,0.0046804594649695,34,70,0.005983469433798367,0.01231890765782017,0.01174132687306299,2.961817369729999e-4,0.01951262177680199,-2.980676449990003e-4,-0.006335438224021798,61,0.15174096822738647,0.087108735259346,Point estimate,Strict no-imputation,Complete,NA,NA,NA,NA
GBD_O3,O3,Shigella_dysenteriae,5192674,0.0404928173807945,0.0516196472183695,6.141344517294e-4,7.918848747291e-4,0.0520600754062357,0.0678305628275527,0.0060334881296274,0.007155625939601,27,14,0.005199633175508418,0.002696106091004365,0.011126829837575,1.777504229997e-4,0.015770487421317,-0.0011221378099736,0.002503527084504053,62,0.144001767039299,-0.229699296894413,Point estimate,Strict no-imputation,Complete,NA,NA,NA,NA
GBD_O3,O3,Pseudomonas_alcaligenes,4406305,0.1548006776653,0.0292369683896144,2.904928278909e-4,6.78573090151498e-5,0.20031205284246,0.0352265673846908,0.0147309459978715,0,26,0,0.005900635566534772,0,-0.1255637092756856,-2.226355188757502e-4,-0.1650854854577692,0.0147309459978715,0.005900635566534772,63,-0.2997417449951172,-0.481233201630694,Point estimate,Strict no-imputation,Complete,NA,NA,NA,NA
GBD_O3,O3,Shigella_boydii,4825405,0.0728299489887377,0.0880508475454391,8.681136609258e-4,0.0011808335258905,0.0954205916394582,0.116644716868325,0.0040130119501306,0.0048809054233434,18,28,0.003730256838545159,0.005802621748848024,0.0152208985567014,3.127198649647001e-4,0.02122412522886681,-8.678934732127995e-4,-0.002072364910302865,64,0.13707080483436584,0.0494238115809076,Point estimate,Strict no-imputation,Complete,NA,NA,NA,NA
GBD_O3,O3,Nocardia_farcinica,6292344,0.0012661418383991,9.889796234916e-4,2.274192256494e-4,8.7089962023691e-5,0.0037858705754166,0.0021275060613341,0.0081130971365421,0.0069383616647581,15,4,0.002383849325465995,6.356931534575986e-4,-2.771622149075001e-4,-1.40329263625709e-4,-0.0016583645140825,0.001174735471784,0.001748156172008396,65,2.6043783873319626e-4,0.558603199615157,Point estimate,Strict no-imputation,Complete,NA,NA,NA,NA
GBD_O3,O3,Chryseobacterium_gleum,5643321,0.0743099674819135,0.135099172986969,3.928537823738e-4,0.0019357396114805,0.101103587763304,0.21174340428269,0.0049173057375052,0.0029482153397434,9,40,0.001594805611801987,0.007088024941342163,0.0607892055050555,0.0015428858291067,0.110639816519386,0.0019690903977618,-0.005493219329540176,66,0.2461775541305542,0.309771527390528,Point estimate,Strict no-imputation,Complete,NA,NA,NA,NA
GBD_O3,O3,Aeromonas_hydrophila,4744448,0.073867813494847,0.0692042572708142,2.46604030648e-4,3.876109507365e-4,0.0927770733286569,0.0906356229428586,0.0063388568723303,0.0151281537667378,7,27,0.001475408730372848,0.005690862245723844,-0.004663556224032805,1.410069200885e-4,-0.002141450385798299,-0.0087892968944075,-0.004215453515350995,67,-0.021960541605949402,0.00415411135535741,Point estimate,Strict no-imputation,Complete,NA,NA,NA,NA
GBD_O3,O3,Staphylococcus_aureus,2821361,4.150479148184e-4,3.66844228725e-4,1.293701869416e-4,2.289675089433e-4,0.0014188187899386,0.0025686184788121,0.0248715438254891,0.0169698841431561,6,18,0.002126633210000422,0.006379899630001266,-4.82036860934e-5,9.95973220017e-5,0.0011497996888735,0.007901659682333001,-0.004253266420000844,70,0.2069786787033081,0.116184088654691,Point estimate,Strict no-imputation,Complete,NA,NA,NA,NA
GBD_O3,O3,Mycobacterium_kansasii,6577228,0.0043501608884471,0.0010946860896413,1.474785426321e-4,3.55772979133458e-5,0.0078492033421981,0.0017437437169579,0.0071273414744533,0.0073428688905178,4,0,6.081589386896729e-4,0,-0.003255474798805801,-1.119012447187542e-4,-0.0061054596252402,-2.155274160644998e-4,6.081589386896729e-4,71,-0.01766221597790718,-0.220397811867884,Point estimate,Strict no-imputation,Complete,NA,NA,NA,NA
GBD_O3,O3,Laribacter_hongkongensis,3110307,0.081031550904782,0.0679826782372286,2.089825859633e-4,2.257011928404e-4,0.100762722136432,0.082790862766922907,0.002215384703416,0,3,0,9.645350121386731e-4,0,-0.01304887266755339,1.671860687710002e-5,-0.0179718593695091,0.002215384703416,9.645350121386731e-4,72,-0.04849653318524361,-0.0340352310214161,Point estimate,Strict no-imputation,Complete,NA,NA,NA,NA
GBD_O3,O3,Mycobacterium_xenopi,5251936,0.0012762912571668,6.281493148431e-4,1.098642481553e-4,1.818377070855e-4,0.0028376202604143,0.0022477425467484,0.0036893511768849,0.0012954842981864,3,1,5.712179280174016e-4,1.904059760058005e-4,-6.481419423237e-4,7.19734589302e-5,-0.00058987771366589975,0.0023938668786985,3.808119520116011e-4,73,0.0051169628277421,-0.0681699512453105,Point estimate,Strict no-imputation,Complete,NA,NA,NA,NA
GBD_O3,O3,Bacteroides_fragilis,5241700,0.02991987332354,0.0377780109506457,2.291241391151e-4,7.91727874544518e-5,0.0391655378980101,0.0466352519220862,0.0012674622988323,0.0050120482961815,2,3,3.815556021901291e-4,5.723334032851937e-4,0.007858137627105702,-1.499513516606482e-4,0.007469714024076105,-0.0037445859973492,-1.907778010950646e-4,74,0.2745320200920105,0.104191708330086,Point estimate,Strict no-imputation,Complete,NA,NA,NA,NA
GBD_O3,O3,Nocardia_brasiliensis,8935513,5.034965535834e-4,4.714894377077e-4,6.88264904320546e-5,2.79782481431116e-5,0.0011644546877163,7.389614899558e-4,0.0039530262714478,0.008,1,1,1.119129925724466e-4,1.119129925724466e-4,-3.200711587570001e-5,-4.084824228894299e-5,-4.254931977605e-4,-0.0040469737285522,0,75,0.1932557225227356,0.634061534859818,Point estimate,Strict no-imputation,Complete,NA,NA,NA,NA
GBD_O3,O3,Shigella_sonnei,4994001,0.0456295463296863,0.0604204925069097,4.10492508912192e-5,2.92350762444779e-5,0.0518371942656798,0.0705632618015093,0,0.0043835615458553,0,0,0,0,0.0147909461772234,-1.18141746467413e-5,0.0187260675358295,-0.0043835615458553,0,81,0.2871045470237732,0.276856786936626,Point estimate,Strict no-imputation,Complete,NA,NA,NA,NA
GBD_UF,UF,Aliarcobacter_cryaerophilus,2108340,0.49513218930533,0.451452801730271,0.212256562034586,0.151435726685449,2.48752573114393,1.79405693578834,0.010331239226958,0.0096649419678064,7138,4258,3.385601942760655,2.019598357001243,-0.04367938757505896,-0.06082083534913701,-0.69346879535559,6.662972591515992e-4,1.366003585759412,83,0.4909399449825287,0.482102792054348,Point estimate,Strict no-imputation,Complete,NA,NA,NA,NA
GBD_UF,UF,Aeromonas_caviae,4586140,0.514828810284901,0.417641415220643,0.0186054067254815,0.0072904446876894,0.966492518763055,0.68403341372047,0.0079265408804596,0.0075325326978741,874,324,0.190574208375671,0.07064764704086661,-0.097187395064258,-0.0113149620377921,-0.282459105042585,3.940081825855e-4,0.1199265613348044,84,0.4294206500053406,0.496983861064114,Point estimate,Strict no-imputation,Complete,NA,NA,NA,NA
GBD_UF,UF,Acinetobacter_lwoffii,3528101,0.0243760028411884,0.0175887821805554,0.0068980451523354,0.0043740244397764,0.127857167354335,0.0748915634784831,0.0078787318867743,0.0052723658419352,347,128,0.09835319340347683,0.03628014050618165,-0.006787220660633,-0.002524020712559,-0.0529656038758519,0.0026063660448391,0.06207305289729517,85,0.46037158370018005,0.38489892973477,Point estimate,Strict no-imputation,Complete,NA,NA,NA,NA
GBD_UF,UF,Bordetella_hinzii,5033537,0.0028075685149428,0.0024960579409667,9.657225128174e-4,5.443488346266e-4,0.0101391923810235,0.0077019400075929,0.0173759242372977,0.0185731795147388,104,67,0.02066141562086461,0.01331071967882624,-3.115105739761002e-4,-4.213736781908e-4,-0.002437252373430599,-0.0011972552774410991,0.007350695942038372,87,0.47222793102264404,0.627902865170403,Point estimate,Strict no-imputation,Complete,NA,NA,NA,NA
GBD_UF,UF,Escherichia_coli,10236257,0.075982558859161,0.0712902186805196,7.758695390316e-4,4.449868736198e-4,0.100440131583253,0.0889381733967796,0.0098686712765626,0.0092088241739408,97,64,0.00947612003098398,0.006252285381267782,-0.004692340178641397,-3.308826654117999e-4,-0.0115019581864734,6.598471026217998e-4,0.003223834649716198,88,0.56583404541015625,0.779584474089292,Point estimate,Strict no-imputation,Complete,NA,NA,NA,NA
GBD_UF,UF,Klebsiella_pneumoniae,5682322,0.102463218381499,0.0922851608902134,0.0019277330640536,0.0011688883523319,0.149713620593834,0.123444253951113,0.0046804594649695,0.0058752850519176,70,35,0.01231890765782017,0.006159453828910083,-0.0101780574912856,-7.588447117216999e-4,-0.026269366642721,-0.0011948255869481,0.006159453828910083,89,0.5823580026626587,0.554828161082353,Point estimate,Strict no-imputation,Complete,NA,NA,NA,NA
GBD_UF,UF,Chryseobacterium_gleum,5643321,0.135099172986969,0.0336032630431619,0.0019357396114805,1.546961443447e-4,0.21174340428269,0.0419759925051224,0.0029482153397434,0.0014720234810827,40,3,0.007088024941342163,5.316018706006622e-4,-0.1014959099438071,-0.0017810434671358,-0.1697674117775676,0.0014761918586607,0.006556423070741501,90,0.23726044595241547,0.00353341702993415,Point estimate,Strict no-imputation,Complete,NA,NA,NA,NA
GBD_UF,UF,Achromobacter_xylosoxidans,6901970,0.0072482204356146,0.0055607312115236,6.411213030482e-4,1.866133871922e-4,0.015618874031617,0.0098867424807698,0.0077647207281683,0.0075933943901743,36,5,0.00521590212649432,7.244308509019888e-4,-0.001687489224091,-4.545079158559999e-4,-0.005732131550847201,1.713263379940003e-4,0.004491471275592331,91,0.4772861897945404,0.482534816986523,Point estimate,Strict no-imputation,Complete,NA,NA,NA,NA
GBD_UF,UF,Cupriavidus_metallidurans,6901105,0.0021516844041642,0.001895928260764,6.593147039495e-4,5.772988528648e-4,0.0766639545406134,0.0500005433912395,0.0042554414141308,0.0048774425688397,32,22,0.004636938577227849,0.003187895271844147,-2.557561434001999e-4,-8.201585108469996e-5,-0.02666341114937389,-6.220011547088998e-4,0.001449043305383702,92,0.41509681940078735,0.512651860764269,Point estimate,Strict no-imputation,Complete,NA,NA,NA,NA
GBD_UF,UF,Shigella_boydii,4825405,0.0880508475454391,0.0805078537449188,0.0011808335258905,7.481237326193e-4,0.116644716868325,0.0998778340885376,0.0048809054233434,0.0024533496338904,28,7,0.005802621748848024,0.001450655437212006,-0.007542993800520301,-4.327097932712e-4,-0.0167668827797874,0.002427555789453,0.004351966311636018,93,0.5402259826660156,0.668632569324507,Point estimate,Strict no-imputation,Complete,NA,NA,NA,NA
GBD_UF,UF,Aeromonas_hydrophila,4744448,0.0692042572708142,0.046212119934711,3.876109507365e-4,9.40046133923272e-5,0.0906356229428586,0.0583241717476932,0.0151281537667378,0.0153761833505245,27,5,0.005690862245723844,0.001053863378837749,-0.0229921373361032,-2.936063373441728e-4,-0.0323114511951654,-2.480295837866998e-4,0.004636998866886095,94,0.44477173686027527,0.444026332647125,Point estimate,Strict no-imputation,Complete,NA,NA,NA,NA
GBD_UF,UF,Staphylococcus_aureus,2821361,3.66844228725e-4,3.888194385617e-4,2.289675089433e-4,1.22281409575e-4,0.0025686184788121,0.0013847926585786,0.0169698841431561,0.0119159929994223,18,3,0.006379899630001266,0.001063316605000211,2.197520983670002e-5,-1.066860993683e-4,-0.0011838258202335,0.005053891143733799,0.005316583025001055,96,0.44315049052238464,0.608925855379077,Point estimate,Strict no-imputation,Complete,NA,NA,NA,NA
GBD_UF,UF,Shigella_dysenteriae,5192674,0.0516196472183695,0.044485750501572,7.918848747291e-4,3.797658008185e-4,0.0678305628275527,0.0548994602780763,0.007155625939601,0.0016612622123702,14,0,0.002696106091004365,0,-0.007133896716797504,-4.121190739106e-4,-0.0129311025494764,0.0054943637272308,0.002696106091004365,97,0.5721622705459595,0.740142805405214,Point estimate,Strict no-imputation,Complete,NA,NA,NA,NA
GBD_UF,UF,Nocardia_farcinica,6292344,9.889796234916e-4,5.934195587526e-4,8.7089962023691e-5,4.60877536256759e-5,0.0021275060613341,0.0011335998159032,0.0069383616647581,0.0122758620771868,4,4,6.356931534575986e-4,6.356931534575986e-4,-3.95560064739e-4,-4.10022083980151e-5,-9.939062454309001e-4,-0.005337500412428701,0,98,0.3984202444553375,0.113943518511943,Point estimate,Strict no-imputation,Complete,NA,NA,NA,NA
GBD_UF,UF,Bacteroides_fragilis,5241700,0.0377780109506457,0.0323105099490622,7.91727874544518e-5,8.92840109124897e-5,0.0466352519220862,0.0396913215178281,0.0050120482961815,0.0069357715865484,3,5,5.723334032851937e-4,9.538890054753229e-4,-0.005467501001583504,1.011122345803789e-5,-0.0069439304042581,-0.0019237232903669,-3.815556021901291e-4,99,0.5595436692237854,0.51283753243116,Point estimate,Strict no-imputation,Complete,NA,NA,NA,NA
GBD_UF,UF,Mycobacterium_xenopi,5251936,6.281493148431e-4,3.514894317066e-4,1.818377070855e-4,4.24605326492913e-5,0.0022477425467484,6.848902956928e-4,0.0012954842981864,0,1,0,1.904059760058005e-4,0,-2.766598831365e-4,-1.393771744362087e-4,-0.0015628522510556,0.0012954842981864,1.904059760058005e-4,100,0.4169221520423889,0.383608934525472,Point estimate,Strict no-imputation,Complete,NA,NA,NA,NA
GBD_UF,UF,Laribacter_hongkongensis,3110307,0.0679826782372286,0.0477046156536958,2.257011928404e-4,4.53331455705146e-5,0.082790862766922907,0.0562404289994524,0,0,0,0,0,0,-0.0202780625835328,-1.803680472698854e-4,-0.02655043376747051,0,0,102,0.4681619703769684,0.505225753710434,Point estimate,Strict no-imputation,Complete,NA,NA,NA,NA
GBD_UF,UF,Pseudomonas_alcaligenes,4406305,0.0292369683896144,0.0161100967817706,6.78573090151498e-5,2.31486472225594e-5,0.0352265673846908,0.0185706618130156,0,0.0478431372081532,0,2,0,4.538950435795979e-4,-0.0131268716078438,-4.470866179259039e-5,-0.0166559055716752,-0.0478431372081532,-4.538950435795979e-4,107,-0.21247726678848267,0.426224942871011,Point estimate,Strict no-imputation,Complete,NA,NA,NA,NA
GBD_UV_Cl,UV_Cl,Aeromonas_caviae,4586140,0.484677310330692,0.463915842080704,0.0162450339501192,0.0103636173339671,0.888592585485833,0.800804162105823,0.007372542540117,0.0078695168778146,655,468,0.1428216321350853,0.1020466012812518,-0.02076146824998798,-0.0058814166161521,-0.08778842338001003,-4.969743376976006e-4,0.04077503085383351,112,-0.1551506072282791,-0.295621534802281,Point estimate,Strict no-imputation,Complete,NA,NA,NA,NA
GBD_UV_Cl,UV_Cl,Bordetella_hinzii,5033537,0.0037623643175762,0.0030795442647982,0.0017228441948474,0.0015939090146749,0.0179029179680212,0.0172838701692269,0.0208717212699546,0.0197049664259402,266,242,0.05284554379951911,0.04807752481008881,-6.828200527780001e-4,-1.289351801724999e-4,-6.190477987942991e-4,0.001166754844014399,0.004768018989430294,113,-0.23344604671001434,-0.256432579430054,Point estimate,Strict no-imputation,Complete,NA,NA,NA,NA
GBD_UV_Cl,UV_Cl,Aliarcobacter_cryaerophilus,2108340,0.227420624756917,0.368705237295692,0.0093049508143847,0.069243101207585,0.425606401244581,1.04538831497766,0.0083576306762989,0.0084105458298483,213,1495,0.1010273485301232,0.7090886669133062,0.141284612538775,0.05993815039320031,0.6197819137330789,-5.291515354939949e-5,-0.608061318383183,114,0.3386859893798828,0.169554209855244,Point estimate,Strict no-imputation,Complete,NA,NA,NA,NA
GBD_UV_Cl,UV_Cl,Acinetobacter_lwoffii,3528101,0.0479872883457701,0.0319432465227043,0.0057535200948044,0.0055959282344807,0.147657904351377,0.117129866747012,0.005815917372122,0.0065745217127017,202,204,0.05725459673631792,0.05782147393172701,-0.0160440418230658,-1.575918603237006e-4,-0.030528037604365,-7.586043405796994e-4,-5.66877195409092e-4,115,-0.2459227591753006,-0.347030627013962,Point estimate,Strict no-imputation,Complete,NA,NA,NA,NA
GBD_UV_Cl,UV_Cl,Achromobacter_xylosoxidans,6901970,0.0179979049459791,0.0153380846338073,0.0047682038606368,0.0037319779715066,0.0611784751310132,0.0515510788948661,0.0045170385301095,0.0035545794834621,173,94,0.02506530744120881,0.01361929999695739,-0.002659820312171799,-0.0010362258891302,-0.009627396236147105,9.624590466473996e-4,0.01144600744425142,116,-0.1562749147415161,-0.306882626090294,Point estimate,Strict no-imputation,Complete,NA,NA,NA,NA
GBD_UV_Cl,UV_Cl,Escherichia_coli,10236257,0.0592563277768426,0.0589434204319019,5.835140715986e-4,6.111608960188e-4,0.0772650588979936,0.0777204011192762,0.008608332904523,0.0118266178480804,76,96,0.007424588890255491,0.009378428071901672,-3.129073449407022e-4,2.764682442019995e-5,4.553422212826008e-4,-0.003218284943557401,-0.00195383918164618,118,-0.00888795405626297,-0.177763375259449,Point estimate,Strict no-imputation,Complete,NA,NA,NA,NA
GBD_UV_Cl,UV_Cl,Cupriavidus_metallidurans,6901105,0.0028149115250383,0.0030125610318926,0.0012299479576096,0.0010699735766953,0.0972076210983603,0.0986831818962325,0.0066388972124661,0.009379050100095,74,111,0.0107229204598394,0.01608438068975911,1.976495068543001e-4,-1.599743809143001e-4,0.0014755607978722,-0.0027401528876289,-0.005361460229919703,119,0.014695382677018642,-0.247249538255513,Point estimate,Strict no-imputation,Complete,NA,NA,NA,NA
GBD_UV_Cl,UV_Cl,Klebsiella_pneumoniae,5682322,0.0772062899638562,0.090721891508436,0.0017418935428157,0.0016315513270806,0.117539273557535,0.130200998817032,0.0046862843247898,0.0043823918199705,56,34,0.009855126126256133,0.005983469433798367,0.0135156015445798,-1.103422157351e-4,0.01266172525949701,3.038925048193001e-4,0.003871656692457766,121,0.26856672763824463,-0.18725911871416,Point estimate,Strict no-imputation,Complete,NA,NA,NA,NA
GBD_UV_Cl,UV_Cl,Nocardia_brasiliensis,8935513,3.486089718631e-4,5.034965535834e-4,5.29348454867672e-5,6.88264904320546e-5,8.604989998895e-4,0.0011644546877163,0.0301544152783036,0.0039530262714478,25,1,0.002797824814311165,1.119129925724466e-4,1.548875817203e-4,1.58916449452874e-5,3.039556878268e-4,0.0262013890068558,0.002685911821738718,122,-0.06210244446992874,-0.594918111940188,Point estimate,Strict no-imputation,Complete,NA,NA,NA,NA
GBD_UV_Cl,UV_Cl,Aeromonas_hydrophila,4744448,0.124947728376409,0.073867813494847,5.526459558625e-4,2.46604030648e-4,0.165155356323854,0.0927770733286569,0.0082271510776357,0.0063388568723303,24,7,0.005058544218421195,0.001475408730372848,-0.05107991488156199,-3.060419252145e-4,-0.07237828299519711,0.0018882942053054,0.003583135488048347,123,-0.24279028177261353,-0.329458945750232,Point estimate,Strict no-imputation,Complete,NA,NA,NA,NA
GBD_UV_Cl,UV_Cl,Nocardia_farcinica,6292344,0.001127401807657,0.0012661418383991,2.021504227995e-4,2.274192256494e-4,0.0036776438160405,0.0037858705754166,0.0126464251639707,0.0081130971365421,22,15,0.003496312344016793,0.002383849325465995,1.387400307421001e-4,2.526880284989998e-5,1.082267593761001e-4,0.004533328027428599,0.001112463018550798,124,-0.02650650218129158,-0.570844388224825,Point estimate,Strict no-imputation,Complete,NA,NA,NA,NA
GBD_UV_Cl,UV_Cl,Shigella_boydii,4825405,0.0625810683248348,0.0728299489887377,8.799261409145e-4,8.681136609258e-4,0.0823342289403687,0.0954205916394582,0.0039479521103641,0.0040130119501306,21,18,0.004351966311636018,0.003730256838545159,0.01024888066390289,-1.181247998869998e-5,0.0130863626990895,-6.505983976650039e-5,6.217094730908593e-4,125,0.2872277498245239,-0.084141314866973,Point estimate,Strict no-imputation,Complete,NA,NA,NA,NA
GBD_UV_Cl,UV_Cl,Shigella_sonnei,4994001,0.0385244216010368,0.0456295463296863,6.12735159644539e-5,4.10492508912192e-5,0.0445218172763681,0.0518371942656798,0.0204284680045507,0,12,0,0.002402882978998202,0,0.007105124728649499,-2.02242650732347e-5,0.0073153769893117,0.0204284680045507,0.002402882978998202,126,0.030447712168097496,-0.400020431569873,Point estimate,Strict no-imputation,Complete,NA,NA,NA,NA
GBD_UV_Cl,UV_Cl,Pseudomonas_alcaligenes,4406305,0.0424305625688643,0.1548006776653,1.211899766357e-4,2.904928278909e-4,0.050879364910055,0.20031205284246,0.0125379923465993,0.0147309459978715,10,26,0.00226947521789799,0.005900635566534772,0.1123701150964357,1.693028512552e-4,0.149432687932405,-0.0021929536512722,-0.003631160348636782,127,0.3751727342605591,0.0812524849677061,Point estimate,Strict no-imputation,Complete,NA,NA,NA,NA
GBD_UV_Cl,UV_Cl,Staphylococcus_aureus,2821361,4.20010058975e-4,4.150479148184e-4,1.474465692266e-4,1.293701869416e-4,0.001850879770437,0.0014188187899386,0.009397806169895,0.0248715438254891,6,6,0.002126633210000422,0.002126633210000422,-4.962144156600025e-6,-1.8076382285e-5,-4.320609804983999e-4,-0.0154737376555941,0,128,0.04377174749970436,-0.015122176074761,Point estimate,Strict no-imputation,Complete,NA,NA,NA,NA
GBD_UV_Cl,UV_Cl,Laribacter_hongkongensis,3110307,0.0896281299563033,0.081031550904782,1.675075804413e-4,2.089825859633e-4,0.111817579422224,0.100762722136432,0.0079505221628641,0.002215384703416,5,3,0.001607558353564455,9.645350121386731e-4,-0.008596579051521308,4.147500552199998e-5,-0.011054857285792,0.005735137459448101,6.430233414257822e-4,129,-0.1783633977174759,-0.222548060599801,Point estimate,Strict no-imputation,Complete,NA,NA,NA,NA
GBD_UV_Cl,UV_Cl,Mycobacterium_kansasii,6577228,0.0051509541709667,0.0043501608884471,2.054056815424e-4,1.474785426321e-4,0.0104408726594242,0.0078492033421981,0.0018449087305301,0.0071273414744533,5,4,7.601986733620911e-4,6.081589386896729e-4,-8.007932825195999e-4,-5.79271389103e-5,-0.002591669317226099,-0.0052824327439232,1.520397346724183e-4,130,0.01328999362885952,-0.219664007629004,Point estimate,Strict no-imputation,Complete,NA,NA,NA,NA
GBD_UV_Cl,UV_Cl,Shigella_dysenteriae,5192674,0.0353295816375146,0.0404928173807945,6.430213027044e-4,6.141344517294e-4,0.046099369997038,0.0520600754062357,0.0022149647592463,0.0060334881296274,4,27,7.703160260012471e-4,0.005199633175508418,0.005163235743279898,-2.888685097499999e-5,0.0059607054091977,-0.0038185233703811,-0.004429317149507171,131,0.3041355609893799,0.106053905698287,Point estimate,Strict no-imputation,Complete,NA,NA,NA,NA
GBD_UV_Cl,UV_Cl,Mycobacterium_xenopi,5251936,8.922424035631e-4,0.0012762912571668,1.148148035314e-4,1.098642481553e-4,0.0022490753885804,0.0028376202604143,0.003410292007832,0.0036893511768849,2,3,3.808119520116011e-4,5.712179280174016e-4,3.840488536036999e-4,-4.950555376100006e-6,5.885448718338997e-4,-2.790591690529001e-4,-1.904059760058005e-4,133,0.008350511081516743,-0.305412692790709,Point estimate,Strict no-imputation,Complete,NA,NA,NA,NA
GBD_UV_Cl,UV_Cl,Bacteroides_fragilis,5241700,0.018011332201385,0.02991987332354,5.24638953011427e-5,2.291241391151e-4,0.0227899345632141,0.0391655378980101,0,0.0012674622988323,0,2,0,3.815556021901291e-4,0.011908541122155,1.766602438139573e-4,0.016375603334796,-0.0012674622988323,-3.815556021901291e-4,134,0.3101496696472168,-0.0529174389877858,Point estimate,Strict no-imputation,Complete,NA,NA,NA,NA
HBZZ_Song_O3,O3,Cupriavidus_metallidurans,6901105,0.0037902625738921,0.0017840621175884,0.0015087438895655,8.743527304685e-4,0.400232426546183,0.0563840138644463,0.0067031844660404,0.005910546224679,139,60,0.02014170194483347,0.008694259832302218,-0.0020062004563037,-6.343911590969999e-4,-0.3438484126817367,7.926382413613996e-4,0.01144744211253126,142,0.047181472182273865,-0.177144165569531,Point estimate,Strict no-imputation,Complete,NA,NA,NA,NA
HBZZ_Song_O3,O3,Aliarcobacter_cryaerophilus,2108340,0.150709562973713,0.0687972528150108,0.0043157175787585,7.612624149804e-4,0.249306089150706,0.0959902103076354,0.0041941026695902,0.0055693844025751,31,16,0.01470351081893812,0.007588908809774515,-0.08191231015870219,-0.003554455163778099,-0.1533158788430706,-0.0013752817329849,0.007114602009163607,144,-0.027492884546518326,0.302421904667036,Point estimate,Strict no-imputation,Complete,NA,NA,NA,NA
HBZZ_Song_O3,O3,Klebsiella_pneumoniae,5682322,0.0133899486864699,0.0078249701442473,0.0015843875091907,8.82209772695e-4,0.0483050766922395,0.0168455782688837,0.0028037449511953,0.0018859495309068,28,3,0.004927563063128066,5.2795318533515e-4,-0.0055649785422226,-7.021777364957e-4,-0.0314594984233558,9.177954202885001e-4,0.004399609877792916,145,0.07611285895109177,0.0256076627031804,Point estimate,Strict no-imputation,Complete,NA,NA,NA,NA
HBZZ_Song_O3,O3,Acinetobacter_lwoffii,3528101,0.0036489885068482,0.0052308593206373,0.002190130044463,0.0015152627433284,0.0541945936354996,0.0249947492999774,0.0016430059904204,0.0012889149324571,17,6,0.00481845616097725,0.001700631586227265,0.0015818708137891,-6.748673011345999e-4,-0.0291998443355222,3.540910579633001e-4,0.003117824574749985,146,0.30791550874710083,0.179047214700831,Point estimate,Strict no-imputation,Complete,NA,NA,NA,NA
HBZZ_Song_O3,O3,Achromobacter_xylosoxidans,6901970,0.0047363289031971,0.0029703113748682,0.0011198252093242,6.656070658087e-4,0.0245768961615306,0.0140233875255904,0.0013567320216841,9.036845599353e-4,16,6,0.002318178722886364,8.693170210823867e-4,-0.0017660175283289,-4.542181435155e-4,-0.0105535086359402,4.530474617488e-4,0.001448861701803977,147,0.05556806921958923,-0.182096634665403,Point estimate,Strict no-imputation,Complete,NA,NA,NA,NA
HBZZ_Song_O3,O3,Aeromonas_hydrophila,4744448,0.407666603153833,0.393448932309933,0.0081096894728322,0.0063457329493336,0.681408880442993,0.633462101386715,5.186416990283e-4,7.499710765248e-4,13,24,0.002740044784978147,0.005058544218421195,-0.01421767084390002,-0.0017639565234986,-0.04794677905627798,-2.313293774965e-4,-0.002318499433443048,148,-0.02316351793706417,0.231424814561308,Point estimate,Strict no-imputation,Complete,NA,NA,NA,NA
HBZZ_Song_O3,O3,Chryseobacterium_gleum,5643321,0.119200378642292,0.0234330104560771,0.0010669249542955,4.83757702246602e-5,0.165467284246279,0.0300767934342207,5.721471531805e-4,0.0011721611459613,4,0,7.088024941342163e-4,0,-0.0957673681862149,-0.00101854918407084,-0.1353904908120583,-6.000139927808e-4,7.088024941342163e-4,152,-0.24254046380519867,0.191449237738158,Point estimate,Strict no-imputation,Complete,NA,NA,NA,NA
HBZZ_Song_O3,O3,Escherichia_coli,10236257,0.0234416740415954,0.0090090547746114,5.68567201858934e-5,2.85260520520342e-5,0.0287666673472539,0.0106618073383659,0.0062765134978539,8.386916493716e-4,4,0,3.907678363292364e-4,0,-0.014432619266984,-2.83306681338592e-5,-0.018104860008888,0.0054378218484823,3.907678363292364e-4,153,-0.07506420463323593,0.152693599957915,Point estimate,Strict no-imputation,Complete,NA,NA,NA,NA
HBZZ_Song_O3,O3,Aeromonas_caviae,4586140,0.0233529722162864,0.016012594469423,3.399372893108e-4,8.3076399761019e-5,0.0316675897377751,0.0208901167430562,6.326643452574e-4,0,1,0,2.180482933360081e-4,0,-0.007340377746863403,-2.56860889549781e-4,-0.0107774729947189,6.326643452574e-4,2.180482933360081e-4,154,0.06440362334251404,0.0976778715345826,Point estimate,Strict no-imputation,Complete,NA,NA,NA,NA
HBZZ_Song_O3,O3,Mycobacterium_kansasii,6577228,1.50823416795e-4,1.588815227326e-4,6.00556951956052e-5,4.83486356258289e-5,4.68738501995e-4,9.548095337427e-4,0.0058869657637198,0.0018428783371763,0,1,0,1.520397346724182e-4,8.058105937599997e-6,-1.17070595697763e-5,4.860710317477e-4,0.0040440874265435,-1.520397346724182e-4,161,0.10821951925754547,0.273980357228435,Point estimate,Strict no-imputation,Complete,NA,NA,NA,NA
HBZZ_Song_O3,O3,Nocardia_brasiliensis,8935513,1.301548103617e-4,1.273569855474e-4,3.62598095934727e-5,3.74908525117696e-5,3.618147049867e-4,6.336513639451e-4,0,3.714758958389e-4,0,0,0,0,-2.797824814299997e-6,1.231042918296903e-6,2.718366589584e-4,-3.714758958389e-4,0,163,0.0852411687374115,0.120197569996167,Point estimate,Strict no-imputation,Complete,NA,NA,NA,NA
HBZZ_West_Cl,Cl,Pseudomonas_alcaligenes,4406305,0.394345602494607,0.496418200737352,0.0097512541687422,0.0159174183357711,0.678625061133988,0.907190718754148,0.0058970783933832,0.0087263771303892,364,792,0.0826088979314868,0.1797424372575208,0.102072598242745,0.006166164167028901,0.22856565762016,-0.002829298737006,-0.09713353932603395,171,0.15011858940124512,0.451722081148986,Point estimate,Strict no-imputation,Complete,NA,NA,NA,NA
HBZZ_West_Cl,Cl,Pseudomonas_putida,6156701,0.0089065556375078,0.0076539367430706,0.0045358707528593,4.09310115920847e-5,0.221105588853511,0.0104084963684284,0.0032766885409286,0.0017636683252122,189,1,0.03069825869406359,1.624246491749396e-4,-0.0012526188944372,-0.004494939741267215,-0.2106970924850826,0.0015130202157164,0.03053583404488865,172,0.16114144027233124,0.340971076263739,Point estimate,Strict no-imputation,Complete,NA,NA,NA,NA
HBZZ_West_Cl,Cl,Cupriavidus_metallidurans,6901105,0.0018084060451188,0.0035574013147169,0.0012022712304768,0.0016403170216943,9.53634917886338,1.55158557941083,0.0038652235921123,0.0143761398224653,86,351,0.01246177242629985,0.05086142001896798,0.0017489952695981,4.380457912175001e-4,-7.984763599452551,-0.010510916230353,-0.03839964759266813,174,0.2716379165649414,0.458016052268938,Point estimate,Strict no-imputation,Complete,NA,NA,NA,NA
HBZZ_West_Cl,Cl,Achromobacter_xylosoxidans,6901970,0.0031118651631345,0.0156575586390551,0.0021057755974018,0.0057461855093545,0.558354498788027,0.0929001430026498,0.0018669497290914,0.0133010865888448,50,1071,0.007244308509019889,0.155173088263206,0.0125456934759206,0.0036404099119527,-0.4654543557853772,-0.0114341368597534,-0.1479287797541861,175,0.13756565749645233,0.498099959668534,Point estimate,Strict no-imputation,Complete,NA,NA,NA,NA
HBZZ_West_Cl,Cl,Klebsiella_pneumoniae,5682322,0.0017394297612842,0.007364594966635,7.532132110781e-4,0.0057629609867233,0.166317396303834,0.187115056133742,0.005808751069218,0.0059204910931216,47,438,0.008271266570250683,0.0770811650589319,0.0056251652053508,0.0050097477756452,0.020797659829908,-1.117400239035995e-4,-0.06880989848868121,176,0.31327128410339355,0.335922359784793,Point estimate,Strict no-imputation,Complete,NA,NA,NA,NA
HBZZ_West_Cl,Cl,Pseudomonas_mendocina,5372474,0.0037640014637576,4.437434224902e-4,0.0011344866443281,4.03910749498275e-5,0.047231685067252,8.858116391069e-4,0.0030739207948398,0.0350568964734056,35,15,0.006514689508036707,0.002792009789158589,-0.0033202580412674,-0.001094095569378273,-0.0463458734281451,-0.0319829756785658,0.003722679718878118,177,-0.03530484810471535,0.0860897808880062,Point estimate,Strict no-imputation,Complete,NA,NA,NA,NA
HBZZ_West_Cl,Cl,Acinetobacter_lwoffii,3528101,9.917516533681e-4,0.0473458667991647,2.94776141612717e-5,0.0084351326676871,0.0018633253413096,0.34504227628404,0.0149786323308944,0.0040988397243762,0,240,0,0.0680252634490906,0.0463541151457966,0.008405655053525828,0.3431789509427304,0.0108797926065182,-0.0680252634490906,181,0.30081507563591003,-0.498096342939259,Point estimate,Strict no-imputation,Complete,NA,NA,NA,NA
HBZZ_West_Cl,Cl,Ralstonia_solanacearum,5530249,1.446589475446e-4,0.0013180238358164,2.62194342424726e-5,2.74490352966e-4,3.833462109933e-4,0.0039311068995265,0,0.0278511068566514,0,66,0,0.01193436317243582,0.0011733648882718,2.482709187235274e-4,0.003547760688533201,-0.0278511068566514,-0.01193436317243582,190,0.1682681292295456,0.36960703526513,Point estimate,Strict no-imputation,Complete,NA,NA,NA,NA
JXQ_Cl,Cl,Aliarcobacter_cryaerophilus,2108340,0.412411186051585,0.353040306591915,0.110359809138943,0.0531389624064429,1.4078455087889,0.919498278266314,0.0092189552039525,0.008338002728273,2863,1148,1.357940370149027,0.5445042071013214,-0.05937087945967001,-0.0572208467325001,-0.4883472305225859,8.809524756795001e-4,0.8134361630477059,192,-0.05089379847049713,-0.1252200186754,Point estimate,Strict no-imputation,Complete,NA,NA,NA,NA
JXQ_Cl,Cl,Escherichia_coli,10236257,0.057399399018606,0.0424575115689259,2.908289621879e-4,1.700817007622e-4,0.0710941509186414,0.0517487007213671,0.0138640889073924,0.011217411481259,48,28,0.004689214035950836,0.002735374854304654,-0.0149418874496801,-1.207472614257e-4,-0.01934545019727429,0.002646677426133399,0.001953839181646181,193,-0.07467145472764969,0.0673672921948384,Point estimate,Strict no-imputation,Complete,NA,NA,NA,NA
JXQ_Cl,Cl,Klebsiella_pneumoniae,5682322,0.0531682294667566,0.0311788033131525,0.0011481221937087,6.314320096607e-4,0.0738097911382001,0.0425053349669378,0.0038965532452244,0.0049909630181915,39,7,0.006863391409356949,0.001231890765782017,-0.0219894261536041,-5.16690184048e-4,-0.0313044561712623,-0.0010944097729671,0.005631500643574932,194,-0.06704960763454437,1.66057243015734e-4,Point estimate,Strict no-imputation,Complete,NA,NA,NA,NA
JXQ_Cl,Cl,Acinetobacter_lwoffii,3528101,0.0170828442836528,0.0193285282932659,0.002732064643274,0.0023511231679591,0.0476290219582715,0.0468138525512733,0.0030981229850272,0.0043593341072613,37,53,0.01048722811506814,0.01502224567834084,0.0022456840096131,-3.809414753148999e-4,-8.151694069981966e-4,-0.0012612111222341,-0.004535017563272707,195,0.3266584575176239,0.329818647639967,Point estimate,Strict no-imputation,Complete,NA,NA,NA,NA
JXQ_Cl,Cl,Aeromonas_caviae,4586140,0.201196867082121,0.219499622776452,0.0010405264557994,7.616426886226e-4,0.273933198724853,0.299070896222095,0.0053489269674673,0.0044979885318645,33,15,0.007195593680088266,0.003270724400040121,0.01830275569433099,-2.788837671767999e-4,0.02513769749724198,8.509384356028002e-4,0.003924869280048145,197,0.28531596064567566,0.241404013962203,Point estimate,Strict no-imputation,Complete,NA,NA,NA,NA
JXQ_Cl,Cl,Cupriavidus_metallidurans,6901105,0.0021503802651893,0.0017301577066281,5.916443815881e-4,5.126715214447e-4,0.044487078518585,0.0276260106171402,0.0052679878530215,0.0030752117937738,26,10,0.003767512593997628,0.001449043305383703,-4.202225585612002e-4,-7.897286014339993e-5,-0.0168610679014448,0.0021927760592477,0.002318469288613925,198,0.13016577064990997,0.174115265007814,Point estimate,Strict no-imputation,Complete,NA,NA,NA,NA
JXQ_Cl,Cl,Shigella_boydii,4825405,0.0691071526638696,0.0527029337433852,4.341604487084e-4,2.598745597519e-4,0.0872534015279546,0.0653165900064346,0.0072024730623193,0.0049460953787753,24,9,0.004973675784726878,0.001865128419272579,-0.0164042189204844,-1.742858889565e-4,-0.02193681152152001,0.002256377683544,0.003108547365454298,199,-0.02592293918132782,-0.142494063441341,Point estimate,Strict no-imputation,Complete,NA,NA,NA,NA
JXQ_Cl,Cl,Bacteroides_fragilis,5241700,0.083160997386344,0.0494173645954556,9.019974435773e-4,3.89186714233928e-5,0.110173607798996,0.0603632409332849,0.0028229415694065,0,17,0,0.003243222618616098,0,-0.0337436327908884,-8.630787721539072e-4,-0.0498103668657111,0.0028229415694065,0.003243222618616098,200,-0.02592293918132782,-0.0517881507938518,Point estimate,Strict no-imputation,Complete,NA,NA,NA,NA
JXQ_Cl,Cl,Achromobacter_xylosoxidans,6901970,0.0048013827936081,0.0031615611195064,1.048975872105e-4,2.83976893553579e-5,0.0077976287929387,0.0049028031127344,0.0040883978427443,0.0176303858051494,6,4,8.693170210823867e-4,5.79544680721591e-4,-0.0016398216741017,-7.64998978551421e-5,-0.0028948256802043,-0.0135419879624051,2.897723403607956e-4,202,-0.15568408370018005,0.108492842608694,Point estimate,Strict no-imputation,Complete,NA,NA,NA,NA
JXQ_Cl,Cl,Staphylococcus_aureus,2821361,3.8704724422e-4,3.161594705533e-4,1.13774876735e-4,2.58740373883384e-5,0.0013305635117235,8.212348579284e-4,0.011423617879921,0.0087671230917107,3,0,0.001063316605000211,0,-7.088777366670004e-5,-8.79008393466616e-5,-5.093286537951001e-4,0.0026564947882103,0.001063316605000211,204,0.20046605169773102,0.199020051187768,Point estimate,Strict no-imputation,Complete,NA,NA,NA,NA
JXQ_Cl,Cl,Bordetella_hinzii,5033537,0.0013741828062453,9.879732681015e-4,5.20508739679473e-5,2.18534203682221e-6,0.0022383862480796,0.001528746088486,0.0153944021417894,0.0872727253220297,2,0,3.973349157858579e-4,0,-3.862095381437999e-4,-4.986553193112509e-5,-7.096401595935999e-4,-0.0718783231802403,3.973349157858579e-4,205,-0.11331242322921753,0.198799899826377,Point estimate,Strict no-imputation,Complete,NA,NA,NA,NA
JXQ_Cl,Cl,Laribacter_hongkongensis,3110307,0.0640026852654737,0.045894826459253,3.9867447168398e-5,1.25389551578025e-5,0.0757159984528858,0.0557546248650052,0.0080645161290322,0,2,0,6.43023341425782e-4,0,-0.0181078588062207,-2.73284920105955e-5,-0.0199613735878806,0.0080645161290322,6.43023341425782e-4,206,0.013257443904876709,0.106103162485845,Point estimate,Strict no-imputation,Complete,NA,NA,NA,NA
JXQ_Cl,Cl,Shigella_dysenteriae,5192674,0.0371506087229815,0.0286921535994749,3.219920988685e-4,1.771726859802e-4,0.0462430339358872,0.0355658760784905,0.0046020065697186,0.0053913045188654,2,9,3.851580130006236e-4,0.001733211058502806,-0.008458455123506604,-1.448194128883e-4,-0.01067715785739669,-7.892979491467998e-4,-0.001348053045502182,207,-0.010008048266172409,-0.0824961337660555,Point estimate,Strict no-imputation,Complete,NA,NA,NA,NA
JXQ_O3,O3,Aliarcobacter_cryaerophilus,2108340,0.275668535435461,0.264689281614919,0.0173733837995768,0.0173477712323439,0.556380849388618,0.545954162990788,0.0086099579960815,0.0072439690949731,376,322,0.1783393570297011,0.1527267897967121,-0.01097925382054199,-2.561256723290078e-5,-0.01042668639782995,0.0013659889011084,0.02561256723298899,220,0.07691185176372528,0.430593407949759,Point estimate,Strict no-imputation,Complete,NA,NA,NA,NA
JXQ_O3,O3,Acinetobacter_lwoffii,3528101,0.0207423200186162,0.0183534995171623,0.0024225496945806998,0.0022989704659815,0.0476905281339734,0.047373360343142,0.0030963091846374,0.0038090806870994,26,33,0.007369403540318149,0.009353473724249958,-0.002388820501453899,-1.235792285991999e-4,-3.171677908314005e-4,-7.127715024619996e-4,-0.001984070183931809,221,0.06511542946100235,0.298112900570108,Point estimate,Strict no-imputation,Complete,NA,NA,NA,NA
JXQ_O3,O3,Achromobacter_xylosoxidans,6901970,0.0072240244451945,0.0078731144876027,0.001093166154011,0.0018047021357669,0.0180052941406583,0.0238549283755217,0.0033264733925016,0.0049887733078186,24,68,0.003477268084329547,0.009852259572267048,6.490900424082e-4,7.115359817559e-4,0.005849634234863402,-0.001662299915317,-0.006374991487937501,222,0.36376050114631653,0.43764756342923,Point estimate,Strict no-imputation,Complete,NA,NA,NA,NA
JXQ_O3,O3,Cupriavidus_metallidurans,6901105,0.0021115459046051,0.0022018213025305,5.415074832218e-4,6.032367280312e-4,0.0549297540031632,0.0645508219335889,0.0029230528347371,0.0041124533782233,13,17,0.001883756296998814,0.002463373619152295,9.02753979254e-5,6.172924480940002e-5,0.009621067930425692,-0.0011894005434862,-5.796173221534816e-4,224,0.1859050840139389,0.392823379360403,Point estimate,Strict no-imputation,Complete,NA,NA,NA,NA
JXQ_O3,O3,Bordetella_hinzii,5033537,0.0016771506795321,0.0020087266667554,9.65523845359634e-5,3.083318946498e-4,0.0031071590414454,0.0051661485750477,0.0168031864941365,0.0199583696067026,11,36,0.002185342036822219,0.007152028484145443,3.315759872233003e-4,2.117795101138366e-4,0.0020589895336023,-0.003155183112566101,-0.004966686447323224,225,0.21033665537834167,0.327060481434102,Point estimate,Strict no-imputation,Complete,NA,NA,NA,NA
JXQ_O3,O3,Escherichia_coli,10236257,0.0348826724456018,0.0397318082185704,1.231895604027e-4,1.497617732731e-4,0.0414334067618661,0.0471903939105866,0.0064694107193308,0.0090726817735098,11,11,0.0010746115499054,0.0010746115499054,0.004849135772968596,2.657221287040001e-5,0.005756987148720506,-0.002603271054179001,0,226,0.3263838291168213,0.230128591586561,Point estimate,Strict no-imputation,Complete,NA,NA,NA,NA
JXQ_O3,O3,Aeromonas_caviae,4586140,0.1668804266769,0.155862664462925,4.489614359788e-4,3.035232243237e-4,0.212869646369277,0.200039466741093,0.0033783434721496,0.0030172413707464,7,3,0.001526338053352056,6.541448800080241e-4,-0.01101776221397502,-1.454382116551e-4,-0.012830179628184,3.611021014031999e-4,8.721931733440323e-4,227,0.051189590245485306,0.348112815172126,Point estimate,Strict no-imputation,Complete,NA,NA,NA,NA
JXQ_O3,O3,Klebsiella_pneumoniae,5682322,0.0277617143132683,0.0387793933536324,6.205209771639e-4,0.0011380910831873,0.0377319342339275,0.0577022914224149,0.0029401814842926,0.0039481364982057,4,22,7.039375804468666e-4,0.003871656692457766,0.0110176790403641,5.175701060234001e-4,0.0199703571884874,-0.0010079550139131,-0.003167719112010899,228,0.1539408564567566,0.383120332188626,Point estimate,Strict no-imputation,Complete,NA,NA,NA,NA
JXQ_O3,O3,Legionella_longbeachae,4149158,0.0010076743281407,3.988761093214e-4,6.84476223850718e-5,2.74754540559795e-5,0.0014692137537302,6.637491269312e-4,0.0022995113067223,0.0126315794493022,1,3,2.410127548770136e-4,7.230382646310408e-4,-6.087982188192999e-4,-4.09721683290923e-5,-8.054646267990001e-4,-0.0103320681425799,-4.820255097540272e-4,231,0.03991972655057907,0.348792359094261,Point estimate,Strict no-imputation,Complete,NA,NA,NA,NA
JXQ_O3,O3,Shigella_dysenteriae,5192674,0.0234179923484509,0.0255365539989608,7.06764953856144e-5,1.403900957386e-4,0.0280604944581538,0.0306123588732895,0,0.0025179088524502,0,0,0,0,0.002118561650509901,6.971360035298559e-5,0.002551864415135698,-0.0025179088524502,0,247,0.35624125599861145,0.511154928515913,Point estimate,Strict no-imputation,Complete,NA,NA,NA,NA
SZBH_UV_Cl,UV_Cl,Pseudomonas_alcaligenes,4406305,0.206749419298028,0.413434385499868,0.0294419020017906,0.0286405503023508,1.21306763830465,0.956109030128418,0.0095367419244623,0.0177620676053802,2480,4053,0.5628298540387013,0.9198183058140551,0.20668496620184,-8.013516994398e-4,-0.256958608176232,-0.0082253256809179,-0.3569884517753538,249,0.3802372217178345,0.19172059912582,Point estimate,Strict no-imputation,Complete,NA,NA,NA,NA
SZBH_UV_Cl,UV_Cl,Klebsiella_pneumoniae,5682322,0.0099021139597509,0.261070210382305,0.0028231416663821,0.0080502301699903,0.126204921157231,0.473877932295987,0.009800727727288,0.0088053061560072,381,646,0.06705005453756405,0.113685919242169,0.2511680964225541,0.0052270885036082,0.347673011138756,9.954215712807985e-4,-0.04663586470460492,250,0.2406005710363388,0.929622174503541,Point estimate,Strict no-imputation,Complete,NA,NA,NA,NA
SZBH_UV_Cl,UV_Cl,Pseudomonas_mendocina,5372474,0.0087036251827369,0.0075702553423245,0.0030261663434759,0.0013625007771093,0.0633845785014501,0.0220278404325455,0.0082380957126998,0.0142937601671192,277,163,0.05155911410646194,0.03033983970885666,-0.0011333698404124,-0.0016636655663666,-0.0413567380689046,-0.0060556644544194,0.02121927439760528,251,0.005390268284827471,0.101572485767356,Point estimate,Strict no-imputation,Complete,NA,NA,NA,NA
SZBH_UV_Cl,UV_Cl,Pseudomonas_aeruginosa,6264404,0.0138354742127104,0.0084233073090432,0.0022105853964718,3.143156156595e-4,0.0404775937184127,0.0130807336180744,0.0102914472248841,0.0133490662032301,230,41,0.03671538425682635,0.006544916324042958,-0.0054121669036672,-0.0018962697808123,-0.0273968601003383,-0.003057618978346001,0.03017046793278339,252,-0.020825175568461418,0.189672015234538,Point estimate,Strict no-imputation,Complete,NA,NA,NA,NA
SZBH_UV_Cl,UV_Cl,Shigella_boydii,4825405,0.0092591191827421,0.0580359576035586,0.0023774170250994,0.0029649324771703,0.0792598755959343,0.120467815654851,0.0057746487873576,0.0061966833382054,137,169,0.02839139927114926,0.03502296698411844,0.0487768384208165,5.875154520708996e-4,0.0412079400589167,-4.220345508477996e-4,-0.006631567712969175,253,0.36538463830947876,0.718069143812771,Point estimate,Strict no-imputation,Complete,NA,NA,NA,NA
SZBH_UV_Cl,UV_Cl,Aeromonas_hydrophila,4744448,0.304586539888307,0.578209309070307,0.0046576545891113,0.0346807468434684,0.470810724450979,1.20257467254357,0.0042975133701151,0.0070332602296671,131,1369,0.02761122052554902,0.2885477931257757,0.273622769182,0.0300230922543571,0.731763948092591,-0.002735746859552,-0.2609365726002266,254,0.15599922835826874,0.985148791209913,Point estimate,Strict no-imputation,Complete,NA,NA,NA,NA
SZBH_UV_Cl,UV_Cl,Cupriavidus_metallidurans,6901105,0.008219698149789,0.0025729212930392,0.0022215282914837,0.0015835145241233,0.184356708092399,0.123140424613159,0.0039855542267521,0.0100278244687907,118,235,0.01709871100352769,0.03405251767651702,-0.0056467768567498,-6.380137673604e-4,-0.06121628347924002,-0.0060422702420386,-0.01695380667298933,255,-0.16555142402648926,0.169044384003021,Point estimate,Strict no-imputation,Complete,NA,NA,NA,NA
SZBH_UV_Cl,UV_Cl,Shigella_sonnei,4994001,0.0044859822815413,0.0327068416686339,3.211853581927e-4,3.18181754469e-4,0.0138964729882913,0.0423990704046714,0.0248860337416132,0.0234455158681971,106,77,0.02122546631448412,0.01541849911523846,0.0282208593870926,-3.003603723700005e-6,0.0285025974163801,0.001440517873416099,0.005806967199245656,256,0.3054557144641876,-0.270522840517999,Point estimate,Strict no-imputation,Complete,NA,NA,NA,NA
SZBH_UV_Cl,UV_Cl,Acinetobacter_lwoffii,3528101,0.0136121386547606,0.0475618470106155,0.0017799943935844,0.0103837730269058,0.0371089149658697,0.267003127178048,0.0075076011051034,0.0092817102738513,72,594,0.02040757903472718,0.1683625270364992,0.0339497083558549,0.0086037786333214,0.2298942122121783,-0.0017741091687479,-0.1479549480017721,257,0.23689034581184387,0.762781944091042,Point estimate,Strict no-imputation,Complete,NA,NA,NA,NA
SZBH_UV_Cl,UV_Cl,Achromobacter_xylosoxidans,6901970,0.0041414262884364,0.0116830412186665,9.805895997808e-4,0.0049452547605972,0.0160435353964157,0.0610233020427501,0.0046856597893767,0.0086940746070294,46,469,0.006664763828298298,0.06795161381460656,0.0075416149302301,0.0039646651608164,0.04497976664633439,-0.0040084148176527,-0.06128684998630826,259,0.2586371898651123,0.435390434281246,Point estimate,Strict no-imputation,Complete,NA,NA,NA,NA
SZBH_UV_Cl,UV_Cl,Bordetella_hinzii,5033537,0.0022085861293956,0.0032386768985705,4.968673121902e-4,8.278472970397e-4,0.0070397813704359,0.0106144049403034,0.0128483440293544,0.0216416892800538,45,118,0.008940035605181803,0.02344276003136562,0.0010300907691749,3.309799848494999e-4,0.0035746235698675,-0.008793345250699398,-0.01450272442618382,260,0.2684208154678345,0.57312726637732,Point estimate,Strict no-imputation,Complete,NA,NA,NA,NA
SZBH_UV_Cl,UV_Cl,Pseudomonas_putida,6156701,0.003270095461839,0.0032429705454267,2.537073020112e-4,7.14668456369734e-5,0.0062674799377133,0.0045932066540181,0.0069284100233363,0.0207415996627373,20,11,0.003248492983498793,0.001786671140924336,-2.712491641230011e-5,-1.822404563742266e-4,-0.0016742732836952,-0.013813189639401,0.001461821842574457,261,-0.02474823221564293,0.190729783189567,Point estimate,Strict no-imputation,Complete,NA,NA,NA,NA
SZBH_UV_Cl,UV_Cl,Shigella_dysenteriae,5192674,0.0054368905115167,0.03219381767467,1.446268338817e-4,0.0019255974859965,0.0081510990291321,0.0606361963027141,0.0142884966377888,0.0065141770229039,15,104,0.002888685097504677,0.02002821667603243,0.0267569271631533,0.0017809706521148,0.052485097273582,0.007774319614884901,-0.01713953157852775,263,0.2386205494403839,0.503907222862706,Point estimate,Strict no-imputation,Complete,NA,NA,NA,NA
SZBH_UV_Cl,UV_Cl,Chryseobacterium_gleum,5643321,0.0390961279714551,0.0407343477360228,0.0016881903404041,8.565878141612e-4,0.0693187575188439,0.0656983715794299,4.863486755953e-4,0.0032120499672059,1,29,1.772006235335541e-4,0.005138818082473069,0.001638219764567704,-8.316025262429001e-4,-0.003620385939413995,-0.0027257012916106,-0.004961617458939515,264,0.21637243032455444,0.772476880127369,Point estimate,Strict no-imputation,Complete,NA,NA,NA,NA
SZBH_UV_Cl,UV_Cl,Aliarcobacter_cryaerophilus,2108340,0.0339684301393513,0.531827883548194,3.41500896439853e-5,0.295209501313829,0.0431012075851142,3.99727795327129,0,0.0103826425520771,0,11576,0,5.490575523871861,0.4978594534088427,0.295175351224185,3.954176745686176,-0.0103826425520771,-5.490575523871861,267,1.6769766807556152,2.5116981563767,Point estimate,Strict no-imputation,Complete,NA,NA,NA,NA
SZBH_UV_Cl,UV_Cl,Escherichia_coli,10236257,0.0049076532564588,0.0462709171917039,2.83306681338696e-5,5.722794963041e-4,0.0060799567654465,0.0631884291299055,9.578544518041e-4,0.0130234815208282,0,115,0,0.01123457529446554,0.0413632639352451,5.439488281702304e-4,0.05710847236445899,-0.0120656270690241,-0.01123457529446554,269,0.5535569190979004,0.608014596993445,Point estimate,Strict no-imputation,Complete,NA,NA,NA,NA
SZFX_UV,UV,Aeromonas_hydrophila,4744448,0.804707312631522,0.788843507189877,0.254435289416176,0.191858778934872,3.00565924634435,2.61141928418226,0.005214967049322,0.005730054936369,8295,6740,1.748359345491825,1.420607834673286,-0.01586380544164501,-0.062576510481304,-0.3942399621620898,-5.150878870470001e-4,0.3277515108185398,278,-0.0902349129319191,0.0468300417414112,Point estimate,Strict no-imputation,Complete,NA,NA,NA,NA
SZFX_UV,UV,Aliarcobacter_cryaerophilus,2108340,0.213577032167487,0.231492074333361,0.0105485832455865,0.011361070795033,0.407974520238671,0.440248252179439,0.0063678975290745,0.007324473244887,198,222,0.09391274652095963,0.1052961097356214,0.017915042165874,8.124875494465011e-4,0.03227373194076805,-9.565757158124999e-4,-0.01138336321466177,279,0.2930225133895874,0.0603385234178648,Point estimate,Strict no-imputation,Complete,NA,NA,NA,NA
SZFX_UV,UV,Aeromonas_caviae,4586140,0.203753265273192,0.160023025899776,0.0031728207163322,0.0021235723287993,0.308593283240372,0.228399045820668,0.0068328878157131,0.0083603687704508,119,70,0.02594774690698496,0.01526338053352056,-0.04373023937341602,-0.0010492483875329,-0.080194237419704,-0.001527480954737701,0.01068436637346439,280,0.07228515297174454,-0.0405753498207999,Point estimate,Strict no-imputation,Complete,NA,NA,NA,NA
SZFX_UV,UV,Escherichia_coli,10236257,0.0762853062403571,0.0667659086714997,4.335569144072e-4,2.709974944942e-4,0.100050731434351,0.0842986845680016,0.0039078227406742,0.0061601184646945,24,19,0.002344607017975418,0.001856147222563873,-0.009519397568857405,-1.62559419913e-4,-0.0157520468663494,-0.0022522957240203,4.884597954115451e-4,282,-0.02553829737007618,0.0182435057708529,Point estimate,Strict no-imputation,Complete,NA,NA,NA,NA
SZFX_UV,UV,Klebsiella_pneumoniae,5682322,0.0820571238307156,0.0684074221770606,0.0015861473531418,0.0014402562895942,0.120428233387689,0.0969703934412727,0.0027137161372543,0.0021140590047906,20,17,0.003519687902234333,0.002991734716899183,-0.01364970165365501,-1.458910635476001e-4,-0.0234578399464163,5.996571324637001e-4,5.279531853351498e-4,283,0.0061423201113939285,0.0078761321823443,Point estimate,Strict no-imputation,Complete,NA,NA,NA,NA
SZFX_UV,UV,Acinetobacter_lwoffii,3528101,0.0165641516498534,0.012138257946697,0.0025322404318923,0.0020376400788979002,0.0469805144467235,0.0354967162221262,0.0022706695789987,0.0024609425242341,19,17,0.00538533335638634,0.00481845616097725,-0.0044258937031564,-4.946003529943998e-4,-0.0114837982245973,-1.902729452353999e-4,5.668771954090894e-4,284,0.1231139525771141,-0.00199919764260475,Point estimate,Strict no-imputation,Complete,NA,NA,NA,NA
SZFX_UV,UV,Cupriavidus_metallidurans,6901105,0.0016661099925301,0.0014770098411776,5.233944419045e-4,4.684757006305e-4,0.0124293138562592,0.0092896717264843,0.0017631854923856,9.867160489158e-4,10,3,0.001449043305383703,4.34712991615111e-4,-1.891001513525e-4,-5.491874127400002e-5,-0.003139642129774901,7.764694434698001e-4,0.001014330313768592,285,0.11657505482435226,0.00725609087626709,Point estimate,Strict no-imputation,Complete,NA,NA,NA,NA
SZFX_UV,UV,Bacteroides_fragilis,5241700,0.0578316195127534,0.0594148844840413,5.332239540606e-4,3.329072629108e-4,0.0797456931911402,0.0766436461453344,0.002304924792595,0.00353910427722,8,6,0.001526222408760517,0.001144666806570387,0.001583264971287898,-2.003166911498e-4,-0.0031020470458058,-0.001234179484625,3.815556021901291e-4,286,0.35592395067214966,0.0652388812535082,Point estimate,Strict no-imputation,Complete,NA,NA,NA,NA
SZFX_UV,UV,Shigella_boydii,4825405,0.0994343479977328,0.0833554903681659,9.522516762841e-4,6.109331755572e-4,0.132517374189316,0.106786062517032,0.0019323391156823,0.0056711137092582,6,21,0.001243418946181719,0.004351966311636018,-0.0160788576295669,-3.413185007269e-4,-0.025731311672284,-0.0037387745935759,-0.003108547365454298,288,-0.1070706844329834,0.0670886259685748,Point estimate,Strict no-imputation,Complete,NA,NA,NA,NA
SZFX_UV,UV,Shigella_dysenteriae,5192674,0.0503337971919669,0.0426460432524744,6.572721491855e-4,3.75336483669e-4,0.0641276536905647,0.0537732582480625,0.0014227634471006,0.0070049165456094,3,15,5.777370195009353e-4,0.002888685097504677,-0.007687753939492503,-2.819356655165e-4,-0.0103543954425022,-0.005582153098508799,-0.002310948078003742,289,0.08595343679189682,0.131694199784285,Point estimate,Strict no-imputation,Complete,NA,NA,NA,NA
SZFX_UV,UV,Staphylococcus_aureus,2821361,3.49831163045e-4,3.643631566467e-4,1.20154776365e-4,1.13420437866689e-5,0.0013100060573602,8.106016918783e-4,0.0125642311608193,0.025000000372529,2,1,7.088777366668072e-4,3.544388683334036e-4,1.453199360169997e-5,-1.088127325783311e-4,-4.994043654819e-4,-0.0124357692117097,3.544388683334036e-4,291,0.14221659302711487,0.0654150420790086,Point estimate,Strict no-imputation,Complete,NA,NA,NA,NA
SZFX_UV,UV,Shigella_sonnei,4994001,0.0591381539571176,0.0505071985368044,4.54545363527159e-5,1.041249290899e-4,0.0717885318805502,0.0605376330521359,0,0.0030769231227727,0,2,0,4.004804964997003e-4,-0.008630955420313197,5.86703927371841e-5,-0.0112508988284143,-0.0030769231227727,-4.004804964997003e-4,306,0.035439442843198776,-0.146791193976506,Point estimate,Strict no-imputation,Complete,NA,NA,NA,NA
SZSG_UV,UV,Aliarcobacter_cryaerophilus,2108340,0.306297845698511,0.342514490072758,0.046286177751216503,0.066784294753218107,0.811535141390857,1.00397943405712,0.006849572393385,0.0074043869479064,944,1438,0.4477456197766964,0.6820531792784845,0.03621664437424704,0.0204981170020016,0.192444292666263,-5.548145545214e-4,-0.2343075595017882,308,0.308542937040329,0.575909612725165,Point estimate,Strict no-imputation,Complete,NA,NA,NA,NA
SZSG_UV,UV,Escherichia_coli,10236257,0.0177777873298804,0.0161923445259335,2.171692250399e-4,0.00015523252298170001,0.0238512964260275,0.0205542904989587,0.0177202234249955,0.0132643760113388,46,18,0.004493830117786218,0.001758455263481564,-0.001585442803946902,-6.19367020582e-5,-0.003297005927068799,0.004455847413656702,0.002735374854304654,310,0.1435653567314148,0.447302593727804,Point estimate,Strict no-imputation,Complete,NA,NA,NA,NA
SZSG_UV,UV,Klebsiella_pneumoniae,5682322,0.0639414661823106,0.0520940207189947,0.0014360326641115,0.0014200180841564,0.098050057705283,0.0770248500524961,0.0040279796748767,0.0027407996900345,46,14,0.008095282175138966,0.002463781531564033,-0.0118474454633159,-1.601457995509996e-5,-0.0210252076527869,0.0012871799848422,0.005631500643574933,311,0.09191395342350006,0.410774766437985,Point estimate,Strict no-imputation,Complete,NA,NA,NA,NA
SZSG_UV,UV,Chryseobacterium_gleum,5643321,0.166178035947272,0.210108019728099,0.0063714256197724,0.0130529523307285,0.305398009434515,0.424179840204021,9.521939857529e-4,9.078003616026e-4,44,67,0.007796827435476381,0.01187244177674812,0.04392998378082699,0.0066815267109561,0.118781830769506,4.439362415030001e-5,-0.004075614341271743,312,0.38400962948799133,0.630302053032279,Point estimate,Strict no-imputation,Complete,NA,NA,NA,NA
SZSG_UV,UV,Bordetella_hinzii,5033537,0.0020862069753336,0.002376857466231,2.755517640974e-4,4.15214986996221e-5,0.0049203969296341,0.0042369808744824,0.0199254005180474,0.0065497074400979,31,3,0.006158691194680798,5.960023736787869e-4,2.906504908973999e-4,-2.340302653977779e-4,-6.834160551517001e-4,0.0133756930779495,0.005562688821002011,313,0.331994891166687,0.37967897793781,Point estimate,Strict no-imputation,Complete,NA,NA,NA,NA
SZSG_UV,UV,Aeromonas_caviae,4586140,0.160436227415648,0.125481559655832,9.382618062248e-4,6.063923037674e-4,0.224661480024595,0.168150121888995,0.0042065467885447,0.0044458958366199,28,14,0.006105352213408226,0.003052676106704113,-0.03495466775981601,-3.318695024574001e-4,-0.05651135813559999,-2.393490480751999e-4,0.003052676106704113,314,-0.016037119552493095,0.390873266145242,Point estimate,Strict no-imputation,Complete,NA,NA,NA,NA
SZSG_UV,UV,Acinetobacter_lwoffii,3528101,0.0126450461593927,0.0114642409613556,0.0023224958695909,0.0019143442888964,0.039686222134797,0.0335954101087241,0.0027040609112882,0.0036456065662235,26,33,0.007369403540318149,0.009353473724249958,-0.001180805198037101,-4.081515806945001e-4,-0.006090812026072902,-9.415456549352998e-4,-0.001984070183931809,315,0.1235235258936882,0.479766932952668,Point estimate,Strict no-imputation,Complete,NA,NA,NA,NA
SZSG_UV,UV,Achromobacter_xylosoxidans,6901970,0.005426131959426,0.005988290299726,1.479287797541e-4,2.784712190866e-4,0.0087364911757076991,0.0107115794476069,0.007813146252123,0.007530350280726,11,21,0.001593747871984376,0.003042609573788353,5.621583403000001e-4,1.305424393325e-4,0.001975088271899201,2.827959713969999e-4,-0.001448861701803978,317,0.28989654779434204,0.406940347092864,Point estimate,Strict no-imputation,Complete,NA,NA,NA,NA
SZSG_UV,UV,Cupriavidus_metallidurans,6901105,0.0017268249070257,0.0016252469713183,5.415074832218e-4,5.161492253776e-4,0.0226008733384001,0.019998391561931,0.0023265586104785,8.26058245187e-4,10,4,0.001449043305383703,5.796173221534811e-4,-1.015779357074001e-4,-2.535825784420005e-5,-0.002602481776469101,0.0015005003652915,8.694259832302219e-4,318,0.16660045087337494,0.392346980338826,Point estimate,Strict no-imputation,Complete,NA,NA,NA,NA
SZSG_UV,UV,Aeromonas_hydrophila,4744448,0.181317194329034,0.194849643204014,0.0012962519559704,0.0011942379808989,0.258169759685426,0.274458904386769,0.0015307814318958,0.0036129615162102,9,26,0.001896954081907948,0.005480089569956294,0.01353244887497998,-1.020139750715001e-4,0.01628914470134302,-0.0020821800843144,-0.003583135488048346,319,0.3781976103782654,0.487435669347986,Point estimate,Strict no-imputation,Complete,NA,NA,NA,NA
SZSG_UV,UV,Shigella_dysenteriae,5192674,0.0137788353360907,0.0109693002102577,3.165998866864e-4,3.69559113474e-4,0.019804825028492,0.0154192233134603,0.0058759176093006,0.0032952274736978,4,0,7.703160260012471e-4,0,-0.002809535125833,5.295922678759998e-5,-0.004385601715031698,0.0025806901356028,7.703160260012471e-4,320,0.13542939722537994,0.455633253235949,Point estimate,Strict no-imputation,Complete,NA,NA,NA,NA
SZSG_UV,UV,Laribacter_hongkongensis,3110307,0.0550083962772806,0.0384232167435561,2.276302628647e-4,3.08651203884353e-5,0.0722391712457965,0.04921282690101,0,0,0,0,0,0,-0.0165851795337245,-1.967651424762647e-4,-0.0230263443447865,0,0,323,-0.0638255700469017,0.422990507368227,Point estimate,Strict no-imputation,Complete,NA,NA,NA,NA
SZSG_UV,UV,Pseudomonas_alcaligenes,4406305,0.0268528846732125,0.02296232330717,2.08791720046615e-5,1.529626296863e-4,0.0329609502746632,0.0290560912147479,0,0.0138081109665266,0,8,0,0.001815580174318392,-0.003890561366042499,1.320834576816385e-4,-0.003904859059915299,-0.0138081109665266,-0.001815580174318392,331,-0.027341270819306374,0.39233670528951,Point estimate,Strict no-imputation,Complete,NA,NA,NA,NA
BXH_O3_Cl,O3_Cl,Bordetella_hinzii,5033537,0.0021418338635436,0.0039677864690375,3.633627804861e-4,0.0023919561930308,0.0061831272920016,0.0401371838530242,0.014726781499653,0.0216496911283544,22,531,0.004370684073644437,0.1054924201411453,0.0018259526054939,0.0020285934125447,0.0339540565610226,-0.006922909628701398,-0.1011217360675008,1,0.42554765939712524,0.0751283602736658,Point estimate,Imputation-assisted,Complete,0,0,0,0
BXH_O3_Cl,O3_Cl,Klebsiella_pneumoniae,5682322,0.0039172366507916,0.0168212924223582,1.353319998409e-4,0.0039427543880828,0.0060487596443847,0.12256521189753,0.0067608344074343,0.0097466752124649,6,507,0.0010559063706703,0.08922408832164033,0.0129040557715666,0.0038074223882419,0.1165164522531453,-0.002985840805030599,-0.08816818195097004,2,0.2637799084186554,0.714894662814804,Point estimate,Imputation-assisted,Complete,0,0,0,0
BXH_O3_Cl,O3_Cl,Cupriavidus_metallidurans,6901105,0.0011661900521728,0.0045946265127105,4.847049856508e-4,0.0013715194885456,0.0160290272354934,0.423199183319193,0.0016326235548797,0.012274365115279,4,223,5.796173221534811e-4,0.03231366571005658,0.0034284364605377,8.868145028948001e-4,0.4071701560836996,-0.0106417415603993,-0.0317340483879031,3,0.39627403020858765,0.079793818691315,Point estimate,Imputation-assisted,Complete,0,0,0,0
BXH_O3_Cl,O3_Cl,Acinetobacter_lwoffii,3528101,0.0023641613434535,0.0190759845027111,3.171677908313e-4,0.0048635228980122,0.0056560172171941,0.13959067498351,0.0010256070553776,0.0060150248026595,2,163,5.668771954090884e-4,0.0462004914258407,0.0167118231592576,0.0045463551071809,0.1339346577663159,-0.004989417747281901,-0.04563361423043161,4,0.3530179560184479,0.562951643168824,Point estimate,Imputation-assisted,Complete,0,0,0,0
BXH_O3_Cl,O3_Cl,Achromobacter_xylosoxidans,6901970,0.0025943317632501,0.0168267900324109,0,0.0030466663865533,0.0035786884034557,0.051349397345975,NA,0.0110081115208561,0,313,0,0.0453493712664645,0.0142324582691608,0.0030466663865533,0.04777070894251929,-0.001097056,-0.0453493712664645,7,0.20159879326820374,0.0471637860828301,Point estimate,Imputation-assisted,Imputed,0,0,1,0
BXH_O3_Cl,O3_Cl,Aeromonas_caviae,4586140,0.0051407065636897,0.123593479483836,0,1.207987545081e-4,0.00571460967175,0.156801362365736,NA,0.0047573206226748,0,3,0,6.541448800080241e-4,0.1184527729201463,1.207987545081e-4,0.151086752693986,3.48056e-4,-6.541448800080241e-4,8,0.20714999735355377,0.337188631562389,Point estimate,Imputation-assisted,Imputed,0,0,1,0
BXH_O3_Cl,O3_Cl,Aeromonas_hydrophila,4744448,0.0016954554038741,0.0916311022905088,3.16159013651324e-5,1.688289132898e-4,0.0022752910349107,0.114507736200291,0,0.0060402388578646,0,8,0,0.001686181406140398,0.0899356468866347,1.372130119246676e-4,0.1122324451653803,-0.0060402388578646,-0.001686181406140398,9,0.5185851454734802,0.34206556043514,Point estimate,Imputation-assisted,Complete,0,0,0,0
BXH_O3_Cl,O3_Cl,Aliarcobacter_cryaerophilus,2108340,0.0052368213855449,0.110821783962738,0,0.0050380868360889,0.0058576889875446,0.203904493582628,NA,0.0126220064072526,0,229,0,0.1086162573398977,0.1055849625771931,0.0050380868360889,0.1980468045950834,-0.007866699,-0.1086162573398977,10,0.380249947309494,1.04352594598683,Point estimate,Imputation-assisted,Imputed,0,0,1,0
BXH_O3_Cl,O3_Cl,Bacteroides_fragilis,5241700,2.441955854016e-4,0.0023728942900204,0,0,2.441955854016e-4,0.0028313333460517,NA,NA,0,0,0,0,0.0021286987046188,0,0.0025871377606501,0.002062903,0,11,0.24855434894561768,0.0969672922397954,Point estimate,Imputation-assisted,Imputed,0,0,1,0
BXH_O3_Cl,O3_Cl,Chryseobacterium_gleum,5643321,4.447735650691e-4,0.005252403682158,0,4.637340317873e-4,5.339054787065e-4,0.0104537735847384,NA,0.0065887707264585,0,28,0,0.004961617458939515,0.0048076301170889,4.637340317873e-4,0.0099198681060319,-0.003486832,-0.004961617458939515,12,0.42498233914375305,0.794194138174742,Point estimate,Imputation-assisted,Imputed,0,0,1,0
BXH_O3_Cl,O3_Cl,Escherichia_coli,10236257,7.778233782132e-4,0.0063419665997052,0,5.16790463545368e-5,0.0010319201637863,0.007896538744582,NA,0.0088174752116428,0,4,0,3.907678363292364e-4,0.005564143221492,5.16790463545368e-5,0.0068646185807957,-0.002361572,-3.907678363292364e-4,14,0.3409910202026367,0.294297633901822,Point estimate,Imputation-assisted,Imputed,0,0,1,0
BXH_O3_Cl,O3_Cl,Laribacter_hongkongensis,3110307,4.639413408386e-4,0.0049564239157098,0,4.17965171926738e-5,4.639413408386e-4,0.0058023211213554,NA,0.0196923081691448,0,4,0,0.001286046682851564,0.0044924825748712,4.17965171926738e-5,0.005338379780516799,-0.00464118,-0.001286046682851564,15,0.49978139996528625,0.175417925468772,Point estimate,Imputation-assisted,Imputed,0,0,1,0
BXH_O3_Cl,O3_Cl,Mycobacterium_kansasii,6577228,4.403070716112e-4,0.0034569274472467,0,3.46650595053107e-5,4.403070716112e-4,0.0053837270047503,NA,0.0028070174811178,0,0,0,0,0.0030166203756355,3.46650595053107e-5,0.0049434199331391,2.976e-4,0,16,0.31104445457458496,0.210808647371692,Point estimate,Imputation-assisted,Imputed,0,0,1,0
BXH_O3_Cl,O3_Cl,Mycobacterium_xenopi,5251936,3.02745501849128e-5,8.54922832266e-4,0,2.439100552634e-4,3.02745501849128e-5,0.0088951959810629,NA,9.094028618072e-4,0,0,0,0,8.246482820810872e-4,2.439100552634e-4,0.008864921430877986,0.001050456,0,17,0.22808922827243805,0.36344959342013,Point estimate,Imputation-assisted,Imputed,0,0,1,0
BXH_O3_Cl,O3_Cl,Nocardia_brasiliensis,8935513,3.26785938311544e-5,6.396946655441e-4,0,1.574615805494e-4,5.59564962862232e-5,0.0025351650207436,NA,0.0024661290874359,0,8,0,8.953039405795727e-4,6.070160717129456e-4,1.574615805494e-4,0.002479208524457377,-0.0012301175000000001,-8.953039405795727e-4,18,0.2924433648586273,1.11223903058714,Point estimate,Imputation-assisted,Imputed,0,0,1,0
BXH_O3_Cl,O3_Cl,Nocardia_farcinica,6292344,9.98038250928025e-5,0.0010751160457851,0,1.725906911636e-4,9.98038250928025e-5,0.0029278437415372,NA,0.0032371597614955,0,7,0,0.001112463018550798,9.753122206922974e-4,1.725906911636e-4,0.002828039916444397,0.028487824,-0.001112463018550798,19,0.29810500144958496,1.06442030224855,Point estimate,Imputation-assisted,Imputed,0,0,1,0
BXH_O3_Cl,O3_Cl,Pseudomonas_aeruginosa,6264404,9.09903001147435e-5,0.0012326791183965,0,0,9.09903001147435e-5,0.0013755498527872,NA,NA,0,0,0,0,0.001141688818281756,0,0.001284559552672456,-0.01557333,0,20,0.4213522672653198,0.0998341385623234,Point estimate,Imputation-assisted,Imputed,0,0,1,0
BXH_O3_Cl,O3_Cl,Pseudomonas_alcaligenes,4406305,0.0341935022655036,0.698354290045741,0,0.0736294922843516,0.0392451271530227,1.72417456349481,NA,0.0123630654024844,0,5137,0,1.165829419434197,0.6641607877802375,0.0736294922843516,1.684929436341787,-0.00352939,-1.165829419434197,21,1.0494402647018433,0.610321634176971,Point estimate,Imputation-assisted,Imputed,0,0,1,0
BXH_O3_Cl,O3_Cl,Pseudomonas_mendocina,5372474,1.740352768575e-4,0.0032610674337371,0,1.148446693273e-4,1.740352768575e-4,0.0056467467315801,NA,0.0123449939769518,0,13,0,0.002419741817270777,0.0030870321568796,1.148446693273e-4,0.0054727114547226,-0.027683937,-0.002419741817270777,22,0.30657505989074707,0.235539312494368,Point estimate,Imputation-assisted,Imputed,0,0,1,0
BXH_O3_Cl,O3_Cl,Pseudomonas_putida,6156701,7.08171470402736e-5,0.0065153399523543,0,1.77042867600684e-5,7.08171470402736e-5,0.007760162463631,NA,0.0088073397995135,0,2,0,3.248492983498792e-4,0.006444522805314026,1.77042867600684e-5,0.007689345316590726,-0.004547534,-3.248492983498792e-4,23,0.43371960520744324,0.147517125213252,Point estimate,Imputation-assisted,Imputed,0,0,1,0
BXH_O3_Cl,O3_Cl,Ralstonia_solanacearum,5530249,8.19131290471128e-5,8.106325773034e-4,0,8.39021895758802e-5,1.186203369866e-4,0.0019113063444339,NA,0.0382985524062452,0,34,0,0.006148005270648754,7.287194482562872e-4,8.39021895758802e-5,0.0017926860074473,0.003208042,-0.006148005270648754,24,0.16871894896030426,0.0746195737814501,Point estimate,Imputation-assisted,Imputed,0,0,1,0
BXH_O3_Cl,O3_Cl,Shigella_dysenteriae,5192674,0.0013070337171175,0.0072276826929631,0,7.926551907552e-4,0.0015639341117889,0.0176348447832465,NA,0.0059643567651075,0,29,0,0.005584791188509041,0.0059206489758456,7.926551907552e-4,0.0160709106714576,5.8877e-4,-0.005584791188509041,25,0.2867718040943146,0.638098176800427,Point estimate,Imputation-assisted,Imputed,0,0,1,0
BXH_O3_Cl,O3_Cl,Shigella_sonnei,4994001,6.189426073402e-4,0.0053498187124911,0,3.422105842589e-4,6.756105975948e-4,0.0203442089819364,NA,0.0112897295432874,0,66,0,0.01321585638449011,0.0047308761051509,3.422105842589e-4,0.0196685983843416,0.008633327,-0.01321585638449011,26,0.44746363162994385,1.15758915754463,Point estimate,Imputation-assisted,Imputed,0,0,1,0
CZSC_UV,UV,Acinetobacter_lwoffii,3528101,0.917022216767604,0.256515332185784,0.746758950494897,0.006713243186632,12.0609290947169,0.438258711981318,0.0201501138403841,0.0069392530581405,114358,225,32.41347115629626,0.06377368448352243,-0.66050688458182,-0.740045707308265,-11.62267038273558,0.0132108607822436,32.34969747181274,27,-1.4064899682998657,-1.25533069835019,Point estimate,Imputation-assisted,Complete,0,0,0,0
CZSC_UV,UV,Aliarcobacter_cryaerophilus,2108340,0.527210506844247,0.613879165599476,0.248914786040202,0.365929119591716,3.00981198478423,5.92671770207841,0.0114751108237472,0.0134362711579112,9902,21259,4.696585939649203,10.08328827418728,0.086668658755229,0.117014333551514,2.916905717294179,-0.001961160334163999,-5.386702334538072,28,0.5971095561981201,0.436096660988315,Point estimate,Imputation-assisted,Complete,0,0,0,0
CZSC_UV,UV,Escherichia_coli,10236257,0.0368206855298767,0.0454704292789834,2.715836462488e-4,1.99486980446e-4,0.0458949985331551,0.0572038197165233,0.0101867774193235,0.0126138568858557,33,32,0.0032238346497162,0.003126142690633891,0.008649743749106702,-7.209666580280003e-5,0.0113088211833682,-0.002427079466532199,9.769195908230924e-5,30,0.33063843846321106,0.569336801986105,Point estimate,Imputation-assisted,Complete,0,0,0,0
CZSC_UV,UV,Achromobacter_xylosoxidans,6901970,0.0049516297520852,0.0038738215321132,1.122867818897e-4,3.12954127589659e-5,0.0084187558045021,0.0060604436124758,0.0108845880723769,0.0333889728343045,13,12,0.001883520212345171,0.001738634042164773,-0.001077808219972,-8.09913691307341e-5,-0.002358312192026301,-0.0225043847619276,1.448861701803977e-4,31,-6.940149469301105e-4,0.202941119509236,Point estimate,Imputation-assisted,Complete,0,0,0,0
CZSC_UV,UV,Aeromonas_caviae,4586140,0.130320269333251,0.173871491057839,5.394514777132e-4,7.226120441155e-4,0.170676211367293,0.234877696712267,0.0048666128056031,0.0062259772526045,12,24,0.002616579520032096,0.005233159040064193,0.043551221724588,1.831605664023e-4,0.064201485344974,-0.0013593644470014,-0.002616579520032096,33,0.38010600209236145,0.399019294723587,Point estimate,Imputation-assisted,Complete,0,0,0,0
CZSC_UV,UV,Cupriavidus_metallidurans,6901105,0.0017139284216078,0.0017368233058328,5.086142001896e-4,5.77878470187e-4,0.0174757520715885,0.0236189711647627,0.0021092676284306,0.0053231360067574,12,37,0.001738851966460444,0.005361460229919702,2.289488422499994e-5,6.926426999739996e-5,0.006143219093174199,-0.0032138683783268,-0.003622608263459258,34,0.20766040682792664,0.278083169435286,Point estimate,Imputation-assisted,Complete,0,0,0,0
CZSC_UV,UV,Shigella_dysenteriae,5192674,0.0248721564265346,0.0298838324916988,3.63011427253e-4,5.284367938367e-4,0.0327638515339109,0.0397199978277088,0.0040891421252283,0.0038421114271305,5,8,9.62895032501559e-4,0.001540632052002494,0.0050116760651642,1.654253665837e-4,0.006956146293797899,2.470306980978006e-4,-5.777370195009352e-4,35,0.33727994561195374,0.276145259428194,Point estimate,Imputation-assisted,Complete,0,0,0,0
CZSC_UV,UV,Bacteroides_fragilis,5241700,0.0374185855733826,0.0436858271171566,2.51063586241e-4,3.008565923268e-4,0.0491100215578915,0.0575431634774977,0.0020085064111147,0.0025271728360811,4,5,7.631112043802583e-4,9.538890054753229e-4,0.006267241543773998,4.979300608579996e-5,0.008433141919606202,-5.186664249663998e-4,-1.907778010950646e-4,36,0.22249996662139893,0.296175478281209,Point estimate,Imputation-assisted,Complete,0,0,0,0
CZSC_UV,UV,Klebsiella_pneumoniae,5682322,0.0374954112068974,0.0299448007346292,0.0011461863653626,0.0014495834625351,0.057919808134773,0.0518369075177365,0.0017011377113344,0.0036699389158061,2,22,3.519687902234333e-4,0.003871656692457766,-0.007550610472268203,3.033970971725e-4,-0.0060829006170365,-0.0019688012044717,-0.003519687902234332,37,0.036793459206819534,0.308476797865379,Point estimate,Imputation-assisted,Complete,0,0,0,0
CZSC_UV,UV,Staphylococcus_aureus,2821361,8.924770704635e-4,5.844696938817e-4,8.64830838733504e-5,2.555504240683e-4,0.001726471727652,0.0020128583332653,0.0159436452095625,0.0143685823670703,2,8,7.088777366668072e-4,0.002835510946667229,-3.080073765817999e-4,1.690673401949496e-4,2.863866056133e-4,0.001575062842492198,-0.002126633210000422,38,0.1064191609621048,0.273266927064757,Point estimate,Imputation-assisted,Complete,0,0,0,0
CZSC_UV,UV,Aeromonas_hydrophila,4744448,0.03114292748071,0.0275353423622727,0,8.00936167916689e-6,0.0377569740462958,0.0333676330734365,NA,0.0252631588986045,0,2,0,4.215453515350995e-4,-0.003607585118437302,8.00936167916689e-6,-0.004389340972859299,-0.002081771,-4.215453515350995e-4,39,0.18353267014026642,0.320137734508018,Point estimate,Imputation-assisted,Imputed,0,0,1,0
CZSC_UV,UV,Bordetella_hinzii,5033537,0.0012434596189518,0.0011425365503422,0,0,0.0015821876346592,0.0015124553569388,NA,NA,0,0,0,0,-1.009230686095999e-4,0,-6.973227772040015e-5,0.0012668624999999998,0,40,0.0971207469701767,0.190408827530599,Point estimate,Imputation-assisted,Imputed,0,0,1,0
CZSC_UV,UV,Chryseobacterium_gleum,5643321,0.0059197412303854,0.0078533544343835,0,7.99174812136329e-5,0.0072067493591096,0.0109320380676555,NA,0,0,0,0,0,0.001933613203998099,7.99174812136329e-5,0.003725288708545901,-1.61157e-4,0,41,0.36921530961990356,0.289525712451058,Point estimate,Imputation-assisted,Imputed,0,0,1,0
CZSC_UV,UV,Laribacter_hongkongensis,3110307,0.0436429587175799,0.0687584858986588,0,1.257110632487e-4,0.0535329792203791,0.0833557587723655,NA,0.0012276215321571,0,1,0,3.21511670712891e-4,0.02511552718107889,1.257110632487e-4,0.02982277955198641,0.002883869,-3.21511670712891e-4,43,0.2682163715362549,0.370685262242753,Point estimate,Imputation-assisted,Imputed,0,0,1,0
CZSC_UV,UV,Legionella_pneumophila,3409143,3.470080310506e-4,4.748994102035e-4,0,0,3.470080310506e-4,6.019108028029e-4,NA,NA,0,0,0,0,1.278913791529e-4,0,2.549027717523e-4,-3.69344e-4,0,44,0.2552031874656677,0.340234409433358,Point estimate,Imputation-assisted,Imputed,0,0,1,0
CZSC_UV,UV,Nocardia_brasiliensis,8935513,1.53320799824251e-5,1.09674732720997e-5,0,0,2.71948571951045e-5,1.09674732720997e-5,NA,NA,0,0,0,0,-4.364606710325401e-6,0,-1.62273839230048e-5,-0.0012301175000000001,0,45,0.1698571741580963,0.174260752326694,Point estimate,Imputation-assisted,Imputed,0,0,1,0
CZSC_UV,UV,Pseudomonas_aeruginosa,6264404,5.066723027442e-4,3.00746886695e-4,0,0,5.437069512119e-4,3.422512341158e-4,NA,NA,0,0,0,0,-2.059254160492001e-4,0,-2.014557170961e-4,-0.01557333,0,46,0.04546795412898064,0.315906579477379,Point estimate,Imputation-assisted,Imputed,0,0,1,0
CZSC_UV,UV,Pseudomonas_alcaligenes,4406305,0.0259310238397024,0.0187967015447183,0,2.65528600494064e-5,0.0314565151527186,0.0220023352899992,NA,0.0164102570623414,0,4,0,9.077900871591958e-4,-0.007134322294984098,2.65528600494064e-5,-0.0094541798627194,0.0011166795000000004,-9.077900871591958e-4,47,0.1276308298110962,0.174953503512354,Point estimate,Imputation-assisted,Imputed,0,0,1,0
CZSC_UV,UV,Pseudomonas_mendocina,5372474,7.19966257631e-4,4.871126412151e-4,0,0,8.003761395587e-4,5.727342747493e-4,NA,NA,0,0,0,0,-2.328536164159e-4,0,-2.276418648094e-4,-0.027683937,0,48,0.1325252652168274,0.213986406516556,Point estimate,Imputation-assisted,Imputed,0,0,1,0
CZSC_UV,UV,Pseudomonas_putida,6156701,0.0048819976802511,7.807752885839e-4,0,0,0.0059866477192899,9.826691275083e-4,NA,NA,0,0,0,0,-0.0041012223916672,0,-0.005003978591781599,-0.004547534,0,49,0.07957963645458221,0.137734262899213,Point estimate,Imputation-assisted,Imputed,0,0,1,0
CZSC_UV,UV,Ralstonia_solanacearum,5530249,6.02142869154716e-5,1.294697580524e-4,0,0,8.64337211579365e-5,1.972786397139e-4,NA,NA,0,0,0,0,6.925547113692838e-5,0,1.108449185559635e-4,-0.0073013805,0,50,0.22574545443058014,0.243073812441783,Point estimate,Imputation-assisted,Imputed,0,0,1,0
CZSC_UV,UV,Shigella_sonnei,4994001,0.0269239032991782,0.0322136499371946,0,0,0.0310444471276636,0.0371693958411301,NA,NA,0,0,0,0,0.005289746638016398,0,0.006124948713466496,0.002191419,0,51,0.2869696617126465,0.366806323159249,Point estimate,Imputation-assisted,Imputed,0,0,1,0
GBD_O3,O3,Aliarcobacter_cryaerophilus,2108340,0.368705237295692,0.49513218930533,0.069243101207585,0.212256562034586,1.04538831497766,2.48752573114393,0.0084105458298483,0.010331239226958,1495,7138,0.7090886669133062,3.385601942760655,0.126426952009638,0.143013460827001,1.44213741616627,-0.0019206933971097,-2.676513275847349,53,0.4422735869884491,0.272091194573098,Point estimate,Imputation-assisted,Complete,0,0,0,0
GBD_O3,O3,Aeromonas_caviae,4586140,0.463915842080704,0.514828810284901,0.0103636173339671,0.0186054067254815,0.800804162105823,0.966492518763055,0.0078695168778146,0.0079265408804596,468,874,0.1020466012812518,0.190574208375671,0.050912968204197,0.008241789391514398,0.165688356657232,-5.702400264499981e-5,-0.08852760709441927,54,0.24999156594276428,0.117606508849514,Point estimate,Imputation-assisted,Complete,0,0,0,0
GBD_O3,O3,Bordetella_hinzii,5033537,0.0030795442647982,0.0028075685149428,0.0015939090146749,9.657225128174e-4,0.0172838701692269,0.0101391923810235,0.0197049664259402,0.0173759242372977,242,104,0.04807752481008881,0.02066141562086461,-2.719757498553998e-4,-6.281865018575001e-4,-0.0071446777882034,0.002329042188642501,0.0274161091892242,55,0.06488119065761566,-0.0691564958033926,Point estimate,Imputation-assisted,Complete,0,0,0,0
GBD_O3,O3,Acinetobacter_lwoffii,3528101,0.0319432465227043,0.0243760028411884,0.0055959282344807,0.0068980451523354,0.117129866747012,0.127857167354335,0.0065745217127017,0.0078787318867743,204,347,0.05782147393172701,0.09835319340347683,-0.007567243681515897,0.0013021169178547,0.01072730060732301,-0.0013042101740726,-0.04053171947174981,56,-0.030563393607735634,-0.0559493933797291,Point estimate,Imputation-assisted,Complete,0,0,0,0
GBD_O3,O3,Cupriavidus_metallidurans,6901105,0.0030125610318926,0.0021516844041642,0.0010699735766953,6.593147039495e-4,0.0986831818962325,0.0766639545406134,0.009379050100095,0.0042554414141308,111,32,0.01608438068975911,0.004636938577227849,-8.608766277284001e-4,-4.106588727457999e-4,-0.02201922735561911,0.005123608685964199,0.01144744211253126,57,0.075840063393116,-0.118557557375744,Point estimate,Imputation-assisted,Complete,0,0,0,0
GBD_O3,O3,Escherichia_coli,10236257,0.0589434204319019,0.075982558859161,6.111608960188e-4,7.758695390316e-4,0.0777204011192762,0.100440131583253,0.0118266178480804,0.0098686712765626,96,97,0.009378428071901672,0.00947612003098398,0.0170391384272591,1.647086430128e-4,0.02271973046397681,0.0019579465715178,-9.769195908230881e-5,58,0.10260209441184998,0.114545530008063,Point estimate,Imputation-assisted,Complete,0,0,0,0
GBD_O3,O3,Achromobacter_xylosoxidans,6901970,0.0153380846338073,0.0072482204356146,0.0037319779715066,6.411213030482e-4,0.0515510788948661,0.015618874031617,0.0035545794834621,0.0077647207281683,94,36,0.01361929999695739,0.00521590212649432,-0.0080898641981927,-0.0030908566684584,-0.0359322048632491,-0.0042101412447062,0.00840339787046307,59,-0.013094905763864517,-0.243879039646363,Point estimate,Imputation-assisted,Complete,0,0,0,0
GBD_O3,O3,Klebsiella_pneumoniae,5682322,0.090721891508436,0.102463218381499,0.0016315513270806,0.0019277330640536,0.130200998817032,0.149713620593834,0.0043823918199705,0.0046804594649695,34,70,0.005983469433798367,0.01231890765782017,0.01174132687306299,2.961817369729999e-4,0.01951262177680199,-2.980676449990003e-4,-0.006335438224021798,61,0.15174096822738647,0.087108735259346,Point estimate,Imputation-assisted,Complete,0,0,0,0
GBD_O3,O3,Shigella_dysenteriae,5192674,0.0404928173807945,0.0516196472183695,6.141344517294e-4,7.918848747291e-4,0.0520600754062357,0.0678305628275527,0.0060334881296274,0.007155625939601,27,14,0.005199633175508418,0.002696106091004365,0.011126829837575,1.777504229997e-4,0.015770487421317,-0.0011221378099736,0.002503527084504053,62,0.144001767039299,-0.229699296894413,Point estimate,Imputation-assisted,Complete,0,0,0,0
GBD_O3,O3,Pseudomonas_alcaligenes,4406305,0.1548006776653,0.0292369683896144,2.904928278909e-4,6.78573090151498e-5,0.20031205284246,0.0352265673846908,0.0147309459978715,0,26,0,0.005900635566534772,0,-0.1255637092756856,-2.226355188757502e-4,-0.1650854854577692,0.0147309459978715,0.005900635566534772,63,-0.2997417449951172,-0.481233201630694,Point estimate,Imputation-assisted,Complete,0,0,0,0
GBD_O3,O3,Shigella_boydii,4825405,0.0728299489887377,0.0880508475454391,8.681136609258e-4,0.0011808335258905,0.0954205916394582,0.116644716868325,0.0040130119501306,0.0048809054233434,18,28,0.003730256838545159,0.005802621748848024,0.0152208985567014,3.127198649647001e-4,0.02122412522886681,-8.678934732127995e-4,-0.002072364910302865,64,0.13707080483436584,0.0494238115809076,Point estimate,Imputation-assisted,Complete,0,0,0,0
GBD_O3,O3,Nocardia_farcinica,6292344,0.0012661418383991,9.889796234916e-4,2.274192256494e-4,8.7089962023691e-5,0.0037858705754166,0.0021275060613341,0.0081130971365421,0.0069383616647581,15,4,0.002383849325465995,6.356931534575986e-4,-2.771622149075001e-4,-1.40329263625709e-4,-0.0016583645140825,0.001174735471784,0.001748156172008396,65,2.6043783873319626e-4,0.558603199615157,Point estimate,Imputation-assisted,Complete,0,0,0,0
GBD_O3,O3,Chryseobacterium_gleum,5643321,0.0743099674819135,0.135099172986969,3.928537823738e-4,0.0019357396114805,0.101103587763304,0.21174340428269,0.0049173057375052,0.0029482153397434,9,40,0.001594805611801987,0.007088024941342163,0.0607892055050555,0.0015428858291067,0.110639816519386,0.0019690903977618,-0.005493219329540176,66,0.2461775541305542,0.309771527390528,Point estimate,Imputation-assisted,Complete,0,0,0,0
GBD_O3,O3,Aeromonas_hydrophila,4744448,0.073867813494847,0.0692042572708142,2.46604030648e-4,3.876109507365e-4,0.0927770733286569,0.0906356229428586,0.0063388568723303,0.0151281537667378,7,27,0.001475408730372848,0.005690862245723844,-0.004663556224032805,1.410069200885e-4,-0.002141450385798299,-0.0087892968944075,-0.004215453515350995,67,-0.021960541605949402,0.00415411135535741,Point estimate,Imputation-assisted,Complete,0,0,0,0
GBD_O3,O3,Ralstonia_solanacearum,5530249,6.504227928977e-4,2.330817292313e-4,8.1370657993824e-5,0,0.0012885495752541,3.540527741155e-4,0.020258510377672,NA,7,0,0.00126576579101592,0,-4.173410636664e-4,-8.1370657993824e-5,-9.344968011386e-4,-0.008427257,0.00126576579101592,68,-0.04040273651480675,-0.15331275642363,Point estimate,Imputation-assisted,Imputed,0,0,1,0
GBD_O3,O3,Staphylococcus_aureus,2821361,4.150479148184e-4,3.66844228725e-4,1.293701869416e-4,2.289675089433e-4,0.0014188187899386,0.0025686184788121,0.0248715438254891,0.0169698841431561,6,18,0.002126633210000422,0.006379899630001266,-4.82036860934e-5,9.95973220017e-5,0.0011497996888735,0.007901659682333001,-0.004253266420000844,70,0.2069786787033081,0.116184088654691,Point estimate,Imputation-assisted,Complete,0,0,0,0
GBD_O3,O3,Mycobacterium_kansasii,6577228,0.0043501608884471,0.0010946860896413,1.474785426321e-4,3.55772979133458e-5,0.0078492033421981,0.0017437437169579,0.0071273414744533,0.0073428688905178,4,0,6.081589386896729e-4,0,-0.003255474798805801,-1.119012447187542e-4,-0.0061054596252402,-2.155274160644998e-4,6.081589386896729e-4,71,-0.01766221597790718,-0.220397811867884,Point estimate,Imputation-assisted,Complete,0,0,0,0
GBD_O3,O3,Laribacter_hongkongensis,3110307,0.081031550904782,0.0679826782372286,2.089825859633e-4,2.257011928404e-4,0.100762722136432,0.082790862766922907,0.002215384703416,0,3,0,9.645350121386731e-4,0,-0.01304887266755339,1.671860687710002e-5,-0.0179718593695091,0.002215384703416,9.645350121386731e-4,72,-0.04849653318524361,-0.0340352310214161,Point estimate,Imputation-assisted,Complete,0,0,0,0
GBD_O3,O3,Mycobacterium_xenopi,5251936,0.0012762912571668,6.281493148431e-4,1.098642481553e-4,1.818377070855e-4,0.0028376202604143,0.0022477425467484,0.0036893511768849,0.0012954842981864,3,1,5.712179280174016e-4,1.904059760058005e-4,-6.481419423237e-4,7.19734589302e-5,-0.00058987771366589975,0.0023938668786985,3.808119520116011e-4,73,0.0051169628277421,-0.0681699512453105,Point estimate,Imputation-assisted,Complete,0,0,0,0
GBD_O3,O3,Bacteroides_fragilis,5241700,0.02991987332354,0.0377780109506457,2.291241391151e-4,7.91727874544518e-5,0.0391655378980101,0.0466352519220862,0.0012674622988323,0.0050120482961815,2,3,3.815556021901291e-4,5.723334032851937e-4,0.007858137627105702,-1.499513516606482e-4,0.007469714024076105,-0.0037445859973492,-1.907778010950646e-4,74,0.2745320200920105,0.104191708330086,Point estimate,Imputation-assisted,Complete,0,0,0,0
GBD_O3,O3,Nocardia_brasiliensis,8935513,5.034965535834e-4,4.714894377077e-4,6.88264904320546e-5,2.79782481431116e-5,0.0011644546877163,7.389614899558e-4,0.0039530262714478,0.008,1,1,1.119129925724466e-4,1.119129925724466e-4,-3.200711587570001e-5,-4.084824228894299e-5,-4.254931977605e-4,-0.0040469737285522,0,75,0.1932557225227356,0.634061534859818,Point estimate,Imputation-assisted,Complete,0,0,0,0
GBD_O3,O3,Legionella_longbeachae,4149158,0.0019924524445682,2.607758007769e-4,0,0,0.0023431260029142,2.607758007769e-4,NA,NA,0,0,0,0,-0.0017316766437913,0,-0.0020823502021373,0.001261375,0,76,0.052907902747392654,-0.238337440841054,Point estimate,Imputation-assisted,Imputed,0,0,1,0
GBD_O3,O3,Legionella_pneumophila,3409143,0.0066374452465033,4.197535861652e-4,4.25326834339304e-5,0,0.0101667779849657,4.197535861652e-4,0,NA,0,0,0,0,-0.0062176916603381,-4.25326834339304e-5,-0.0097470243988005,-3.69344e-4,0,77,0.023074479773640633,-0.257110800695665,Point estimate,Imputation-assisted,Imputed,0,0,1,0
GBD_O3,O3,Pseudomonas_aeruginosa,6264404,4.316452131759e-4,2.657874555983e-4,0,0,5.259877875054e-4,3.101651809174e-4,NA,NA,0,0,0,0,-1.658577575776e-4,0,-2.15822606588e-4,0.0032892484999999996,0,78,0.08445388823747635,-0.0794714305083665,Point estimate,Imputation-assisted,Imputed,0,0,1,0
GBD_O3,O3,Pseudomonas_mendocina,5372474,0.0014306258159648,0.0011318807685248,0,0,0.0016850709747501,0.0016755781414669,NA,NA,0,0,0,0,-2.987450474400001e-4,0,-9.49283328319987e-6,-0.022161401499999997,0,79,0.09917084872722626,-0.15005391372691,Point estimate,Imputation-assisted,Imputed,0,0,1,0
GBD_O3,O3,Pseudomonas_putida,6156701,5.459092458769e-4,5.017297413013e-4,0,0,6.219239816908e-4,6.826708004822e-4,NA,NA,0,0,0,0,-4.417950457560004e-5,0,6.07468187914e-5,-0.004547534,0,80,0.19051778316497803,-0.0823402716717467,Point estimate,Imputation-assisted,Imputed,0,0,1,0
GBD_O3,O3,Shigella_sonnei,4994001,0.0456295463296863,0.0604204925069097,4.10492508912192e-5,2.92350762444779e-5,0.0518371942656798,0.0705632618015093,0,0.0043835615458553,0,0,0,0,0.0147909461772234,-1.18141746467413e-5,0.0187260675358295,-0.0043835615458553,0,81,0.2871045470237732,0.276856786936626,Point estimate,Imputation-assisted,Complete,0,0,0,0
GBD_UF,UF,Aliarcobacter_cryaerophilus,2108340,0.49513218930533,0.451452801730271,0.212256562034586,0.151435726685449,2.48752573114393,1.79405693578834,0.010331239226958,0.0096649419678064,7138,4258,3.385601942760655,2.019598357001243,-0.04367938757505896,-0.06082083534913701,-0.69346879535559,6.662972591515992e-4,1.366003585759412,83,0.4909399449825287,0.482102792054348,Point estimate,Imputation-assisted,Complete,0,0,0,0
GBD_UF,UF,Aeromonas_caviae,4586140,0.514828810284901,0.417641415220643,0.0186054067254815,0.0072904446876894,0.966492518763055,0.68403341372047,0.0079265408804596,0.0075325326978741,874,324,0.190574208375671,0.07064764704086661,-0.097187395064258,-0.0113149620377921,-0.282459105042585,3.940081825855e-4,0.1199265613348044,84,0.4294206500053406,0.496983861064114,Point estimate,Imputation-assisted,Complete,0,0,0,0
GBD_UF,UF,Acinetobacter_lwoffii,3528101,0.0243760028411884,0.0175887821805554,0.0068980451523354,0.0043740244397764,0.127857167354335,0.0748915634784831,0.0078787318867743,0.0052723658419352,347,128,0.09835319340347683,0.03628014050618165,-0.006787220660633,-0.002524020712559,-0.0529656038758519,0.0026063660448391,0.06207305289729517,85,0.46037158370018005,0.38489892973477,Point estimate,Imputation-assisted,Complete,0,0,0,0
GBD_UF,UF,Bordetella_hinzii,5033537,0.0028075685149428,0.0024960579409667,9.657225128174e-4,5.443488346266e-4,0.0101391923810235,0.0077019400075929,0.0173759242372977,0.0185731795147388,104,67,0.02066141562086461,0.01331071967882624,-3.115105739761002e-4,-4.213736781908e-4,-0.002437252373430599,-0.0011972552774410991,0.007350695942038372,87,0.47222793102264404,0.627902865170403,Point estimate,Imputation-assisted,Complete,0,0,0,0
GBD_UF,UF,Escherichia_coli,10236257,0.075982558859161,0.0712902186805196,7.758695390316e-4,4.449868736198e-4,0.100440131583253,0.0889381733967796,0.0098686712765626,0.0092088241739408,97,64,0.00947612003098398,0.006252285381267782,-0.004692340178641397,-3.308826654117999e-4,-0.0115019581864734,6.598471026217998e-4,0.003223834649716198,88,0.56583404541015625,0.779584474089292,Point estimate,Imputation-assisted,Complete,0,0,0,0
GBD_UF,UF,Klebsiella_pneumoniae,5682322,0.102463218381499,0.0922851608902134,0.0019277330640536,0.0011688883523319,0.149713620593834,0.123444253951113,0.0046804594649695,0.0058752850519176,70,35,0.01231890765782017,0.006159453828910083,-0.0101780574912856,-7.588447117216999e-4,-0.026269366642721,-0.0011948255869481,0.006159453828910083,89,0.5823580026626587,0.554828161082353,Point estimate,Imputation-assisted,Complete,0,0,0,0
GBD_UF,UF,Chryseobacterium_gleum,5643321,0.135099172986969,0.0336032630431619,0.0019357396114805,1.546961443447e-4,0.21174340428269,0.0419759925051224,0.0029482153397434,0.0014720234810827,40,3,0.007088024941342163,5.316018706006622e-4,-0.1014959099438071,-0.0017810434671358,-0.1697674117775676,0.0014761918586607,0.006556423070741501,90,0.23726044595241547,0.00353341702993415,Point estimate,Imputation-assisted,Complete,0,0,0,0
GBD_UF,UF,Achromobacter_xylosoxidans,6901970,0.0072482204356146,0.0055607312115236,6.411213030482e-4,1.866133871922e-4,0.015618874031617,0.0098867424807698,0.0077647207281683,0.0075933943901743,36,5,0.00521590212649432,7.244308509019888e-4,-0.001687489224091,-4.545079158559999e-4,-0.005732131550847201,1.713263379940003e-4,0.004491471275592331,91,0.4772861897945404,0.482534816986523,Point estimate,Imputation-assisted,Complete,0,0,0,0
GBD_UF,UF,Cupriavidus_metallidurans,6901105,0.0021516844041642,0.001895928260764,6.593147039495e-4,5.772988528648e-4,0.0766639545406134,0.0500005433912395,0.0042554414141308,0.0048774425688397,32,22,0.004636938577227849,0.003187895271844147,-2.557561434001999e-4,-8.201585108469996e-5,-0.02666341114937389,-6.220011547088998e-4,0.001449043305383702,92,0.41509681940078735,0.512651860764269,Point estimate,Imputation-assisted,Complete,0,0,0,0
GBD_UF,UF,Shigella_boydii,4825405,0.0880508475454391,0.0805078537449188,0.0011808335258905,7.481237326193e-4,0.116644716868325,0.0998778340885376,0.0048809054233434,0.0024533496338904,28,7,0.005802621748848024,0.001450655437212006,-0.007542993800520301,-4.327097932712e-4,-0.0167668827797874,0.002427555789453,0.004351966311636018,93,0.5402259826660156,0.668632569324507,Point estimate,Imputation-assisted,Complete,0,0,0,0
GBD_UF,UF,Aeromonas_hydrophila,4744448,0.0692042572708142,0.046212119934711,3.876109507365e-4,9.40046133923272e-5,0.0906356229428586,0.0583241717476932,0.0151281537667378,0.0153761833505245,27,5,0.005690862245723844,0.001053863378837749,-0.0229921373361032,-2.936063373441728e-4,-0.0323114511951654,-2.480295837866998e-4,0.004636998866886095,94,0.44477173686027527,0.444026332647125,Point estimate,Imputation-assisted,Complete,0,0,0,0
GBD_UF,UF,Staphylococcus_aureus,2821361,3.66844228725e-4,3.888194385617e-4,2.289675089433e-4,1.22281409575e-4,0.0025686184788121,0.0013847926585786,0.0169698841431561,0.0119159929994223,18,3,0.006379899630001266,0.001063316605000211,2.197520983670002e-5,-1.066860993683e-4,-0.0011838258202335,0.005053891143733799,0.005316583025001055,96,0.44315049052238464,0.608925855379077,Point estimate,Imputation-assisted,Complete,0,0,0,0
GBD_UF,UF,Shigella_dysenteriae,5192674,0.0516196472183695,0.044485750501572,7.918848747291e-4,3.797658008185e-4,0.0678305628275527,0.0548994602780763,0.007155625939601,0.0016612622123702,14,0,0.002696106091004365,0,-0.007133896716797504,-4.121190739106e-4,-0.0129311025494764,0.0054943637272308,0.002696106091004365,97,0.5721622705459595,0.740142805405214,Point estimate,Imputation-assisted,Complete,0,0,0,0
GBD_UF,UF,Nocardia_farcinica,6292344,9.889796234916e-4,5.934195587526e-4,8.7089962023691e-5,4.60877536256759e-5,0.0021275060613341,0.0011335998159032,0.0069383616647581,0.0122758620771868,4,4,6.356931534575986e-4,6.356931534575986e-4,-3.95560064739e-4,-4.10022083980151e-5,-9.939062454309001e-4,-0.005337500412428701,0,98,0.3984202444553375,0.113943518511943,Point estimate,Imputation-assisted,Complete,0,0,0,0
GBD_UF,UF,Bacteroides_fragilis,5241700,0.0377780109506457,0.0323105099490622,7.91727874544518e-5,8.92840109124897e-5,0.0466352519220862,0.0396913215178281,0.0050120482961815,0.0069357715865484,3,5,5.723334032851937e-4,9.538890054753229e-4,-0.005467501001583504,1.011122345803789e-5,-0.0069439304042581,-0.0019237232903669,-3.815556021901291e-4,99,0.5595436692237854,0.51283753243116,Point estimate,Imputation-assisted,Complete,0,0,0,0
GBD_UF,UF,Mycobacterium_xenopi,5251936,6.281493148431e-4,3.514894317066e-4,1.818377070855e-4,4.24605326492913e-5,0.0022477425467484,6.848902956928e-4,0.0012954842981864,0,1,0,1.904059760058005e-4,0,-2.766598831365e-4,-1.393771744362087e-4,-0.0015628522510556,0.0012954842981864,1.904059760058005e-4,100,0.4169221520423889,0.383608934525472,Point estimate,Imputation-assisted,Complete,0,0,0,0
GBD_UF,UF,Nocardia_brasiliensis,8935513,4.714894377077e-4,2.155444236945e-4,2.79782481431116e-5,0,7.389614899558e-4,3.146993351137e-4,0.008,NA,1,0,1.119129925724466e-4,0,-2.559450140132e-4,-2.79782481431116e-5,-4.242621548421e-4,-0.0012301175000000001,1.119129925724466e-4,101,0.3748180866241455,0.0784738071025236,Point estimate,Imputation-assisted,Imputed,0,0,1,0
GBD_UF,UF,Laribacter_hongkongensis,3110307,0.0679826782372286,0.0477046156536958,2.257011928404e-4,4.53331455705146e-5,0.082790862766922907,0.0562404289994524,0,0,0,0,0,0,-0.0202780625835328,-1.803680472698854e-4,-0.02655043376747051,0,0,102,0.4681619703769684,0.505225753710434,Point estimate,Imputation-assisted,Complete,0,0,0,0
GBD_UF,UF,Legionella_longbeachae,4149158,2.607758007769e-4,2.359514870245e-4,0,0,2.607758007769e-4,3.063272114485e-4,NA,NA,0,0,0,0,-2.482431375240002e-5,0,4.555141067159998e-5,0.001261375,0,103,0.3872337341308594,0.590884426264589,Point estimate,Imputation-assisted,Imputed,0,0,1,0
GBD_UF,UF,Legionella_pneumophila,3409143,4.197535861652e-4,1.557576200235e-4,0,0,4.197535861652e-4,1.557576200235e-4,NA,NA,0,0,0,0,-2.639959661417e-4,0,-2.639959661417e-4,-3.69344e-4,0,104,0.3546472191810608,0.55765778326164706,Point estimate,Imputation-assisted,Imputed,0,0,1,0
GBD_UF,UF,Mycobacterium_kansasii,6577228,0.0010946860896413,2.05557721277e-4,3.55772979133458e-5,0,0.0017437437169579,2.338371119261e-4,0.0073428688905178,NA,0,0,0,0,-8.891283683642999e-4,-3.55772979133458e-5,-0.0015099066050318,-0.003322843,0,105,0.3834494352340698,0.410567281808436,Point estimate,Imputation-assisted,Imputed,0,0,1,0
GBD_UF,UF,Pseudomonas_aeruginosa,6264404,2.657874555983e-4,1.393588280704e-4,0,0,3.101651809174e-4,1.393588280704e-4,NA,NA,0,0,0,0,-1.264286275279e-4,0,-1.70806352847e-4,-0.01557333,0,106,0.36147844791412354,0.570704320253979,Point estimate,Imputation-assisted,Imputed,0,0,1,0
GBD_UF,UF,Pseudomonas_alcaligenes,4406305,0.0292369683896144,0.0161100967817706,6.78573090151498e-5,2.31486472225594e-5,0.0352265673846908,0.0185706618130156,0,0.0478431372081532,0,2,0,4.538950435795979e-4,-0.0131268716078438,-4.470866179259039e-5,-0.0166559055716752,-0.0478431372081532,-4.538950435795979e-4,107,-0.21247726678848267,0.426224942871011,Point estimate,Imputation-assisted,Complete,0,0,0,0
GBD_UF,UF,Pseudomonas_mendocina,5372474,0.0011318807685248,4.387178048696e-4,0,0,0.0016755781414669,4.387178048696e-4,NA,NA,0,0,0,0,-6.931629636552001e-4,0,-0.0012368603365973,-0.027683937,0,108,0.396432101726532,0.426180286207272,Point estimate,Imputation-assisted,Imputed,0,0,1,0
GBD_UF,UF,Pseudomonas_putida,6156701,5.017297413013e-4,4.67945414273e-4,0,0,6.826708004822e-4,4.67945414273e-4,NA,NA,0,0,0,0,-3.378432702829998e-5,0,-2.147253862092e-4,-0.004547534,0,109,0.4792577028274536,0.491184284512267,Point estimate,Imputation-assisted,Imputed,0,0,1,0
GBD_UF,UF,Ralstonia_solanacearum,5530249,2.330817292313e-4,1.952895791852e-4,0,0,3.540527741155e-4,2.743095292815e-4,NA,NA,0,0,0,0,-3.779215004609998e-5,0,-7.974324483399998e-5,-0.0073013805,0,110,0.4202098548412323,0.466360664233204,Point estimate,Imputation-assisted,Imputed,0,0,1,0
GBD_UF,UF,Shigella_sonnei,4994001,0.0604204925069097,0.0530650674679479,2.92350762444779e-5,0,0.0705632618015093,0.061647764988433,0.0043835615458553,NA,0,0,0,0,-0.007355425038961798,-2.92350762444779e-5,-0.008915496813076303,0.024296967,0,111,0.5872257351875305,0.598909502196841,Point estimate,Imputation-assisted,Imputed,0,0,1,0
GBD_UV_Cl,UV_Cl,Aeromonas_caviae,4586140,0.484677310330692,0.463915842080704,0.0162450339501192,0.0103636173339671,0.888592585485833,0.800804162105823,0.007372542540117,0.0078695168778146,655,468,0.1428216321350853,0.1020466012812518,-0.02076146824998798,-0.0058814166161521,-0.08778842338001003,-4.969743376976006e-4,0.04077503085383351,112,-0.1551506072282791,-0.295621534802281,Point estimate,Imputation-assisted,Complete,0,0,0,0
GBD_UV_Cl,UV_Cl,Bordetella_hinzii,5033537,0.0037623643175762,0.0030795442647982,0.0017228441948474,0.0015939090146749,0.0179029179680212,0.0172838701692269,0.0208717212699546,0.0197049664259402,266,242,0.05284554379951911,0.04807752481008881,-6.828200527780001e-4,-1.289351801724999e-4,-6.190477987942991e-4,0.001166754844014399,0.004768018989430294,113,-0.23344604671001434,-0.256432579430054,Point estimate,Imputation-assisted,Complete,0,0,0,0
GBD_UV_Cl,UV_Cl,Aliarcobacter_cryaerophilus,2108340,0.227420624756917,0.368705237295692,0.0093049508143847,0.069243101207585,0.425606401244581,1.04538831497766,0.0083576306762989,0.0084105458298483,213,1495,0.1010273485301232,0.7090886669133062,0.141284612538775,0.05993815039320031,0.6197819137330789,-5.291515354939949e-5,-0.608061318383183,114,0.3386859893798828,0.169554209855244,Point estimate,Imputation-assisted,Complete,0,0,0,0
GBD_UV_Cl,UV_Cl,Acinetobacter_lwoffii,3528101,0.0479872883457701,0.0319432465227043,0.0057535200948044,0.0055959282344807,0.147657904351377,0.117129866747012,0.005815917372122,0.0065745217127017,202,204,0.05725459673631792,0.05782147393172701,-0.0160440418230658,-1.575918603237006e-4,-0.030528037604365,-7.586043405796994e-4,-5.66877195409092e-4,115,-0.2459227591753006,-0.347030627013962,Point estimate,Imputation-assisted,Complete,0,0,0,0
GBD_UV_Cl,UV_Cl,Achromobacter_xylosoxidans,6901970,0.0179979049459791,0.0153380846338073,0.0047682038606368,0.0037319779715066,0.0611784751310132,0.0515510788948661,0.0045170385301095,0.0035545794834621,173,94,0.02506530744120881,0.01361929999695739,-0.002659820312171799,-0.0010362258891302,-0.009627396236147105,9.624590466473996e-4,0.01144600744425142,116,-0.1562749147415161,-0.306882626090294,Point estimate,Imputation-assisted,Complete,0,0,0,0
GBD_UV_Cl,UV_Cl,Escherichia_coli,10236257,0.0592563277768426,0.0589434204319019,5.835140715986e-4,6.111608960188e-4,0.0772650588979936,0.0777204011192762,0.008608332904523,0.0118266178480804,76,96,0.007424588890255491,0.009378428071901672,-3.129073449407022e-4,2.764682442019995e-5,4.553422212826008e-4,-0.003218284943557401,-0.00195383918164618,118,-0.00888795405626297,-0.177763375259449,Point estimate,Imputation-assisted,Complete,0,0,0,0
GBD_UV_Cl,UV_Cl,Cupriavidus_metallidurans,6901105,0.0028149115250383,0.0030125610318926,0.0012299479576096,0.0010699735766953,0.0972076210983603,0.0986831818962325,0.0066388972124661,0.009379050100095,74,111,0.0107229204598394,0.01608438068975911,1.976495068543001e-4,-1.599743809143001e-4,0.0014755607978722,-0.0027401528876289,-0.005361460229919703,119,0.014695382677018642,-0.247249538255513,Point estimate,Imputation-assisted,Complete,0,0,0,0
GBD_UV_Cl,UV_Cl,Pseudomonas_putida,6156701,0.0785154257125691,5.459092458769e-4,8.498057644832e-4,0,0.110600953335235,6.219239816908e-4,0.0111331441966583,NA,68,0,0.01104487614389589,0,-0.0779695164666922,-8.498057644832e-4,-0.1099790293535442,-0.004547534,0.01104487614389589,120,-0.5703563094139099,-0.51582339326751,Point estimate,Imputation-assisted,Imputed,0,0,1,0
GBD_UV_Cl,UV_Cl,Klebsiella_pneumoniae,5682322,0.0772062899638562,0.090721891508436,0.0017418935428157,0.0016315513270806,0.117539273557535,0.130200998817032,0.0046862843247898,0.0043823918199705,56,34,0.009855126126256133,0.005983469433798367,0.0135156015445798,-1.103422157351e-4,0.01266172525949701,3.038925048193001e-4,0.003871656692457766,121,0.26856672763824463,-0.18725911871416,Point estimate,Imputation-assisted,Complete,0,0,0,0
GBD_UV_Cl,UV_Cl,Nocardia_brasiliensis,8935513,3.486089718631e-4,5.034965535834e-4,5.29348454867672e-5,6.88264904320546e-5,8.604989998895e-4,0.0011644546877163,0.0301544152783036,0.0039530262714478,25,1,0.002797824814311165,1.119129925724466e-4,1.548875817203e-4,1.58916449452874e-5,3.039556878268e-4,0.0262013890068558,0.002685911821738718,122,-0.06210244446992874,-0.594918111940188,Point estimate,Imputation-assisted,Complete,0,0,0,0
GBD_UV_Cl,UV_Cl,Aeromonas_hydrophila,4744448,0.124947728376409,0.073867813494847,5.526459558625e-4,2.46604030648e-4,0.165155356323854,0.0927770733286569,0.0082271510776357,0.0063388568723303,24,7,0.005058544218421195,0.001475408730372848,-0.05107991488156199,-3.060419252145e-4,-0.07237828299519711,0.0018882942053054,0.003583135488048347,123,-0.24279028177261353,-0.329458945750232,Point estimate,Imputation-assisted,Complete,0,0,0,0
GBD_UV_Cl,UV_Cl,Nocardia_farcinica,6292344,0.001127401807657,0.0012661418383991,2.021504227995e-4,2.274192256494e-4,0.0036776438160405,0.0037858705754166,0.0126464251639707,0.0081130971365421,22,15,0.003496312344016793,0.002383849325465995,1.387400307421001e-4,2.526880284989998e-5,1.082267593761001e-4,0.004533328027428599,0.001112463018550798,124,-0.02650650218129158,-0.570844388224825,Point estimate,Imputation-assisted,Complete,0,0,0,0
GBD_UV_Cl,UV_Cl,Shigella_boydii,4825405,0.0625810683248348,0.0728299489887377,8.799261409145e-4,8.681136609258e-4,0.0823342289403687,0.0954205916394582,0.0039479521103641,0.0040130119501306,21,18,0.004351966311636018,0.003730256838545159,0.01024888066390289,-1.181247998869998e-5,0.0130863626990895,-6.505983976650039e-5,6.217094730908593e-4,125,0.2872277498245239,-0.084141314866973,Point estimate,Imputation-assisted,Complete,0,0,0,0
GBD_UV_Cl,UV_Cl,Shigella_sonnei,4994001,0.0385244216010368,0.0456295463296863,6.12735159644539e-5,4.10492508912192e-5,0.0445218172763681,0.0518371942656798,0.0204284680045507,0,12,0,0.002402882978998202,0,0.007105124728649499,-2.02242650732347e-5,0.0073153769893117,0.0204284680045507,0.002402882978998202,126,0.030447712168097496,-0.400020431569873,Point estimate,Imputation-assisted,Complete,0,0,0,0
GBD_UV_Cl,UV_Cl,Pseudomonas_alcaligenes,4406305,0.0424305625688643,0.1548006776653,1.211899766357e-4,2.904928278909e-4,0.050879364910055,0.20031205284246,0.0125379923465993,0.0147309459978715,10,26,0.00226947521789799,0.005900635566534772,0.1123701150964357,1.693028512552e-4,0.149432687932405,-0.0021929536512722,-0.003631160348636782,127,0.3751727342605591,0.0812524849677061,Point estimate,Imputation-assisted,Complete,0,0,0,0
GBD_UV_Cl,UV_Cl,Staphylococcus_aureus,2821361,4.20010058975e-4,4.150479148184e-4,1.474465692266e-4,1.293701869416e-4,0.001850879770437,0.0014188187899386,0.009397806169895,0.0248715438254891,6,6,0.002126633210000422,0.002126633210000422,-4.962144156600025e-6,-1.8076382285e-5,-4.320609804983999e-4,-0.0154737376555941,0,128,0.04377174749970436,-0.015122176074761,Point estimate,Imputation-assisted,Complete,0,0,0,0
GBD_UV_Cl,UV_Cl,Laribacter_hongkongensis,3110307,0.0896281299563033,0.081031550904782,1.675075804413e-4,2.089825859633e-4,0.111817579422224,0.100762722136432,0.0079505221628641,0.002215384703416,5,3,0.001607558353564455,9.645350121386731e-4,-0.008596579051521308,4.147500552199998e-5,-0.011054857285792,0.005735137459448101,6.430233414257822e-4,129,-0.1783633977174759,-0.222548060599801,Point estimate,Imputation-assisted,Complete,0,0,0,0
GBD_UV_Cl,UV_Cl,Mycobacterium_kansasii,6577228,0.0051509541709667,0.0043501608884471,2.054056815424e-4,1.474785426321e-4,0.0104408726594242,0.0078492033421981,0.0018449087305301,0.0071273414744533,5,4,7.601986733620911e-4,6.081589386896729e-4,-8.007932825195999e-4,-5.79271389103e-5,-0.002591669317226099,-0.0052824327439232,1.520397346724183e-4,130,0.01328999362885952,-0.219664007629004,Point estimate,Imputation-assisted,Complete,0,0,0,0
GBD_UV_Cl,UV_Cl,Shigella_dysenteriae,5192674,0.0353295816375146,0.0404928173807945,6.430213027044e-4,6.141344517294e-4,0.046099369997038,0.0520600754062357,0.0022149647592463,0.0060334881296274,4,27,7.703160260012471e-4,0.005199633175508418,0.005163235743279898,-2.888685097499999e-5,0.0059607054091977,-0.0038185233703811,-0.004429317149507171,131,0.3041355609893799,0.106053905698287,Point estimate,Imputation-assisted,Complete,0,0,0,0
GBD_UV_Cl,UV_Cl,Mycobacterium_xenopi,5251936,8.922424035631e-4,0.0012762912571668,1.148148035314e-4,1.098642481553e-4,0.0022490753885804,0.0028376202604143,0.003410292007832,0.0036893511768849,2,3,3.808119520116011e-4,5.712179280174016e-4,3.840488536036999e-4,-4.950555376100006e-6,5.885448718338997e-4,-2.790591690529001e-4,-1.904059760058005e-4,133,0.008350511081516743,-0.305412692790709,Point estimate,Imputation-assisted,Complete,0,0,0,0
GBD_UV_Cl,UV_Cl,Bacteroides_fragilis,5241700,0.018011332201385,0.02991987332354,5.24638953011427e-5,2.291241391151e-4,0.0227899345632141,0.0391655378980101,0,0.0012674622988323,0,2,0,3.815556021901291e-4,0.011908541122155,1.766602438139573e-4,0.016375603334796,-0.0012674622988323,-3.815556021901291e-4,134,0.3101496696472168,-0.0529174389877858,Point estimate,Imputation-assisted,Complete,0,0,0,0
GBD_UV_Cl,UV_Cl,Chryseobacterium_gleum,5643321,0.0113582055672537,0.0743099674819135,0,3.928537823738e-4,0.0148302745847702,0.101103587763304,NA,0.0049173057375052,0,9,0,0.001594805611801987,0.0629517619146598,3.928537823738e-4,0.0862733131785338,0.0028724220000000003,-0.001594805611801987,135,0.2824023962020874,0.572981384662833,Point estimate,Imputation-assisted,Imputed,0,0,1,0
GBD_UV_Cl,UV_Cl,Legionella_longbeachae,4149158,2.267930023392e-4,0.0019924524445682,0,0,2.267930023392e-4,0.0023431260029142,NA,NA,0,0,0,0,0.001765659442229,0,0.002116333000575,0.001261375,0,136,0.06393514573574066,0.235630442573816,Point estimate,Imputation-assisted,Imputed,0,0,1,0
GBD_UV_Cl,UV_Cl,Legionella_pneumophila,3409143,0.0020949546557595,0.0066374452465033,0,4.25326834339304e-5,0.0026255865477042,0.0101667779849657,NA,0,0,0,0,0,0.0045424905907438,4.25326834339304e-5,0.007541191437261499,-3.69344e-4,0,137,0.20574134588241577,0.174944119464921,Point estimate,Imputation-assisted,Imputed,0,0,1,0
GBD_UV_Cl,UV_Cl,Pseudomonas_aeruginosa,6264404,5.911176865349e-4,4.316452131759e-4,0,0,6.528953113496e-4,5.259877875054e-4,NA,NA,0,0,0,0,-1.59472473359e-4,0,-1.269075238442e-4,-0.006330686,0,138,0.004279829561710358,-0.262113298599842,Point estimate,Imputation-assisted,Imputed,0,0,1,0
GBD_UV_Cl,UV_Cl,Pseudomonas_mendocina,5372474,0.0027443594887568,0.0014306258159648,4.67196304719181e-5,0,0.0035043445533658,0.0016850709747501,0,NA,0,0,0,0,-0.001313733672792,-4.67196304719181e-5,-0.0018192735786157,-0.005072229,0,139,-0.0589788481593132,-0.306087389978073,Point estimate,Imputation-assisted,Imputed,0,0,1,0
GBD_UV_Cl,UV_Cl,Ralstonia_solanacearum,5530249,4.489852084417e-4,6.504227928977e-4,0,8.1370657993824e-5,6.70675045554e-4,0.0012885495752541,NA,0.020258510377672,0,7,0,0.00126576579101592,2.01437584456e-4,8.1370657993824e-5,6.178745297000999e-4,-0.010645433,-0.00126576579101592,140,0.09287650138139725,-0.26980147477143,Point estimate,Imputation-assisted,Imputed,0,0,1,0
HBZZ_Song_O3,O3,Cupriavidus_metallidurans,6901105,0.0037902625738921,0.0017840621175884,0.0015087438895655,8.743527304685e-4,0.400232426546183,0.0563840138644463,0.0067031844660404,0.005910546224679,139,60,0.02014170194483347,0.008694259832302218,-0.0020062004563037,-6.343911590969999e-4,-0.3438484126817367,7.926382413613996e-4,0.01144744211253126,142,0.047181472182273865,-0.177144165569531,Point estimate,Imputation-assisted,Complete,0,0,0,0
HBZZ_Song_O3,O3,Aliarcobacter_cryaerophilus,2108340,0.150709562973713,0.0687972528150108,0.0043157175787585,7.612624149804e-4,0.249306089150706,0.0959902103076354,0.0041941026695902,0.0055693844025751,31,16,0.01470351081893812,0.007588908809774515,-0.08191231015870219,-0.003554455163778099,-0.1533158788430706,-0.0013752817329849,0.007114602009163607,144,-0.027492884546518326,0.302421904667036,Point estimate,Imputation-assisted,Complete,0,0,0,0
HBZZ_Song_O3,O3,Klebsiella_pneumoniae,5682322,0.0133899486864699,0.0078249701442473,0.0015843875091907,8.82209772695e-4,0.0483050766922395,0.0168455782688837,0.0028037449511953,0.0018859495309068,28,3,0.004927563063128066,5.2795318533515e-4,-0.0055649785422226,-7.021777364957e-4,-0.0314594984233558,9.177954202885001e-4,0.004399609877792916,145,0.07611285895109177,0.0256076627031804,Point estimate,Imputation-assisted,Complete,0,0,0,0
HBZZ_Song_O3,O3,Acinetobacter_lwoffii,3528101,0.0036489885068482,0.0052308593206373,0.002190130044463,0.0015152627433284,0.0541945936354996,0.0249947492999774,0.0016430059904204,0.0012889149324571,17,6,0.00481845616097725,0.001700631586227265,0.0015818708137891,-6.748673011345999e-4,-0.0291998443355222,3.540910579633001e-4,0.003117824574749985,146,0.30791550874710083,0.179047214700831,Point estimate,Imputation-assisted,Complete,0,0,0,0
HBZZ_Song_O3,O3,Achromobacter_xylosoxidans,6901970,0.0047363289031971,0.0029703113748682,0.0011198252093242,6.656070658087e-4,0.0245768961615306,0.0140233875255904,0.0013567320216841,9.036845599353e-4,16,6,0.002318178722886364,8.693170210823867e-4,-0.0017660175283289,-4.542181435155e-4,-0.0105535086359402,4.530474617488e-4,0.001448861701803977,147,0.05556806921958923,-0.182096634665403,Point estimate,Imputation-assisted,Complete,0,0,0,0
HBZZ_Song_O3,O3,Aeromonas_hydrophila,4744448,0.407666603153833,0.393448932309933,0.0081096894728322,0.0063457329493336,0.681408880442993,0.633462101386715,5.186416990283e-4,7.499710765248e-4,13,24,0.002740044784978147,0.005058544218421195,-0.01421767084390002,-0.0017639565234986,-0.04794677905627798,-2.313293774965e-4,-0.002318499433443048,148,-0.02316351793706417,0.231424814561308,Point estimate,Imputation-assisted,Complete,0,0,0,0
HBZZ_Song_O3,O3,Ralstonia_solanacearum,5530249,2.712355266462e-4,3.146332109096e-4,2.567696318918e-5,0,5.260160980092e-4,4.157136505065e-4,0.0312676060367638,NA,9,0,0.001627413159877611,0,4.339768426339999e-5,-2.567696318918e-5,-1.103024475026999e-4,-0.008427257,0.001627413159877611,151,0.07378863543272018,-0.234272968548807,Point estimate,Imputation-assisted,Imputed,0,0,1,0
HBZZ_Song_O3,O3,Chryseobacterium_gleum,5643321,0.119200378642292,0.0234330104560771,0.0010669249542955,4.83757702246602e-5,0.165467284246279,0.0300767934342207,5.721471531805e-4,0.0011721611459613,4,0,7.088024941342163e-4,0,-0.0957673681862149,-0.00101854918407084,-0.1353904908120583,-6.000139927808e-4,7.088024941342163e-4,152,-0.24254046380519867,0.191449237738158,Point estimate,Imputation-assisted,Complete,0,0,0,0
HBZZ_Song_O3,O3,Escherichia_coli,10236257,0.0234416740415954,0.0090090547746114,5.68567201858934e-5,2.85260520520342e-5,0.0287666673472539,0.0106618073383659,0.0062765134978539,8.386916493716e-4,4,0,3.907678363292364e-4,0,-0.014432619266984,-2.83306681338592e-5,-0.018104860008888,0.0054378218484823,3.907678363292364e-4,153,-0.07506420463323593,0.152693599957915,Point estimate,Imputation-assisted,Complete,0,0,0,0
HBZZ_Song_O3,O3,Aeromonas_caviae,4586140,0.0233529722162864,0.016012594469423,3.399372893108e-4,8.3076399761019e-5,0.0316675897377751,0.0208901167430562,6.326643452574e-4,0,1,0,2.180482933360081e-4,0,-0.007340377746863403,-2.56860889549781e-4,-0.0107774729947189,6.326643452574e-4,2.180482933360081e-4,154,0.06440362334251404,0.0976778715345826,Point estimate,Imputation-assisted,Complete,0,0,0,0
HBZZ_Song_O3,O3,Bordetella_hinzii,5033537,0.0011455165622106,5.870623380736e-4,4.13228312417292e-5,0,0.0017393335938525,7.285135680933e-4,0.0023076923993917,NA,1,0,1.98667457892929e-4,0,-5.58454224137e-4,-4.13228312417292e-5,-0.0010108200257592,-8.558999999999997e-6,1.98667457892929e-4,155,0.0035661233123391867,-0.216591621202493,Point estimate,Imputation-assisted,Imputed,0,0,1,0
HBZZ_Song_O3,O3,Bacteroides_fragilis,5241700,0.003652441001965,0.0012226949272181,6.35290077646564e-5,0,0.0045800026708891,0.0018417688917717,0,NA,0,0,0,0,-0.0024297460747469,-6.35290077646564e-5,-0.0027382337791174,0.003507403,0,156,0.1483793407678604,0.0268070170006114,Point estimate,Imputation-assisted,Imputed,0,0,1,0
HBZZ_Song_O3,O3,Laribacter_hongkongensis,3110307,0.0190900769602485,0.0073340027206317,0,0,0.0230379187649321,0.0085255249722936,NA,NA,0,0,0,0,-0.0117560742396168,0,-0.0145123937926385,-0.007648951000000001,0,158,-0.18366797268390656,-0.402802957920456,Point estimate,Imputation-assisted,Imputed,0,0,1,0
HBZZ_Song_O3,O3,Legionella_longbeachae,4149158,0.0012122941570312,6.905015427226e-4,7.06167371789649e-5,0,0.0021698378321576,9.989978689651e-4,0,NA,0,0,0,0,-5.217926143086e-4,-7.06167371789649e-5,-0.0011708399631925,0.001261375,0,159,0.0192734282463789,0.360911821537575,Point estimate,Imputation-assisted,Imputed,0,0,1,0
HBZZ_Song_O3,O3,Legionella_pneumophila,3409143,0.0018995976408147,0.0024610290621425,0,0,0.0023475107967016,0.0029033689698554,NA,NA,0,0,0,0,5.614314213277999e-4,0,5.558581731538001e-4,-3.69344e-4,0,160,0.14039576053619385,0.369327478156221,Point estimate,Imputation-assisted,Imputed,0,0,1,0
HBZZ_Song_O3,O3,Mycobacterium_kansasii,6577228,1.50823416795e-4,1.588815227326e-4,6.00556951956052e-5,4.83486356258289e-5,4.68738501995e-4,9.548095337427e-4,0.0058869657637198,0.0018428783371763,0,1,0,1.520397346724182e-4,8.058105937599997e-6,-1.17070595697763e-5,4.860710317477e-4,0.0040440874265435,-1.520397346724182e-4,161,0.10821951925754547,0.273980357228435,Point estimate,Imputation-assisted,Complete,0,0,0,0
HBZZ_Song_O3,O3,Mycobacterium_xenopi,5251936,1.56132900324756e-5,3.37018577530262e-5,0,0,1.56132900324756e-5,3.37018577530262e-5,NA,NA,0,0,0,0,1.80885677205506e-5,0,1.80885677205506e-5,0.001768678,0,162,0.11837264150381088,0.286155966159656,Point estimate,Imputation-assisted,Imputed,0,0,1,0
HBZZ_Song_O3,O3,Nocardia_brasiliensis,8935513,1.301548103617e-4,1.273569855474e-4,3.62598095934727e-5,3.74908525117696e-5,3.618147049867e-4,6.336513639451e-4,0,3.714758958389e-4,0,0,0,0,-2.797824814299997e-6,1.231042918296903e-6,2.718366589584e-4,-3.714758958389e-4,0,163,0.0852411687374115,0.120197569996167,Point estimate,Imputation-assisted,Complete,0,0,0,0
HBZZ_Song_O3,O3,Nocardia_farcinica,6292344,2.809763738281e-4,2.25512146189e-4,0,0,4.532492184152e-4,3.420029165601e-4,NA,NA,0,0,0,0,-5.546422763909998e-5,0,-1.112463018551e-4,-0.0048749845,0,164,0.16515961289405823,0.123097775045624,Point estimate,Imputation-assisted,Imputed,0,0,1,0
HBZZ_Song_O3,O3,Pseudomonas_aeruginosa,6264404,2.820699303557e-4,1.179681259382e-4,0,0,2.820699303557e-4,1.648999649447e-4,NA,NA,0,0,0,0,-1.641018044175e-4,0,-1.17169965411e-4,0.0032892484999999996,0,165,0.08445388823747635,-0.13716440905070101,Point estimate,Imputation-assisted,Imputed,0,0,1,0
HBZZ_Song_O3,O3,Pseudomonas_alcaligenes,4406305,0.0029587148415736,0.001457456984934,0,0,0.0036091464390231,0.0018868416961603,NA,NA,0,0,0,0,-0.0015012578566396,0,-0.0017223047428628,-0.012925217,0,166,-0.01141582801938057,0.0442406600577544,Point estimate,Imputation-assisted,Imputed,0,0,1,0
HBZZ_Song_O3,O3,Pseudomonas_mendocina,5372474,0.0065478213575346,0.0025721855517587,0,0,0.0086355001438815,0.0029613917163674,NA,NA,0,0,0,0,-0.003975635805775899,0,-0.005674108427514099,-0.022161401499999997,0,167,-0.12005233764648438,0.0788255307257662,Point estimate,Imputation-assisted,Imputed,0,0,1,0
HBZZ_Song_O3,O3,Pseudomonas_putida,6156701,1.093117888946e-4,4.36922306280587e-5,0,0,1.093117888946e-4,4.36922306280587e-5,NA,NA,0,0,0,0,-6.561955826654131e-5,0,-6.561955826654131e-5,-0.004547534,0,168,0.16515961289405823,-0.0314605682944755,Point estimate,Imputation-assisted,Imputed,0,0,1,0
HBZZ_West_Cl,Cl,Pseudomonas_alcaligenes,4406305,0.394345602494607,0.496418200737352,0.0097512541687422,0.0159174183357711,0.678625061133988,0.907190718754148,0.0058970783933832,0.0087263771303892,364,792,0.0826088979314868,0.1797424372575208,0.102072598242745,0.006166164167028901,0.22856565762016,-0.002829298737006,-0.09713353932603395,171,0.15011858940124512,0.451722081148986,Point estimate,Imputation-assisted,Complete,0,0,0,0
HBZZ_West_Cl,Cl,Pseudomonas_putida,6156701,0.0089065556375078,0.0076539367430706,0.0045358707528593,4.09310115920847e-5,0.221105588853511,0.0104084963684284,0.0032766885409286,0.0017636683252122,189,1,0.03069825869406359,1.624246491749396e-4,-0.0012526188944372,-0.004494939741267215,-0.2106970924850826,0.0015130202157164,0.03053583404488865,172,0.16114144027233124,0.340971076263739,Point estimate,Imputation-assisted,Complete,0,0,0,0
HBZZ_West_Cl,Cl,Cupriavidus_metallidurans,6901105,0.0018084060451188,0.0035574013147169,0.0012022712304768,0.0016403170216943,9.53634917886338,1.55158557941083,0.0038652235921123,0.0143761398224653,86,351,0.01246177242629985,0.05086142001896798,0.0017489952695981,4.380457912175001e-4,-7.984763599452551,-0.010510916230353,-0.03839964759266813,174,0.2716379165649414,0.458016052268938,Point estimate,Imputation-assisted,Complete,0,0,0,0
HBZZ_West_Cl,Cl,Achromobacter_xylosoxidans,6901970,0.0031118651631345,0.0156575586390551,0.0021057755974018,0.0057461855093545,0.558354498788027,0.0929001430026498,0.0018669497290914,0.0133010865888448,50,1071,0.007244308509019889,0.155173088263206,0.0125456934759206,0.0036404099119527,-0.4654543557853772,-0.0114341368597534,-0.1479287797541861,175,0.13756565749645233,0.498099959668534,Point estimate,Imputation-assisted,Complete,0,0,0,0
HBZZ_West_Cl,Cl,Klebsiella_pneumoniae,5682322,0.0017394297612842,0.007364594966635,7.532132110781e-4,0.0057629609867233,0.166317396303834,0.187115056133742,0.005808751069218,0.0059204910931216,47,438,0.008271266570250683,0.0770811650589319,0.0056251652053508,0.0050097477756452,0.020797659829908,-1.117400239035995e-4,-0.06880989848868121,176,0.31327128410339355,0.335922359784793,Point estimate,Imputation-assisted,Complete,0,0,0,0
HBZZ_West_Cl,Cl,Pseudomonas_mendocina,5372474,0.0037640014637576,4.437434224902e-4,0.0011344866443281,4.03910749498275e-5,0.047231685067252,8.858116391069e-4,0.0030739207948398,0.0350568964734056,35,15,0.006514689508036707,0.002792009789158589,-0.0033202580412674,-0.001094095569378273,-0.0463458734281451,-0.0319829756785658,0.003722679718878118,177,-0.03530484810471535,0.0860897808880062,Point estimate,Imputation-assisted,Complete,0,0,0,0
HBZZ_West_Cl,Cl,Pseudomonas_aeruginosa,6264404,0.0011595676140938,2.700975224458e-4,2.099162186857e-4,0,0.0043672151412967,3.406549130611e-4,0.0069915126031794,NA,14,0,0.002234849476502473,0,-8.894700916479999e-4,-2.099162186857e-4,-0.0040265602282356,-0.018970205,0.002234849476502473,178,-0.08235408365726471,0.222148251658804,Point estimate,Imputation-assisted,Imputed,0,0,1,0
HBZZ_West_Cl,Cl,Acinetobacter_lwoffii,3528101,9.917516533681e-4,0.0473458667991647,2.94776141612717e-5,0.0084351326676871,0.0018633253413096,0.34504227628404,0.0149786323308944,0.0040988397243762,0,240,0,0.0680252634490906,0.0463541151457966,0.008405655053525828,0.3431789509427304,0.0108797926065182,-0.0680252634490906,181,0.30081507563591003,-0.498096342939259,Point estimate,Imputation-assisted,Complete,0,0,0,0
HBZZ_West_Cl,Cl,Aeromonas_caviae,4586140,6.292873745677e-4,0.0182691762571574,0,1.09024146668e-4,7.461612597958e-4,0.0238065126664253,NA,0,0,0,0,0,0.0176398888825897,1.09024146668e-4,0.0230603514066295,0.003075627,0,182,0.22117829322814941,0.530150675563233,Point estimate,Imputation-assisted,Imputed,0,0,1,0
HBZZ_West_Cl,Cl,Aeromonas_hydrophila,4744448,0.0012781255058544,0.0049776075109264,0,0,0.0013341910376085,0.0061783794447741,NA,NA,0,0,0,0,0.003699482005072001,0,0.0048441884071656,-0.004180187,0,183,0.46732285618782043,0.627072520126141,Point estimate,Imputation-assisted,Imputed,0,0,1,0
HBZZ_West_Cl,Cl,Aliarcobacter_cryaerophilus,2108340,3.068764999952e-4,0.0139948964588253,0,0,3.068764999952e-4,0.0183039737423754,NA,NA,0,0,0,0,0.0136880199588301,0,0.0179970972423802,0.001084375,0,184,0.3400479853153229,0.657032004590276,Point estimate,Imputation-assisted,Imputed,0,0,1,0
HBZZ_West_Cl,Cl,Bordetella_hinzii,5033537,2.703864101922e-4,0.0033519173495694,0,8.487073801185e-4,3.427013648653e-4,0.01127378223305,NA,0.016443227630541,0,104,0,0.02066141562086461,0.0030815309393772,8.487073801185e-4,0.0109310808681847,-0.0087651775,-0.02066141562086461,185,0.33394843339920044,0.394962939090468,Point estimate,Imputation-assisted,Imputed,0,0,1,0
HBZZ_West_Cl,Cl,Chryseobacterium_gleum,5643321,5.19197826953313e-5,0.0050723678486479,0,0.0012412903678525,5.19197826953313e-5,0.0268489068759334,NA,0.0083497523155321,0,123,0,0.02179567669462715,0.005020448065952568,0.0012412903678525,0.02679698709323807,-0.0049532665,-0.02179567669462715,186,0.5119764804840088,-0.185868814901772,Point estimate,Imputation-assisted,Imputed,0,0,1,0
HBZZ_West_Cl,Cl,Escherichia_coli,10236257,2.92098957656104e-5,1.43607179850994e-5,0,0,5.64659523495534e-5,3.48760293923843e-5,NA,NA,0,0,0,0,-1.4849177780511e-5,0,-2.15899229571691e-5,0.001466039,0,188,0.23102112114429474,0.399692565559812,Point estimate,Imputation-assisted,Imputed,0,0,1,0
HBZZ_West_Cl,Cl,Laribacter_hongkongensis,3110307,1.520750202471e-4,3.822773764776e-4,0,4.9191285619072e-5,2.414552647053e-4,6.398082247186e-4,NA,0.0099346403982124,0,0,0,0,2.302023562305e-4,4.9191285619072e-5,3.983529600133e-4,-0.013092742000000001,0,189,0.13492292165756226,-0.322703333684996,Point estimate,Imputation-assisted,Imputed,0,0,1,0
HBZZ_West_Cl,Cl,Ralstonia_solanacearum,5530249,1.446589475446e-4,0.0013180238358164,2.62194342424726e-5,2.74490352966e-4,3.833462109933e-4,0.0039311068995265,0,0.0278511068566514,0,66,0,0.01193436317243582,0.0011733648882718,2.482709187235274e-4,0.003547760688533201,-0.0278511068566514,-0.01193436317243582,190,0.1682681292295456,0.36960703526513,Point estimate,Imputation-assisted,Complete,0,0,0,0
HBZZ_West_Cl,Cl,Shigella_sonnei,4994001,2.360832526865e-4,4.635561746983e-4,0,3.225870399305e-4,3.171805532277e-4,0.0054767710298816,NA,0.0088042820336136,0,31,0,0.006207447695745355,2.274729220118e-4,3.225870399305e-4,0.0051595904766539,-0.003950617,-0.006207447695745355,191,0.3031979203224182,1.16107882118068,Point estimate,Imputation-assisted,Imputed,0,0,1,0
JXQ_Cl,Cl,Aliarcobacter_cryaerophilus,2108340,0.412411186051585,0.353040306591915,0.110359809138943,0.0531389624064429,1.4078455087889,0.919498278266314,0.0092189552039525,0.008338002728273,2863,1148,1.357940370149027,0.5445042071013214,-0.05937087945967001,-0.0572208467325001,-0.4883472305225859,8.809524756795001e-4,0.8134361630477059,192,-0.05089379847049713,-0.1252200186754,Point estimate,Imputation-assisted,Complete,0,0,0,0
JXQ_Cl,Cl,Escherichia_coli,10236257,0.057399399018606,0.0424575115689259,2.908289621879e-4,1.700817007622e-4,0.0710941509186414,0.0517487007213671,0.0138640889073924,0.011217411481259,48,28,0.004689214035950836,0.002735374854304654,-0.0149418874496801,-1.207472614257e-4,-0.01934545019727429,0.002646677426133399,0.001953839181646181,193,-0.07467145472764969,0.0673672921948384,Point estimate,Imputation-assisted,Complete,0,0,0,0
JXQ_Cl,Cl,Klebsiella_pneumoniae,5682322,0.0531682294667566,0.0311788033131525,0.0011481221937087,6.314320096607e-4,0.0738097911382001,0.0425053349669378,0.0038965532452244,0.0049909630181915,39,7,0.006863391409356949,0.001231890765782017,-0.0219894261536041,-5.16690184048e-4,-0.0313044561712623,-0.0010944097729671,0.005631500643574932,194,-0.06704960763454437,1.66057243015734e-4,Point estimate,Imputation-assisted,Complete,0,0,0,0
JXQ_Cl,Cl,Acinetobacter_lwoffii,3528101,0.0170828442836528,0.0193285282932659,0.002732064643274,0.0023511231679591,0.0476290219582715,0.0468138525512733,0.0030981229850272,0.0043593341072613,37,53,0.01048722811506814,0.01502224567834084,0.0022456840096131,-3.809414753148999e-4,-8.151694069981966e-4,-0.0012612111222341,-0.004535017563272707,195,0.3266584575176239,0.329818647639967,Point estimate,Imputation-assisted,Complete,0,0,0,0
JXQ_Cl,Cl,Aeromonas_caviae,4586140,0.201196867082121,0.219499622776452,0.0010405264557994,7.616426886226e-4,0.273933198724853,0.299070896222095,0.0053489269674673,0.0044979885318645,33,15,0.007195593680088266,0.003270724400040121,0.01830275569433099,-2.788837671767999e-4,0.02513769749724198,8.509384356028002e-4,0.003924869280048145,197,0.28531596064567566,0.241404013962203,Point estimate,Imputation-assisted,Complete,0,0,0,0
JXQ_Cl,Cl,Cupriavidus_metallidurans,6901105,0.0021503802651893,0.0017301577066281,5.916443815881e-4,5.126715214447e-4,0.044487078518585,0.0276260106171402,0.0052679878530215,0.0030752117937738,26,10,0.003767512593997628,0.001449043305383703,-4.202225585612002e-4,-7.897286014339993e-5,-0.0168610679014448,0.0021927760592477,0.002318469288613925,198,0.13016577064990997,0.174115265007814,Point estimate,Imputation-assisted,Complete,0,0,0,0
JXQ_Cl,Cl,Shigella_boydii,4825405,0.0691071526638696,0.0527029337433852,4.341604487084e-4,2.598745597519e-4,0.0872534015279546,0.0653165900064346,0.0072024730623193,0.0049460953787753,24,9,0.004973675784726878,0.001865128419272579,-0.0164042189204844,-1.742858889565e-4,-0.02193681152152001,0.002256377683544,0.003108547365454298,199,-0.02592293918132782,-0.142494063441341,Point estimate,Imputation-assisted,Complete,0,0,0,0
JXQ_Cl,Cl,Bacteroides_fragilis,5241700,0.083160997386344,0.0494173645954556,9.019974435773e-4,3.89186714233928e-5,0.110173607798996,0.0603632409332849,0.0028229415694065,0,17,0,0.003243222618616098,0,-0.0337436327908884,-8.630787721539072e-4,-0.0498103668657111,0.0028229415694065,0.003243222618616098,200,-0.02592293918132782,-0.0517881507938518,Point estimate,Imputation-assisted,Complete,0,0,0,0
JXQ_Cl,Cl,Achromobacter_xylosoxidans,6901970,0.0048013827936081,0.0031615611195064,1.048975872105e-4,2.83976893553579e-5,0.0077976287929387,0.0049028031127344,0.0040883978427443,0.0176303858051494,6,4,8.693170210823867e-4,5.79544680721591e-4,-0.0016398216741017,-7.64998978551421e-5,-0.0028948256802043,-0.0135419879624051,2.897723403607956e-4,202,-0.15568408370018005,0.108492842608694,Point estimate,Imputation-assisted,Complete,0,0,0,0
JXQ_Cl,Cl,Legionella_longbeachae,4149158,8.15105136994e-4,8.254686854537e-4,2.53063392620864e-5,0,0.0012407336621067,0.0010122535704833,0.023047619774228,NA,5,0,0.001205063774385068,0,1.036354845969996e-5,-2.53063392620864e-5,-2.284800916233999e-4,0.001261375,0.001205063774385068,203,0.1761263757944107,0.184811160404028,Point estimate,Imputation-assisted,Imputed,0,0,1,0
JXQ_Cl,Cl,Staphylococcus_aureus,2821361,3.8704724422e-4,3.161594705533e-4,1.13774876735e-4,2.58740373883384e-5,0.0013305635117235,8.212348579284e-4,0.011423617879921,0.0087671230917107,3,0,0.001063316605000211,0,-7.088777366670004e-5,-8.79008393466616e-5,-5.093286537951001e-4,0.0026564947882103,0.001063316605000211,204,0.20046605169773102,0.199020051187768,Point estimate,Imputation-assisted,Complete,0,0,0,0
JXQ_Cl,Cl,Bordetella_hinzii,5033537,0.0013741828062453,9.879732681015e-4,5.20508739679473e-5,2.18534203682221e-6,0.0022383862480796,0.001528746088486,0.0153944021417894,0.0872727253220297,2,0,3.973349157858579e-4,0,-3.862095381437999e-4,-4.986553193112509e-5,-7.096401595935999e-4,-0.0718783231802403,3.973349157858579e-4,205,-0.11331242322921753,0.198799899826377,Point estimate,Imputation-assisted,Complete,0,0,0,0
JXQ_Cl,Cl,Laribacter_hongkongensis,3110307,0.0640026852654737,0.045894826459253,3.9867447168398e-5,1.25389551578025e-5,0.0757159984528858,0.0557546248650052,0.0080645161290322,0,2,0,6.43023341425782e-4,0,-0.0181078588062207,-2.73284920105955e-5,-0.0199613735878806,0.0080645161290322,6.43023341425782e-4,206,0.013257443904876709,0.106103162485845,Point estimate,Imputation-assisted,Complete,0,0,0,0
JXQ_Cl,Cl,Shigella_dysenteriae,5192674,0.0371506087229815,0.0286921535994749,3.219920988685e-4,1.771726859802e-4,0.0462430339358872,0.0355658760784905,0.0046020065697186,0.0053913045188654,2,9,3.851580130006236e-4,0.001733211058502806,-0.008458455123506604,-1.448194128883e-4,-0.01067715785739669,-7.892979491467998e-4,-0.001348053045502182,207,-0.010008048266172409,-0.0824961337660555,Point estimate,Imputation-assisted,Complete,0,0,0,0
JXQ_Cl,Cl,Aeromonas_hydrophila,4744448,0.0547170081746074,0.0445305755274375,6.61826201910106e-5,0,0.065553885299196,0.0527886489640101,0,NA,0,0,0,0,-0.0101864326471699,-6.61826201910106e-5,-0.01276523633518589,-0.004180187,0,208,-0.08573688566684723,0.128136451167224,Point estimate,Imputation-assisted,Imputed,0,0,1,0
JXQ_Cl,Cl,Chryseobacterium_gleum,5643321,0.0036987086150158,0.0082416010005456,0,2.37448835534962e-5,0.0044730753398575,0.0102987230391466,NA,0.0322388063615827,0,6,0,0.001063203741201324,0.004542892385529799,2.37448835534962e-5,0.0058256476992891,-0.0049532665,-0.001063203741201324,209,0.49504950642585754,0.431384525613017,Point estimate,Imputation-assisted,Imputed,0,0,1,0
JXQ_Cl,Cl,Legionella_pneumophila,3409143,2.141300614259e-4,3.238350518003e-4,0,0,2.141300614259e-4,3.238350518003e-4,NA,NA,0,0,0,0,1.097049903744e-4,0,1.097049903744e-4,-3.69344e-4,0,210,0.21586920320987701,0.183243860495378,Point estimate,Imputation-assisted,Imputed,0,0,1,0
JXQ_Cl,Cl,Mycobacterium_kansasii,6577228,1.027788606385e-4,8.11892183150713e-5,0,0,1.027788606385e-4,8.11892183150713e-5,NA,NA,0,0,0,0,-2.15896423234287e-5,0,-2.15896423234287e-5,7.40846e-4,0,211,0.1786903738975525,0.342207606402825,Point estimate,Imputation-assisted,Imputed,0,0,1,0
JXQ_Cl,Cl,Mycobacterium_xenopi,5251936,9.65358298349153e-5,7.59719844263076e-5,0,0,1.500399090925e-4,7.59719844263076e-5,NA,NA,0,0,0,0,-2.05638454086077e-5,0,-7.406792466619239e-5,0.0018856765000000001,0,212,0.20046605169773102,0.273701912070649,Point estimate,Imputation-assisted,Imputed,0,0,1,0
JXQ_Cl,Cl,Nocardia_farcinica,6292344,1.01234134688e-4,1.23006625194e-4,0,0,1.373097211467e-4,1.23006625194e-4,NA,NA,0,0,0,0,2.1772490506e-5,0,-1.430309595270001e-5,0.001537609,0,213,0.216864675283432,0.436877489044083,Point estimate,Imputation-assisted,Imputed,0,0,1,0
JXQ_Cl,Cl,Pseudomonas_aeruginosa,6264404,6.768401271693e-4,4.634120021632e-4,0,0,7.884229688889e-4,6.402843750179e-4,NA,NA,0,0,0,0,-2.134281250061e-4,0,-1.48138593871e-4,-0.018970205,0,214,-0.04275742918252945,0.207421419146251,Point estimate,Imputation-assisted,Imputed,0,0,1,0
JXQ_Cl,Cl,Pseudomonas_alcaligenes,4406305,0.0204009935762503,0.0088325706005371,0,0,0.0239429635488237,0.0101538590723973,NA,NA,0,0,0,0,-0.0115684229757132,0,-0.0137891044764264,-0.017423625999999998,0,215,-0.4839402735233307,-0.0223901898111659,Point estimate,Imputation-assisted,Imputed,0,0,1,0
JXQ_Cl,Cl,Pseudomonas_mendocina,5372474,1.643563095884e-4,5.45372578815644e-5,0,0,2.816207207331e-4,5.45372578815644e-5,NA,NA,0,0,0,0,-1.098190517068356e-4,0,-2.270834628515356e-4,-0.0377831135,0,216,-0.02254212275147438,0.106637070904687,Point estimate,Imputation-assisted,Imputed,0,0,1,0
JXQ_Cl,Cl,Pseudomonas_putida,6156701,3.337826540545e-4,2.379521110412e-4,0,0,4.629102501485e-4,2.792079719317e-4,NA,NA,0,0,0,0,-9.583054301329997e-5,0,-1.837022782168e-4,-0.004547534,0,217,0.2568415403366089,0.143367340895916,Point estimate,Imputation-assisted,Imputed,0,0,1,0
JXQ_Cl,Cl,Ralstonia_solanacearum,5530249,3.01794729315e-4,2.054157055133e-4,0,0,3.399485267299e-4,2.054157055133e-4,NA,NA,0,0,0,0,-9.637902380170004e-5,0,-1.345328212166e-4,-0.016009231,0,218,0.0882345661520958,0.0869540703876903,Point estimate,Imputation-assisted,Imputed,0,0,1,0
JXQ_Cl,Cl,Shigella_sonnei,4994001,0.0425915012832396,0.0323492125852597,0,1.0612733157242e-5,0.0494475271430661,0.0372192556629443,NA,0.0060377357141027,0,0,0,0,-0.01024228869797991,1.0612733157242e-5,-0.0122282714801218,-0.003950617,0,219,-0.16285739839076996,-0.142494063441341,Point estimate,Imputation-assisted,Imputed,0,0,1,0
JXQ_O3,O3,Aliarcobacter_cryaerophilus,2108340,0.275668535435461,0.264689281614919,0.0173733837995768,0.0173477712323439,0.556380849388618,0.545954162990788,0.0086099579960815,0.0072439690949731,376,322,0.1783393570297011,0.1527267897967121,-0.01097925382054199,-2.561256723290078e-5,-0.01042668639782995,0.0013659889011084,0.02561256723298899,220,0.07691185176372528,0.430593407949759,Point estimate,Imputation-assisted,Complete,0,0,0,0
JXQ_O3,O3,Acinetobacter_lwoffii,3528101,0.0207423200186162,0.0183534995171623,0.0024225496945806998,0.0022989704659815,0.0476905281339734,0.047373360343142,0.0030963091846374,0.0038090806870994,26,33,0.007369403540318149,0.009353473724249958,-0.002388820501453899,-1.235792285991999e-4,-3.171677908314005e-4,-7.127715024619996e-4,-0.001984070183931809,221,0.06511542946100235,0.298112900570108,Point estimate,Imputation-assisted,Complete,0,0,0,0
JXQ_O3,O3,Achromobacter_xylosoxidans,6901970,0.0072240244451945,0.0078731144876027,0.001093166154011,0.0018047021357669,0.0180052941406583,0.0238549283755217,0.0033264733925016,0.0049887733078186,24,68,0.003477268084329547,0.009852259572267048,6.490900424082e-4,7.115359817559e-4,0.005849634234863402,-0.001662299915317,-0.006374991487937501,222,0.36376050114631653,0.43764756342923,Point estimate,Imputation-assisted,Complete,0,0,0,0
JXQ_O3,O3,Cupriavidus_metallidurans,6901105,0.0021115459046051,0.0022018213025305,5.415074832218e-4,6.032367280312e-4,0.0549297540031632,0.0645508219335889,0.0029230528347371,0.0041124533782233,13,17,0.001883756296998814,0.002463373619152295,9.02753979254e-5,6.172924480940002e-5,0.009621067930425692,-0.0011894005434862,-5.796173221534816e-4,224,0.1859050840139389,0.392823379360403,Point estimate,Imputation-assisted,Complete,0,0,0,0
JXQ_O3,O3,Bordetella_hinzii,5033537,0.0016771506795321,0.0020087266667554,9.65523845359634e-5,3.083318946498e-4,0.0031071590414454,0.0051661485750477,0.0168031864941365,0.0199583696067026,11,36,0.002185342036822219,0.007152028484145443,3.315759872233003e-4,2.117795101138366e-4,0.0020589895336023,-0.003155183112566101,-0.004966686447323224,225,0.21033665537834167,0.327060481434102,Point estimate,Imputation-assisted,Complete,0,0,0,0
JXQ_O3,O3,Escherichia_coli,10236257,0.0348826724456018,0.0397318082185704,1.231895604027e-4,1.497617732731e-4,0.0414334067618661,0.0471903939105866,0.0064694107193308,0.0090726817735098,11,11,0.0010746115499054,0.0010746115499054,0.004849135772968596,2.657221287040001e-5,0.005756987148720506,-0.002603271054179001,0,226,0.3263838291168213,0.230128591586561,Point estimate,Imputation-assisted,Complete,0,0,0,0
JXQ_O3,O3,Aeromonas_caviae,4586140,0.1668804266769,0.155862664462925,4.489614359788e-4,3.035232243237e-4,0.212869646369277,0.200039466741093,0.0033783434721496,0.0030172413707464,7,3,0.001526338053352056,6.541448800080241e-4,-0.01101776221397502,-1.454382116551e-4,-0.012830179628184,3.611021014031999e-4,8.721931733440323e-4,227,0.051189590245485306,0.348112815172126,Point estimate,Imputation-assisted,Complete,0,0,0,0
JXQ_O3,O3,Klebsiella_pneumoniae,5682322,0.0277617143132683,0.0387793933536324,6.205209771639e-4,0.0011380910831873,0.0377319342339275,0.0577022914224149,0.0029401814842926,0.0039481364982057,4,22,7.039375804468666e-4,0.003871656692457766,0.0110176790403641,5.175701060234001e-4,0.0199703571884874,-0.0010079550139131,-0.003167719112010899,228,0.1539408564567566,0.383120332188626,Point estimate,Imputation-assisted,Complete,0,0,0,0
JXQ_O3,O3,Staphylococcus_aureus,2821361,3.0198191582e-4,2.39246236125e-4,5.24569525133437e-5,0,7.3368845745e-4,4.607705288334e-4,0.0097297301163544,NA,3,0,0.001063316605000211,0,-6.2735679695e-5,-5.24569525133437e-5,-2.729179286166e-4,8.466440000000001e-4,0.001063316605000211,230,0.11153850704431534,0.232435598187044,Point estimate,Imputation-assisted,Imputed,0,0,1,0
JXQ_O3,O3,Legionella_longbeachae,4149158,0.0010076743281407,3.988761093214e-4,6.84476223850718e-5,2.74754540559795e-5,0.0014692137537302,6.637491269312e-4,0.0022995113067223,0.0126315794493022,1,3,2.410127548770136e-4,7.230382646310408e-4,-6.087982188192999e-4,-4.09721683290923e-5,-8.054646267990001e-4,-0.0103320681425799,-4.820255097540272e-4,231,0.03991972655057907,0.348792359094261,Point estimate,Imputation-assisted,Complete,0,0,0,0
JXQ_O3,O3,Aeromonas_hydrophila,4744448,0.0404567612502023,0.0271597454540549,3.62529002320185e-5,0,0.0484899402417309,0.0320857136594183,0,NA,0,0,0,0,-0.0132970157961474,-3.62529002320185e-5,-0.0164042265823126,-3.69344e-4,0,232,-0.0885537713766098,0.355947791971713,Point estimate,Imputation-assisted,Imputed,0,0,1,0
JXQ_O3,O3,Bacteroides_fragilis,5241700,0.036837476391247,0.032171432932064,4.67405612682903e-5,0,0.0456287082435087,0.0400455958944616,0,NA,0,0,0,0,-0.004666043459182999,-4.67405612682903e-5,-0.005583112349047105,0.003507403,0,233,0.09069210290908813,0.349102786569514,Point estimate,Imputation-assisted,Imputed,0,0,1,0
JXQ_O3,O3,Chryseobacterium_gleum,5643321,0.0081701891492615,0.0040814619618483,0,1.130539978144e-4,0.010337707176324,0.0060526416980355,NA,0,0,0,0,0,-0.0040887271874132,1.130539978144e-4,-0.0042850654782885,0.0033445009999999997,0,234,0.054017774760723114,0.179172599041022,Point estimate,Imputation-assisted,Imputed,0,0,1,0
JXQ_O3,O3,Laribacter_hongkongensis,3110307,0.0328655660036131,0.0357910006954296,0,0,0.0383184039389037,0.0433722458908396,NA,NA,0,0,0,0,0.002925434691816498,0,0.005053841951935902,-0.007648951000000001,0,236,0.3280705511569977,0.385442167817106,Point estimate,Imputation-assisted,Imputed,0,0,1,0
JXQ_O3,O3,Legionella_pneumophila,3409143,2.144233902772e-4,4.006872108327e-4,0,0,2.909822204583e-4,4.828192891878e-4,NA,NA,0,0,0,0,1.862638205555e-4,0,1.918370687295e-4,-3.69344e-4,0,237,0.220412015914917,0.356105737681373,Point estimate,Imputation-assisted,Imputed,0,0,1,0
JXQ_O3,O3,Mycobacterium_kansasii,6577228,3.29926224239127e-5,6.5833205113157e-5,0,0,3.29926224239127e-5,6.5833205113157e-5,NA,NA,0,0,0,0,3.28405826892443e-5,0,3.28405826892443e-5,0.010082316,0,238,0.2069786787033081,0.466243704772618,Point estimate,Imputation-assisted,Imputed,0,0,1,0
JXQ_O3,O3,Mycobacterium_xenopi,5251936,4.638289575501e-4,5.198083144958e-4,0,0,5.097167977674e-4,5.668385905692e-4,NA,NA,0,0,0,0,5.597935694570005e-5,0,5.712179280180005e-5,0.001768678,0,239,0.0887794941663742,0.441931631742285,Point estimate,Imputation-assisted,Imputed,0,0,1,0
JXQ_O3,O3,Nocardia_brasiliensis,8935513,6.60286656177435e-5,7.9458224726437e-5,0,0,6.60286656177435e-5,7.9458224726437e-5,NA,NA,0,0,0,0,1.34295591086935e-5,0,1.34295591086935e-5,-0.0012301175000000001,0,240,0.1253374218940735,0.280457254892184,Point estimate,Imputation-assisted,Imputed,0,0,1,0
JXQ_O3,O3,Nocardia_farcinica,6292344,3.048148670829e-4,2.147053625802e-4,0,0,3.304015165095e-4,2.962330095112e-4,NA,NA,0,0,0,0,-9.010950450269998e-5,0,-3.416850699830001e-5,-0.0048749845,0,241,0.19114145636558533,0.274300357703101,Point estimate,Imputation-assisted,Imputed,0,0,1,0
JXQ_O3,O3,Pseudomonas_aeruginosa,6264404,1.985823391977e-4,6.28950495529981e-5,0,0,2.910093282617e-4,6.28950495529981e-5,NA,NA,0,0,0,0,-1.356872896447019e-4,0,-2.281142787087019e-4,0.0032892484999999996,0,242,0.08786184340715408,0.370970191289763,Point estimate,Imputation-assisted,Imputed,0,0,1,0
JXQ_O3,O3,Pseudomonas_alcaligenes,4406305,0.0132158350363853,0.0122658327101732,0,2.79145451801452e-5,0.0151135702135916,0.0142232550856102,NA,0.0208130086340555,0,4,0,9.077900871591958e-4,-9.500023262120991e-4,2.79145451801452e-5,-8.903151279814007e-4,-0.012925217,-9.077900871591958e-4,243,-0.018214836716651917,0.463143116505949,Point estimate,Imputation-assisted,Imputed,0,0,1,0
JXQ_O3,O3,Pseudomonas_mendocina,5372474,1.62494969729e-4,1.502101266566e-4,0,0,1.62494969729e-4,1.502101266566e-4,NA,NA,0,0,0,0,-1.22848430724e-5,0,-1.22848430724e-5,-0.022161401499999997,0,244,0.20346184074878693,0.451432932572321,Point estimate,Imputation-assisted,Imputed,0,0,1,0
JXQ_O3,O3,Pseudomonas_putida,6156701,2.502963843785e-4,1.301021439891e-4,0,0,2.952880122e-4,1.765555936531e-4,NA,NA,0,0,0,0,-1.201942403894e-4,0,-1.187324185469e-4,-0.004547534,0,245,0.1256411075592041,0.413954514639863,Point estimate,Imputation-assisted,Imputed,0,0,1,0
JXQ_O3,O3,Ralstonia_solanacearum,5530249,3.573076004353e-4,4.506126216016e-4,0,0,3.940148083747e-4,5.679671927972e-4,NA,NA,0,0,0,0,9.330502116629996e-5,0,1.739523844225e-4,-0.008427257,0,246,0.22706562280654907,0.448387850292424,Point estimate,Imputation-assisted,Imputed,0,0,1,0
JXQ_O3,O3,Shigella_dysenteriae,5192674,0.0234179923484509,0.0255365539989608,7.06764953856144e-5,1.403900957386e-4,0.0280604944581538,0.0306123588732895,0,0.0025179088524502,0,0,0,0,0.002118561650509901,6.971360035298559e-5,0.002551864415135698,-0.0025179088524502,0,247,0.35624125599861145,0.511154928515913,Point estimate,Imputation-assisted,Complete,0,0,0,0
JXQ_O3,O3,Shigella_sonnei,4994001,0.0274751647026101,0.0299927853438555,2.02242650732348e-5,0,0.0312352760842457,0.0338454077201826,0.0095049502825973,NA,0,0,0,0,0.002517620641245402,-2.02242650732348e-5,0.002610131635936902,-0.018400723,0,248,0.2650451362133026,0.395761509813844,Point estimate,Imputation-assisted,Imputed,0,0,1,0
SZBH_UV_Cl,UV_Cl,Pseudomonas_alcaligenes,4406305,0.206749419298028,0.413434385499868,0.0294419020017906,0.0286405503023508,1.21306763830465,0.956109030128418,0.0095367419244623,0.0177620676053802,2480,4053,0.5628298540387013,0.9198183058140551,0.20668496620184,-8.013516994398e-4,-0.256958608176232,-0.0082253256809179,-0.3569884517753538,249,0.3802372217178345,0.19172059912582,Point estimate,Imputation-assisted,Complete,0,0,0,0
SZBH_UV_Cl,UV_Cl,Klebsiella_pneumoniae,5682322,0.0099021139597509,0.261070210382305,0.0028231416663821,0.0080502301699903,0.126204921157231,0.473877932295987,0.009800727727288,0.0088053061560072,381,646,0.06705005453756405,0.113685919242169,0.2511680964225541,0.0052270885036082,0.347673011138756,9.954215712807985e-4,-0.04663586470460492,250,0.2406005710363388,0.929622174503541,Point estimate,Imputation-assisted,Complete,0,0,0,0
SZBH_UV_Cl,UV_Cl,Pseudomonas_mendocina,5372474,0.0087036251827369,0.0075702553423245,0.0030261663434759,0.0013625007771093,0.0633845785014501,0.0220278404325455,0.0082380957126998,0.0142937601671192,277,163,0.05155911410646194,0.03033983970885666,-0.0011333698404124,-0.0016636655663666,-0.0413567380689046,-0.0060556644544194,0.02121927439760528,251,0.005390268284827471,0.101572485767356,Point estimate,Imputation-assisted,Complete,0,0,0,0
SZBH_UV_Cl,UV_Cl,Pseudomonas_aeruginosa,6264404,0.0138354742127104,0.0084233073090432,0.0022105853964718,3.143156156595e-4,0.0404775937184127,0.0130807336180744,0.0102914472248841,0.0133490662032301,230,41,0.03671538425682635,0.006544916324042958,-0.0054121669036672,-0.0018962697808123,-0.0273968601003383,-0.003057618978346001,0.03017046793278339,252,-0.020825175568461418,0.189672015234538,Point estimate,Imputation-assisted,Complete,0,0,0,0
SZBH_UV_Cl,UV_Cl,Shigella_boydii,4825405,0.0092591191827421,0.0580359576035586,0.0023774170250994,0.0029649324771703,0.0792598755959343,0.120467815654851,0.0057746487873576,0.0061966833382054,137,169,0.02839139927114926,0.03502296698411844,0.0487768384208165,5.875154520708996e-4,0.0412079400589167,-4.220345508477996e-4,-0.006631567712969175,253,0.36538463830947876,0.718069143812771,Point estimate,Imputation-assisted,Complete,0,0,0,0
SZBH_UV_Cl,UV_Cl,Aeromonas_hydrophila,4744448,0.304586539888307,0.578209309070307,0.0046576545891113,0.0346807468434684,0.470810724450979,1.20257467254357,0.0042975133701151,0.0070332602296671,131,1369,0.02761122052554902,0.2885477931257757,0.273622769182,0.0300230922543571,0.731763948092591,-0.002735746859552,-0.2609365726002266,254,0.15599922835826874,0.985148791209913,Point estimate,Imputation-assisted,Complete,0,0,0,0
SZBH_UV_Cl,UV_Cl,Cupriavidus_metallidurans,6901105,0.008219698149789,0.0025729212930392,0.0022215282914837,0.0015835145241233,0.184356708092399,0.123140424613159,0.0039855542267521,0.0100278244687907,118,235,0.01709871100352769,0.03405251767651702,-0.0056467768567498,-6.380137673604e-4,-0.06121628347924002,-0.0060422702420386,-0.01695380667298933,255,-0.16555142402648926,0.169044384003021,Point estimate,Imputation-assisted,Complete,0,0,0,0
SZBH_UV_Cl,UV_Cl,Shigella_sonnei,4994001,0.0044859822815413,0.0327068416686339,3.211853581927e-4,3.18181754469e-4,0.0138964729882913,0.0423990704046714,0.0248860337416132,0.0234455158681971,106,77,0.02122546631448412,0.01541849911523846,0.0282208593870926,-3.003603723700005e-6,0.0285025974163801,0.001440517873416099,0.005806967199245656,256,0.3054557144641876,-0.270522840517999,Point estimate,Imputation-assisted,Complete,0,0,0,0
SZBH_UV_Cl,UV_Cl,Acinetobacter_lwoffii,3528101,0.0136121386547606,0.0475618470106155,0.0017799943935844,0.0103837730269058,0.0371089149658697,0.267003127178048,0.0075076011051034,0.0092817102738513,72,594,0.02040757903472718,0.1683625270364992,0.0339497083558549,0.0086037786333214,0.2298942122121783,-0.0017741091687479,-0.1479549480017721,257,0.23689034581184387,0.762781944091042,Point estimate,Imputation-assisted,Complete,0,0,0,0
SZBH_UV_Cl,UV_Cl,Achromobacter_xylosoxidans,6901970,0.0041414262884364,0.0116830412186665,9.805895997808e-4,0.0049452547605972,0.0160435353964157,0.0610233020427501,0.0046856597893767,0.0086940746070294,46,469,0.006664763828298298,0.06795161381460656,0.0075416149302301,0.0039646651608164,0.04497976664633439,-0.0040084148176527,-0.06128684998630826,259,0.2586371898651123,0.435390434281246,Point estimate,Imputation-assisted,Complete,0,0,0,0
SZBH_UV_Cl,UV_Cl,Bordetella_hinzii,5033537,0.0022085861293956,0.0032386768985705,4.968673121902e-4,8.278472970397e-4,0.0070397813704359,0.0106144049403034,0.0128483440293544,0.0216416892800538,45,118,0.008940035605181803,0.02344276003136562,0.0010300907691749,3.309799848494999e-4,0.0035746235698675,-0.008793345250699398,-0.01450272442618382,260,0.2684208154678345,0.57312726637732,Point estimate,Imputation-assisted,Complete,0,0,0,0
SZBH_UV_Cl,UV_Cl,Pseudomonas_putida,6156701,0.003270095461839,0.0032429705454267,2.537073020112e-4,7.14668456369734e-5,0.0062674799377133,0.0045932066540181,0.0069284100233363,0.0207415996627373,20,11,0.003248492983498793,0.001786671140924336,-2.712491641230011e-5,-1.822404563742266e-4,-0.0016742732836952,-0.013813189639401,0.001461821842574457,261,-0.02474823221564293,0.190729783189567,Point estimate,Imputation-assisted,Complete,0,0,0,0
SZBH_UV_Cl,UV_Cl,Ralstonia_solanacearum,5530249,0.0014411647649137,3.795489136202e-4,2.291036081738e-4,0,0.0034844723989823,5.073912585129e-4,0.0086671695901168,NA,17,0,0.003074002635324377,0,-0.0010616158512935,-2.291036081738e-4,-0.0029770811404694,-0.010645433,0.003074002635324377,262,-0.04228861257433891,0.1955063372476,Point estimate,Imputation-assisted,Imputed,0,0,1,0
SZBH_UV_Cl,UV_Cl,Shigella_dysenteriae,5192674,0.0054368905115167,0.03219381767467,1.446268338817e-4,0.0019255974859965,0.0081510990291321,0.0606361963027141,0.0142884966377888,0.0065141770229039,15,104,0.002888685097504677,0.02002821667603243,0.0267569271631533,0.0017809706521148,0.052485097273582,0.007774319614884901,-0.01713953157852775,263,0.2386205494403839,0.503907222862706,Point estimate,Imputation-assisted,Complete,0,0,0,0
SZBH_UV_Cl,UV_Cl,Chryseobacterium_gleum,5643321,0.0390961279714551,0.0407343477360228,0.0016881903404041,8.565878141612e-4,0.0693187575188439,0.0656983715794299,4.863486755953e-4,0.0032120499672059,1,29,1.772006235335541e-4,0.005138818082473069,0.001638219764567704,-8.316025262429001e-4,-0.003620385939413995,-0.0027257012916106,-0.004961617458939515,264,0.21637243032455444,0.772476880127369,Point estimate,Imputation-assisted,Complete,0,0,0,0
SZBH_UV_Cl,UV_Cl,Aeromonas_caviae,4586140,0.0284053692211751,0.368736453749776,0,0.0059845534589,0.035657873505824,0.595032205732925,NA,0.010548745719118,0,386,0,0.08416664122769911,0.3403310845286009,0.0059845534589,0.559374332227101,5.567155e-4,-0.08416664122769911,266,0.7321200370788574,1.30224922365922,Point estimate,Imputation-assisted,Imputed,0,0,1,0
SZBH_UV_Cl,UV_Cl,Aliarcobacter_cryaerophilus,2108340,0.0339684301393513,0.531827883548194,3.41500896439853e-5,0.295209501313829,0.0431012075851142,3.99727795327129,0,0.0103826425520771,0,11576,0,5.490575523871861,0.4978594534088427,0.295175351224185,3.954176745686176,-0.0103826425520771,-5.490575523871861,267,1.6769766807556152,2.5116981563767,Point estimate,Imputation-assisted,Complete,0,0,0,0
SZBH_UV_Cl,UV_Cl,Bacteroides_fragilis,5241700,0.0033884045252494,0.0346271247877596,0,3.93002270255833e-5,0.004395329759429,0.0432489459526489,NA,0.0021574971745315,0,1,0,1.907778010950646e-4,0.0312387202625102,3.93002270255833e-5,0.0388536161932199,-0.004140476,-1.907778010950646e-4,268,0.5503935813903809,1.76357864785588,Point estimate,Imputation-assisted,Imputed,0,0,1,0
SZBH_UV_Cl,UV_Cl,Escherichia_coli,10236257,0.0049076532564588,0.0462709171917039,2.83306681338696e-5,5.722794963041e-4,0.0060799567654465,0.0631884291299055,9.578544518041e-4,0.0130234815208282,0,115,0,0.01123457529446554,0.0413632639352451,5.439488281702304e-4,0.05710847236445899,-0.0120656270690241,-0.01123457529446554,269,0.5535569190979004,0.608014596993445,Point estimate,Imputation-assisted,Complete,0,0,0,0
SZBH_UV_Cl,UV_Cl,Laribacter_hongkongensis,3110307,0.0053322710587732,0.107926323671586,0,2.848593402516e-4,0.0057441275089564,0.14125679555105,NA,0.0021670429082269,0,2,0,6.43023341425782e-4,0.1025940526128128,2.848593402516e-4,0.1355126680420936,-0.002876306,-6.43023341425782e-4,270,0.34841254353523254,0.705287867775928,Point estimate,Imputation-assisted,Imputed,0,0,1,0
SZBH_UV_Cl,UV_Cl,Legionella_pneumophila,3409143,0.0010269443082909,0.0010580371665254,0,0,0.0011375292852191,0.0012167280750616,NA,NA,0,0,0,0,3.109285823449989e-5,0,7.919878984249994e-5,-3.69344e-4,0,271,-0.20504678785800934,1.14003492640445,Point estimate,Imputation-assisted,Imputed,0,0,1,0
SZBH_UV_Cl,UV_Cl,Mycobacterium_kansasii,6577228,0.0014410326052251,5.385247402096e-4,1.48998939978965e-5,0,0.0019812297825162,5.979722764665e-4,0,NA,0,0,0,0,-9.025078650155e-4,-1.48998939978965e-5,-0.0013832575060497,-0.015368095,0,272,-0.08880825340747833,0.810585126662678,Point estimate,Imputation-assisted,Imputed,0,0,1,0
SZBH_UV_Cl,UV_Cl,Mycobacterium_xenopi,5251936,7.214482430859e-4,1.719365963332e-4,0,0,0.0010070572070946,1.719365963332e-4,NA,NA,0,0,0,0,-5.495116467527e-4,0,-8.351206107614e-4,0.002002675,0,273,-0.2742716073989868,0.914323000557376,Point estimate,Imputation-assisted,Imputed,0,0,1,0
SZBH_UV_Cl,UV_Cl,Nocardia_brasiliensis,8935513,4.11839812666603e-5,4.04005903186532e-5,0,0,4.11839812666603e-5,4.04005903186532e-5,NA,NA,0,0,0,0,-7.833909480071038e-7,0,-7.833909480071038e-7,-0.0029837715,0,274,-0.0029415281023830175,0.822393425223151,Point estimate,Imputation-assisted,Imputed,0,0,1,0
SZBH_UV_Cl,UV_Cl,Nocardia_farcinica,6292344,1.679819158011e-4,2.107322803711e-4,0,0,2.320280010119e-4,2.355243133559e-4,NA,NA,0,0,0,0,4.275036456999998e-5,0,3.496312343999997e-6,0.009057302,0,275,-0.11154723167419434,0.889007210783346,Point estimate,Imputation-assisted,Imputed,0,0,1,0
SZBH_UV_Cl,UV_Cl,Staphylococcus_aureus,2821361,2.527149131217e-4,3.650720343834e-4,0,2.13726637605e-4,2.527149131217e-4,0.0023541829634704,NA,0.0262637891579623,0,30,0,0.01063316605000211,1.123571212617e-4,2.13726637605e-4,0.0021014680503487,-0.003119084,-0.01063316605000211,276,0.07256856560707092,1.14248404801643,Point estimate,Imputation-assisted,Imputed,0,0,1,0
SZBH_UV_Cl,UV_Cl,Vibrio_cholerae,4138412,9.68970706638012e-5,7.12833811615933e-5,0,0,1.358008820774e-4,7.12833811615933e-5,NA,NA,0,0,0,0,-2.561368950220791e-5,0,-6.45175009158067e-5,-3.69344e-4,0,277,-0.15513202548027039,0.0230390044389058,Point estimate,Imputation-assisted,Imputed,0,0,1,0
SZFX_UV,UV,Aeromonas_hydrophila,4744448,0.804707312631522,0.788843507189877,0.254435289416176,0.191858778934872,3.00565924634435,2.61141928418226,0.005214967049322,0.005730054936369,8295,6740,1.748359345491825,1.420607834673286,-0.01586380544164501,-0.062576510481304,-0.3942399621620898,-5.150878870470001e-4,0.3277515108185398,278,-0.0902349129319191,0.0468300417414112,Point estimate,Imputation-assisted,Complete,0,0,0,0
SZFX_UV,UV,Aliarcobacter_cryaerophilus,2108340,0.213577032167487,0.231492074333361,0.0105485832455865,0.011361070795033,0.407974520238671,0.440248252179439,0.0063678975290745,0.007324473244887,198,222,0.09391274652095963,0.1052961097356214,0.017915042165874,8.124875494465011e-4,0.03227373194076805,-9.565757158124999e-4,-0.01138336321466177,279,0.2930225133895874,0.0603385234178648,Point estimate,Imputation-assisted,Complete,0,0,0,0
SZFX_UV,UV,Aeromonas_caviae,4586140,0.203753265273192,0.160023025899776,0.0031728207163322,0.0021235723287993,0.308593283240372,0.228399045820668,0.0068328878157131,0.0083603687704508,119,70,0.02594774690698496,0.01526338053352056,-0.04373023937341602,-0.0010492483875329,-0.080194237419704,-0.001527480954737701,0.01068436637346439,280,0.07228515297174454,-0.0405753498207999,Point estimate,Imputation-assisted,Complete,0,0,0,0
SZFX_UV,UV,Escherichia_coli,10236257,0.0762853062403571,0.0667659086714997,4.335569144072e-4,2.709974944942e-4,0.100050731434351,0.0842986845680016,0.0039078227406742,0.0061601184646945,24,19,0.002344607017975418,0.001856147222563873,-0.009519397568857405,-1.62559419913e-4,-0.0157520468663494,-0.0022522957240203,4.884597954115451e-4,282,-0.02553829737007618,0.0182435057708529,Point estimate,Imputation-assisted,Complete,0,0,0,0
SZFX_UV,UV,Klebsiella_pneumoniae,5682322,0.0820571238307156,0.0684074221770606,0.0015861473531418,0.0014402562895942,0.120428233387689,0.0969703934412727,0.0027137161372543,0.0021140590047906,20,17,0.003519687902234333,0.002991734716899183,-0.01364970165365501,-1.458910635476001e-4,-0.0234578399464163,5.996571324637001e-4,5.279531853351498e-4,283,0.0061423201113939285,0.0078761321823443,Point estimate,Imputation-assisted,Complete,0,0,0,0
SZFX_UV,UV,Acinetobacter_lwoffii,3528101,0.0165641516498534,0.012138257946697,0.0025322404318923,0.0020376400788979002,0.0469805144467235,0.0354967162221262,0.0022706695789987,0.0024609425242341,19,17,0.00538533335638634,0.00481845616097725,-0.0044258937031564,-4.946003529943998e-4,-0.0114837982245973,-1.902729452353999e-4,5.668771954090894e-4,284,0.1231139525771141,-0.00199919764260475,Point estimate,Imputation-assisted,Complete,0,0,0,0
SZFX_UV,UV,Cupriavidus_metallidurans,6901105,0.0016661099925301,0.0014770098411776,5.233944419045e-4,4.684757006305e-4,0.0124293138562592,0.0092896717264843,0.0017631854923856,9.867160489158e-4,10,3,0.001449043305383703,4.34712991615111e-4,-1.891001513525e-4,-5.491874127400002e-5,-0.003139642129774901,7.764694434698001e-4,0.001014330313768592,285,0.11657505482435226,0.00725609087626709,Point estimate,Imputation-assisted,Complete,0,0,0,0
SZFX_UV,UV,Bacteroides_fragilis,5241700,0.0578316195127534,0.0594148844840413,5.332239540606e-4,3.329072629108e-4,0.0797456931911402,0.0766436461453344,0.002304924792595,0.00353910427722,8,6,0.001526222408760517,0.001144666806570387,0.001583264971287898,-2.003166911498e-4,-0.0031020470458058,-0.001234179484625,3.815556021901291e-4,286,0.35592395067214966,0.0652388812535082,Point estimate,Imputation-assisted,Complete,0,0,0,0
SZFX_UV,UV,Achromobacter_xylosoxidans,6901970,0.0042492215990506,0.0030943339365427,1.009856606157e-4,0,0.0063936818038907,0.0041864858873625,0.0068515860709432,NA,7,0,0.001014203191262784,0,-0.0011548876625079,-1.009856606157e-4,-0.0022071959165282,0.003191495,0.001014203191262784,287,0.1225367859005928,0.0219989770546242,Point estimate,Imputation-assisted,Imputed,0,0,1,0
SZFX_UV,UV,Shigella_boydii,4825405,0.0994343479977328,0.0833554903681659,9.522516762841e-4,6.109331755572e-4,0.132517374189316,0.106786062517032,0.0019323391156823,0.0056711137092582,6,21,0.001243418946181719,0.004351966311636018,-0.0160788576295669,-3.413185007269e-4,-0.025731311672284,-0.0037387745935759,-0.003108547365454298,288,-0.1070706844329834,0.0670886259685748,Point estimate,Imputation-assisted,Complete,0,0,0,0
SZFX_UV,UV,Shigella_dysenteriae,5192674,0.0503337971919669,0.0426460432524744,6.572721491855e-4,3.75336483669e-4,0.0641276536905647,0.0537732582480625,0.0014227634471006,0.0070049165456094,3,15,5.777370195009353e-4,0.002888685097504677,-0.007687753939492503,-2.819356655165e-4,-0.0103543954425022,-0.005582153098508799,-0.002310948078003742,289,0.08595343679189682,0.131694199784285,Point estimate,Imputation-assisted,Complete,0,0,0,0
SZFX_UV,UV,Pseudomonas_alcaligenes,4406305,0.0735033094622365,0.0685445061111293,1.575015801221e-4,0,0.0956817560291446,0.0822666610686278,0.0013832853575604,NA,2,0,4.538950435795979e-4,0,-0.004958803351107197,-1.575015801221e-4,-0.01341509496051679,0.0011166795000000004,4.538950435795979e-4,290,0.13610267639160156,0.0526787917280148,Point estimate,Imputation-assisted,Imputed,0,0,1,0
SZFX_UV,UV,Staphylococcus_aureus,2821361,3.49831163045e-4,3.643631566467e-4,1.20154776365e-4,1.13420437866689e-5,0.0013100060573602,8.106016918783e-4,0.0125642311608193,0.025000000372529,2,1,7.088777366668072e-4,3.544388683334036e-4,1.453199360169997e-5,-1.088127325783311e-4,-4.994043654819e-4,-0.0124357692117097,3.544388683334036e-4,291,0.14221659302711487,0.0654150420790086,Point estimate,Imputation-assisted,Complete,0,0,0,0
SZFX_UV,UV,Bordetella_hinzii,5033537,8.483100452028e-4,8.151325797346e-4,0,0,0.0013241186068563,8.816861781287e-4,NA,NA,0,0,0,0,-3.317746546819991e-5,0,-4.424324287276001e-4,0.0012668624999999998,0,292,0.11434170603752136,-0.00553664727987133,Point estimate,Imputation-assisted,Imputed,0,0,1,0
SZFX_UV,UV,Chryseobacterium_gleum,5643321,0.005056774193777,0.0056606739187793,5.95394095072741e-5,0,0.0073864307913725,0.0070664064652709,9.523809310935e-4,NA,0,0,0,0,6.038997250023001e-4,-5.95394095072741e-5,-3.200243261016001e-4,-1.61157e-4,0,293,0.4078143835067749,0.102609325402152,Point estimate,Imputation-assisted,Imputed,0,0,1,0
SZFX_UV,UV,Laribacter_hongkongensis,3110307,0.0469792853245675,0.0403603245596013,4.62976805826554e-5,0,0.0585935729174,0.0488945303470042,0,NA,0,0,0,0,-0.006618960764966202,-4.62976805826554e-5,-0.009699042570395798,0.002883869,0,295,0.13840989768505096,-0.0188775458434341,Point estimate,Imputation-assisted,Imputed,0,0,1,0
SZFX_UV,UV,Legionella_longbeachae,4149158,9.305502465801e-4,0.0013055660931687,0,0,0.001216873399374,0.00150873984553,NA,NA,0,0,0,0,3.750158465885999e-4,0,2.918664461559999e-4,0.001261375,0,296,0.21823439002037048,0.00473856239637504,Point estimate,Imputation-assisted,Imputed,0,0,1,0
SZFX_UV,UV,Legionella_pneumophila,3409143,0.0013498993735375,0.0010351575161264,0,0,0.0018784779635233,0.0012357944503941,NA,NA,0,0,0,0,-3.147418574111001e-4,0,-6.426835131292e-4,-3.69344e-4,0,297,0.03330039232969284,0.00551652260999323,Point estimate,Imputation-assisted,Imputed,0,0,1,0
SZFX_UV,UV,Mycobacterium_kansasii,6577228,6.051181439961e-4,5.471910050859e-4,0,0,7.010552165744e-4,7.022715344518e-4,NA,NA,0,0,0,0,-5.792713891020001e-5,0,1.216317877399922e-6,2.976e-4,0,298,0.13589061796665192,-0.122322022175198,Point estimate,Imputation-assisted,Imputed,0,0,1,0
SZFX_UV,UV,Mycobacterium_xenopi,5251936,8.43498473705266e-5,8.35882234665335e-5,0,0,8.43498473705266e-5,8.35882234665335e-5,NA,NA,0,0,0,0,-7.616239039931e-7,0,-7.616239039931e-7,0.0018856765000000001,0,299,0.1628924459218979,0.0476520520429975,Point estimate,Imputation-assisted,Imputed,0,0,1,0
SZFX_UV,UV,Nocardia_brasiliensis,8935513,1.530969738391e-4,5.97615380336864e-5,0,0,2.303169387139e-4,7.16243152463658e-5,NA,NA,0,0,0,0,-9.33354358054136e-5,0,-1.586926234675342e-4,-0.0012301175000000001,0,300,0.19583898782730103,-0.157757026885343,Point estimate,Imputation-assisted,Imputed,0,0,1,0
SZFX_UV,UV,Nocardia_farcinica,6292344,7.95093211687e-4,5.8483770118099e-5,0,0,0.0012070223751275,8.61364222935046e-5,NA,NA,0,0,0,0,-7.366094415689011e-4,0,-0.001120885952833995,0.001537609,0,301,0.08327119052410126,-0.314055119784784,Point estimate,Imputation-assisted,Imputed,0,0,1,0
SZFX_UV,UV,Pseudomonas_aeruginosa,6264404,2.752057498207e-4,2.474297634699e-4,0,0,3.09686284601e-4,2.474297634699e-4,NA,NA,0,0,0,0,-2.777598635079998e-5,0,-6.225652113109998e-5,-0.01557333,0,302,0.14221659302711487,0.0240239685047495,Point estimate,Imputation-assisted,Imputed,0,0,1,0
SZFX_UV,UV,Pseudomonas_mendocina,5372474,6.963272414161e-4,6.693378134541e-4,0,0,0.0010027037822797,9.094506553218e-4,NA,NA,0,0,0,0,-2.698942796199998e-5,0,-9.325312695789999e-5,-0.027683937,0,303,0.21441321074962616,0.0320799090761748,Point estimate,Imputation-assisted,Imputed,0,0,1,0
SZFX_UV,UV,Pseudomonas_putida,6156701,0.0055981279584634,5.816426686954e-4,2.17649029894419e-5,0,0.0073638463196442,6.94527799872e-4,0,NA,0,0,0,0,-0.005016485289768001,-2.17649029894419e-5,-0.006669318519772201,-0.004547534,0,304,0.10316833853721619,-0.0648240409491869,Point estimate,Imputation-assisted,Imputed,0,0,1,0
SZFX_UV,UV,Ralstonia_solanacearum,5530249,4.426563794866e-4,2.869671871917e-4,0,0,5.301750427511e-4,3.124633266964e-4,NA,NA,0,0,0,0,-1.556891922949e-4,0,-2.177117160547e-4,-0.0073013805,0,305,0.16486984491348267,-0.00593553246236884,Point estimate,Imputation-assisted,Imputed,0,0,1,0
SZFX_UV,UV,Shigella_sonnei,4994001,0.0591381539571176,0.0505071985368044,4.54545363527159e-5,1.041249290899e-4,0.0717885318805502,0.0605376330521359,0,0.0030769231227727,0,2,0,4.004804964997003e-4,-0.008630955420313197,5.86703927371841e-5,-0.0112508988284143,-0.0030769231227727,-4.004804964997003e-4,306,0.035439442843198776,-0.146791193976506,Point estimate,Imputation-assisted,Complete,0,0,0,0
SZFX_UV,UV,Vibrio_cholerae,4138412,2.295566511985e-4,7.99823700491859e-5,0,0,2.52029039158e-4,1.227523987461e-4,NA,NA,0,0,0,0,-1.495742811493141e-4,0,-1.292766404119e-4,-3.69344e-4,0,307,0.08661395311355591,0.0399400979290598,Point estimate,Imputation-assisted,Imputed,0,0,1,0
SZSG_UV,UV,Aliarcobacter_cryaerophilus,2108340,0.306297845698511,0.342514490072758,0.046286177751216503,0.066784294753218107,0.811535141390857,1.00397943405712,0.006849572393385,0.0074043869479064,944,1438,0.4477456197766964,0.6820531792784845,0.03621664437424704,0.0204981170020016,0.192444292666263,-5.548145545214e-4,-0.2343075595017882,308,0.308542937040329,0.575909612725165,Point estimate,Imputation-assisted,Complete,0,0,0,0
SZSG_UV,UV,Escherichia_coli,10236257,0.0177777873298804,0.0161923445259335,2.171692250399e-4,0.00015523252298170001,0.0238512964260275,0.0205542904989587,0.0177202234249955,0.0132643760113388,46,18,0.004493830117786218,0.001758455263481564,-0.001585442803946902,-6.19367020582e-5,-0.003297005927068799,0.004455847413656702,0.002735374854304654,310,0.1435653567314148,0.447302593727804,Point estimate,Imputation-assisted,Complete,0,0,0,0
SZSG_UV,UV,Klebsiella_pneumoniae,5682322,0.0639414661823106,0.0520940207189947,0.0014360326641115,0.0014200180841564,0.098050057705283,0.0770248500524961,0.0040279796748767,0.0027407996900345,46,14,0.008095282175138966,0.002463781531564033,-0.0118474454633159,-1.601457995509996e-5,-0.0210252076527869,0.0012871799848422,0.005631500643574933,311,0.09191395342350006,0.410774766437985,Point estimate,Imputation-assisted,Complete,0,0,0,0
SZSG_UV,UV,Chryseobacterium_gleum,5643321,0.166178035947272,0.210108019728099,0.0063714256197724,0.0130529523307285,0.305398009434515,0.424179840204021,9.521939857529e-4,9.078003616026e-4,44,67,0.007796827435476381,0.01187244177674812,0.04392998378082699,0.0066815267109561,0.118781830769506,4.439362415030001e-5,-0.004075614341271743,312,0.38400962948799133,0.630302053032279,Point estimate,Imputation-assisted,Complete,0,0,0,0
SZSG_UV,UV,Bordetella_hinzii,5033537,0.0020862069753336,0.002376857466231,2.755517640974e-4,4.15214986996221e-5,0.0049203969296341,0.0042369808744824,0.0199254005180474,0.0065497074400979,31,3,0.006158691194680798,5.960023736787869e-4,2.906504908973999e-4,-2.340302653977779e-4,-6.834160551517001e-4,0.0133756930779495,0.005562688821002011,313,0.331994891166687,0.37967897793781,Point estimate,Imputation-assisted,Complete,0,0,0,0
SZSG_UV,UV,Aeromonas_caviae,4586140,0.160436227415648,0.125481559655832,9.382618062248e-4,6.063923037674e-4,0.224661480024595,0.168150121888995,0.0042065467885447,0.0044458958366199,28,14,0.006105352213408226,0.003052676106704113,-0.03495466775981601,-3.318695024574001e-4,-0.05651135813559999,-2.393490480751999e-4,0.003052676106704113,314,-0.016037119552493095,0.390873266145242,Point estimate,Imputation-assisted,Complete,0,0,0,0
SZSG_UV,UV,Acinetobacter_lwoffii,3528101,0.0126450461593927,0.0114642409613556,0.0023224958695909,0.0019143442888964,0.039686222134797,0.0335954101087241,0.0027040609112882,0.0036456065662235,26,33,0.007369403540318149,0.009353473724249958,-0.001180805198037101,-4.081515806945001e-4,-0.006090812026072902,-9.415456549352998e-4,-0.001984070183931809,315,0.1235235258936882,0.479766932952668,Point estimate,Imputation-assisted,Complete,0,0,0,0
SZSG_UV,UV,Achromobacter_xylosoxidans,6901970,0.005426131959426,0.005988290299726,1.479287797541e-4,2.784712190866e-4,0.0087364911757076991,0.0107115794476069,0.007813146252123,0.007530350280726,11,21,0.001593747871984376,0.003042609573788353,5.621583403000001e-4,1.305424393325e-4,0.001975088271899201,2.827959713969999e-4,-0.001448861701803978,317,0.28989654779434204,0.406940347092864,Point estimate,Imputation-assisted,Complete,0,0,0,0
SZSG_UV,UV,Cupriavidus_metallidurans,6901105,0.0017268249070257,0.0016252469713183,5.415074832218e-4,5.161492253776e-4,0.0226008733384001,0.019998391561931,0.0023265586104785,8.26058245187e-4,10,4,0.001449043305383703,5.796173221534811e-4,-1.015779357074001e-4,-2.535825784420005e-5,-0.002602481776469101,0.0015005003652915,8.694259832302219e-4,318,0.16660045087337494,0.392346980338826,Point estimate,Imputation-assisted,Complete,0,0,0,0
SZSG_UV,UV,Aeromonas_hydrophila,4744448,0.181317194329034,0.194849643204014,0.0012962519559704,0.0011942379808989,0.258169759685426,0.274458904386769,0.0015307814318958,0.0036129615162102,9,26,0.001896954081907948,0.005480089569956294,0.01353244887497998,-1.020139750715001e-4,0.01628914470134302,-0.0020821800843144,-0.003583135488048346,319,0.3781976103782654,0.487435669347986,Point estimate,Imputation-assisted,Complete,0,0,0,0
SZSG_UV,UV,Shigella_dysenteriae,5192674,0.0137788353360907,0.0109693002102577,3.165998866864e-4,3.69559113474e-4,0.019804825028492,0.0154192233134603,0.0058759176093006,0.0032952274736978,4,0,7.703160260012471e-4,0,-0.002809535125833,5.295922678759998e-5,-0.004385601715031698,0.0025806901356028,7.703160260012471e-4,320,0.13542939722537994,0.455633253235949,Point estimate,Imputation-assisted,Complete,0,0,0,0
SZSG_UV,UV,Bacteroides_fragilis,5241700,0.0090920884445885,0.0073539118988113,0,0,0.012127363260011,0.0097657248602551,NA,NA,0,0,0,0,-0.0017381765457772,0,-0.002361638399755899,0.0020092465,0,322,0.1621703952550888,0.494025482786542,Point estimate,Imputation-assisted,Imputed,0,0,1,0
SZSG_UV,UV,Laribacter_hongkongensis,3110307,0.0550083962772806,0.0384232167435561,2.276302628647e-4,3.08651203884353e-5,0.0722391712457965,0.04921282690101,0,0,0,0,0,0,-0.0165851795337245,-1.967651424762647e-4,-0.0230263443447865,0,0,323,-0.0638255700469017,0.422990507368227,Point estimate,Imputation-assisted,Complete,0,0,0,0
SZSG_UV,UV,Legionella_longbeachae,4149158,3.417560864155e-4,3.687495149617e-4,0,0,4.102037088006e-4,3.687495149617e-4,NA,NA,0,0,0,0,2.69934285462e-5,0,-4.145419383890002e-5,0.001261375,0,324,0.17176562547683716,0.526357070162844,Point estimate,Imputation-assisted,Imputed,0,0,1,0
SZSG_UV,UV,Legionella_pneumophila,3409143,1.422644928652e-4,5.20072053299e-4,0,0,3.10341924642e-4,5.20072053299e-4,NA,NA,0,0,0,0,3.778075604338e-4,0,2.09730128657e-4,-3.69344e-4,0,325,0.158769890666008,0.527301716288097,Point estimate,Imputation-assisted,Imputed,0,0,1,0
SZSG_UV,UV,Mycobacterium_kansasii,6577228,1.974996153394e-4,8.5446330885899e-5,0,0,1.974996153394e-4,8.5446330885899e-5,NA,NA,0,0,0,0,-1.12053284453501e-4,0,-1.12053284453501e-4,2.976e-4,0,326,0.12554749846458435,0.293052701636555,Point estimate,Imputation-assisted,Imputed,0,0,1,0
SZSG_UV,UV,Mycobacterium_xenopi,5251936,1.00343949355e-4,1.00915167283e-4,0,0,1.00343949355e-4,1.00915167283e-4,NA,NA,0,0,0,0,5.712179279999919e-7,0,5.712179279999919e-7,0.0018856765000000001,0,327,0.1628924459218979,0.397706131167988,Point estimate,Imputation-assisted,Imputed,0,0,1,0
SZSG_UV,UV,Nocardia_brasiliensis,8935513,2.48446843510831e-5,1.57797319527149e-5,0,0,2.48446843510831e-5,1.57797319527149e-5,NA,NA,0,0,0,0,-9.064952398368202e-6,0,-9.064952398368202e-6,-0.0012301175000000001,0,328,0.1698571741580963,0.323236324177169,Point estimate,Imputation-assisted,Imputed,0,0,1,0
SZSG_UV,UV,Nocardia_farcinica,6292344,7.48528688196322e-5,1.009162881113e-4,0,0,7.48528688196322e-5,1.009162881113e-4,NA,NA,0,0,0,0,2.60634192916678e-5,0,2.60634192916678e-5,0.001537609,0,329,0.17929106950759888,0.35490658306202,Point estimate,Imputation-assisted,Imputed,0,0,1,0
SZSG_UV,UV,Pseudomonas_aeruginosa,6264404,2.82548826672e-4,4.31006684754e-4,0,0,3.253302309365e-4,5.020429716857e-4,NA,NA,0,0,0,0,1.48457858082e-4,0,1.767127407492e-4,-0.01557333,0,330,0.2544834315776825,0.398830156745806,Point estimate,Imputation-assisted,Imputed,0,0,1,0
SZSG_UV,UV,Pseudomonas_alcaligenes,4406305,0.0268528846732125,0.02296232330717,2.08791720046615e-5,1.529626296863e-4,0.0329609502746632,0.0290560912147479,0,0.0138081109665266,0,8,0,0.001815580174318392,-0.003890561366042499,1.320834576816385e-4,-0.003904859059915299,-0.0138081109665266,-0.001815580174318392,331,-0.027341270819306374,0.39233670528951,Point estimate,Imputation-assisted,Complete,0,0,0,0
SZSG_UV,UV,Pseudomonas_mendocina,5372474,5.738510786649e-4,4.798534157633e-4,0,0,6.183371013055e-4,6.017711765566e-4,NA,NA,0,0,0,0,-9.39976629016e-5,0,-1.656592474889992e-5,-0.027683937,0,332,0.26875707507133484,0.408220548175397,Point estimate,Imputation-assisted,Imputed,0,0,1,0
SZSG_UV,UV,Pseudomonas_putida,6156701,3.901440073182e-4,2.556563978013e-4,0,0,3.901440073182e-4,2.951255875508e-4,NA,NA,0,0,0,0,-1.344876095169e-4,0,-9.501841976740003e-5,-0.004547534,0,333,0.1862843781709671,0.406885135445753,Point estimate,Imputation-assisted,Imputed,0,0,1,0
SZSG_UV,UV,Ralstonia_solanacearum,5530249,1.723249712625e-4,1.180778659333e-4,0,0,1.723249712625e-4,1.180778659333e-4,NA,NA,0,0,0,0,-5.424710532919999e-5,0,-5.424710532919999e-5,-0.0073013805,0,334,0.22574545443058014,0.397040689226083,Point estimate,Imputation-assisted,Imputed,0,0,1,0
SZSG_UV,UV,Shigella_sonnei,4994001,0.0131645948809381,0.0113368018949134,0,0,0.0157014385860154,0.0133345988517021,NA,NA,0,0,0,0,-0.001827792986024699,0,-0.0023668397343133,0.002191419,0,335,0.13542939722537994,0.695210769812737,Point estimate,Imputation-assisted,Imputed,0,0,1,0
SZSG_UV,UV,Staphylococcus_aureus,2821361,2.8709548335e-4,3.962626547967e-4,0,5.24569525133437e-5,5.763175999101e-4,8.407289956868e-4,NA,0.0281081086880451,0,6,0,0.002126633210000422,1.091671714467e-4,5.24569525133437e-5,2.644113957767e-4,-0.007366537,-0.002126633210000422,336,0.35740604996681213,0.529573663912566,Point estimate,Imputation-assisted,Imputed,0,0,1,0
SZSG_UV,UV,Vibrio_cholerae,4138412,1.459497024462e-4,2.824755002642e-4,0,0,1.459497024462e-4,3.037396953226e-4,NA,NA,0,0,0,0,1.36525797818e-4,0,1.577899928764e-4,-3.69344e-4,0,337,0.20243114233016968,0.479786111759088,Point estimate,Imputation-assisted,Imputed,0,0,1,0
BXH_O3_Cl,O3_Cl,Bordetella_hinzii,5033537,0.0021418338635436,0.0039677864690375,3.633627804861e-4,0.0023919561930308,0.0061831272920016,0.0401371838530242,0.014726781499653,0.0216496911283544,22,531,0.004370684073644437,0.1054924201411453,0.0018259526054939,0.0020285934125447,0.0339540565610226,-0.006922909628701398,-0.1011217360675008,1,0.1399262249469757,0.0751283602736658,Point estimate,Reduced model (no Delta_Pi),No imputation required,NA,NA,NA,NA
BXH_O3_Cl,O3_Cl,Klebsiella_pneumoniae,5682322,0.0039172366507916,0.0168212924223582,1.353319998409e-4,0.0039427543880828,0.0060487596443847,0.12256521189753,0.0067608344074343,0.0097466752124649,6,507,0.0010559063706703,0.08922408832164033,0.0129040557715666,0.0038074223882419,0.1165164522531453,-0.002985840805030599,-0.08816818195097004,2,0.240487739443779,0.714894662814804,Point estimate,Reduced model (no Delta_Pi),No imputation required,NA,NA,NA,NA
BXH_O3_Cl,O3_Cl,Cupriavidus_metallidurans,6901105,0.0011661900521728,0.0045946265127105,4.847049856508e-4,0.0013715194885456,0.0160290272354934,0.423199183319193,0.0016326235548797,0.012274365115279,4,223,5.796173221534811e-4,0.03231366571005658,0.0034284364605377,8.868145028948001e-4,0.4071701560836996,-0.0106417415603993,-0.0317340483879031,3,0.2678843140602112,0.079793818691315,Point estimate,Reduced model (no Delta_Pi),No imputation required,NA,NA,NA,NA
BXH_O3_Cl,O3_Cl,Acinetobacter_lwoffii,3528101,0.0023641613434535,0.0190759845027111,3.171677908313e-4,0.0048635228980122,0.0056560172171941,0.13959067498351,0.0010256070553776,0.0060150248026595,2,163,5.668771954090884e-4,0.0462004914258407,0.0167118231592576,0.0045463551071809,0.1339346577663159,-0.004989417747281901,-0.04563361423043161,4,0.29258111119270325,0.562951643168824,Point estimate,Reduced model (no Delta_Pi),No imputation required,NA,NA,NA,NA
BXH_O3_Cl,O3_Cl,Achromobacter_xylosoxidans,6901970,0.0025943317632501,0.0168267900324109,0,0.0030466663865533,0.0035786884034557,0.051349397345975,NA,0.0110081115208561,0,313,0,0.0453493712664645,0.0142324582691608,0.0030466663865533,0.04777070894251929,NA,-0.0453493712664645,7,0.2819521427154541,0.0471637860828301,Point estimate,Reduced model (no Delta_Pi),No imputation required,NA,NA,NA,NA
BXH_O3_Cl,O3_Cl,Aeromonas_caviae,4586140,0.0051407065636897,0.123593479483836,0,1.207987545081e-4,0.00571460967175,0.156801362365736,NA,0.0047573206226748,0,3,0,6.541448800080241e-4,0.1184527729201463,1.207987545081e-4,0.151086752693986,NA,-6.541448800080241e-4,8,0.2730535864830017,0.337188631562389,Point estimate,Reduced model (no Delta_Pi),No imputation required,NA,NA,NA,NA
BXH_O3_Cl,O3_Cl,Aeromonas_hydrophila,4744448,0.0016954554038741,0.0916311022905088,3.16159013651324e-5,1.688289132898e-4,0.0022752910349107,0.114507736200291,0,0.0060402388578646,0,8,0,0.001686181406140398,0.0899356468866347,1.372130119246676e-4,0.1122324451653803,-0.0060402388578646,-0.001686181406140398,9,0.4216415584087372,0.34206556043514,Point estimate,Reduced model (no Delta_Pi),No imputation required,NA,NA,NA,NA
BXH_O3_Cl,O3_Cl,Aliarcobacter_cryaerophilus,2108340,0.0052368213855449,0.110821783962738,0,0.0050380868360889,0.0058576889875446,0.203904493582628,NA,0.0126220064072526,0,229,0,0.1086162573398977,0.1055849625771931,0.0050380868360889,0.1980468045950834,NA,-0.1086162573398977,10,0.22011278569698334,1.04352594598683,Point estimate,Reduced model (no Delta_Pi),No imputation required,NA,NA,NA,NA
BXH_O3_Cl,O3_Cl,Bacteroides_fragilis,5241700,2.441955854016e-4,0.0023728942900204,0,0,2.441955854016e-4,0.0028313333460517,NA,NA,0,0,0,0,0.0021286987046188,0,0.0025871377606501,NA,0,11,0.15450675785541534,0.0969672922397954,Point estimate,Reduced model (no Delta_Pi),No imputation required,NA,NA,NA,NA
BXH_O3_Cl,O3_Cl,Chryseobacterium_gleum,5643321,4.447735650691e-4,0.005252403682158,0,4.637340317873e-4,5.339054787065e-4,0.0104537735847384,NA,0.0065887707264585,0,28,0,0.004961617458939515,0.0048076301170889,4.637340317873e-4,0.0099198681060319,NA,-0.004961617458939515,12,0.4281473457813263,0.794194138174742,Point estimate,Reduced model (no Delta_Pi),No imputation required,NA,NA,NA,NA
BXH_O3_Cl,O3_Cl,Escherichia_coli,10236257,7.778233782132e-4,0.0063419665997052,0,5.16790463545368e-5,0.0010319201637863,0.007896538744582,NA,0.0088174752116428,0,4,0,3.907678363292364e-4,0.005564143221492,5.16790463545368e-5,0.0068646185807957,NA,-3.907678363292364e-4,14,0.42089882493019104,0.294297633901822,Point estimate,Reduced model (no Delta_Pi),No imputation required,NA,NA,NA,NA
BXH_O3_Cl,O3_Cl,Laribacter_hongkongensis,3110307,4.639413408386e-4,0.0049564239157098,0,4.17965171926738e-5,4.639413408386e-4,0.0058023211213554,NA,0.0196923081691448,0,4,0,0.001286046682851564,0.0044924825748712,4.17965171926738e-5,0.005338379780516799,NA,-0.001286046682851564,15,0.4281473457813263,0.175417925468772,Point estimate,Reduced model (no Delta_Pi),No imputation required,NA,NA,NA,NA
BXH_O3_Cl,O3_Cl,Mycobacterium_kansasii,6577228,4.403070716112e-4,0.0034569274472467,0,3.46650595053107e-5,4.403070716112e-4,0.0053837270047503,NA,0.0028070174811178,0,0,0,0,0.0030166203756355,3.46650595053107e-5,0.0049434199331391,NA,0,16,0.1929696947336197,0.210808647371692,Point estimate,Reduced model (no Delta_Pi),No imputation required,NA,NA,NA,NA
BXH_O3_Cl,O3_Cl,Mycobacterium_xenopi,5251936,3.02745501849128e-5,8.54922832266e-4,0,2.439100552634e-4,3.02745501849128e-5,0.0088951959810629,NA,9.094028618072e-4,0,0,0,0,8.246482820810872e-4,2.439100552634e-4,0.008864921430877986,NA,0,17,0.2660079002380371,0.36344959342013,Point estimate,Reduced model (no Delta_Pi),No imputation required,NA,NA,NA,NA
BXH_O3_Cl,O3_Cl,Nocardia_brasiliensis,8935513,3.26785938311544e-5,6.396946655441e-4,0,1.574615805494e-4,5.59564962862232e-5,0.0025351650207436,NA,0.0024661290874359,0,8,0,8.953039405795727e-4,6.070160717129456e-4,1.574615805494e-4,0.002479208524457377,NA,-8.953039405795727e-4,18,0.4209708869457245,1.11223903058714,Point estimate,Reduced model (no Delta_Pi),No imputation required,NA,NA,NA,NA
BXH_O3_Cl,O3_Cl,Nocardia_farcinica,6292344,9.98038250928025e-5,0.0010751160457851,0,1.725906911636e-4,9.98038250928025e-5,0.0029278437415372,NA,0.0032371597614955,0,7,0,0.001112463018550798,9.753122206922974e-4,1.725906911636e-4,0.002828039916444397,NA,-0.001112463018550798,19,0.19097301363945007,1.06442030224855,Point estimate,Reduced model (no Delta_Pi),No imputation required,NA,NA,NA,NA
BXH_O3_Cl,O3_Cl,Pseudomonas_aeruginosa,6264404,9.09903001147435e-5,0.0012326791183965,0,0,9.09903001147435e-5,0.0013755498527872,NA,NA,0,0,0,0,0.001141688818281756,0,0.001284559552672456,NA,0,20,0.2650318443775177,0.0998341385623234,Point estimate,Reduced model (no Delta_Pi),No imputation required,NA,NA,NA,NA
BXH_O3_Cl,O3_Cl,Pseudomonas_alcaligenes,4406305,0.0341935022655036,0.698354290045741,0,0.0736294922843516,0.0392451271530227,1.72417456349481,NA,0.0123630654024844,0,5137,0,1.165829419434197,0.6641607877802375,0.0736294922843516,1.684929436341787,NA,-1.165829419434197,21,0.9893962740898132,0.610321634176971,Point estimate,Reduced model (no Delta_Pi),No imputation required,NA,NA,NA,NA
BXH_O3_Cl,O3_Cl,Pseudomonas_mendocina,5372474,1.740352768575e-4,0.0032610674337371,0,1.148446693273e-4,1.740352768575e-4,0.0056467467315801,NA,0.0123449939769518,0,13,0,0.002419741817270777,0.0030870321568796,1.148446693273e-4,0.0054727114547226,NA,-0.002419741817270777,22,0.1929696947336197,0.235539312494368,Point estimate,Reduced model (no Delta_Pi),No imputation required,NA,NA,NA,NA
BXH_O3_Cl,O3_Cl,Pseudomonas_putida,6156701,7.08171470402736e-5,0.0065153399523543,0,1.77042867600684e-5,7.08171470402736e-5,0.007760162463631,NA,0.0088073397995135,0,2,0,3.248492983498792e-4,0.006444522805314026,1.77042867600684e-5,0.007689345316590726,NA,-3.248492983498792e-4,23,0.42089882493019104,0.147517125213252,Point estimate,Reduced model (no Delta_Pi),No imputation required,NA,NA,NA,NA
BXH_O3_Cl,O3_Cl,Ralstonia_solanacearum,5530249,8.19131290471128e-5,8.106325773034e-4,0,8.39021895758802e-5,1.186203369866e-4,0.0019113063444339,NA,0.0382985524062452,0,34,0,0.006148005270648754,7.287194482562872e-4,8.39021895758802e-5,0.0017926860074473,NA,-0.006148005270648754,24,0.48687270283699036,0.0746195737814501,Point estimate,Reduced model (no Delta_Pi),No imputation required,NA,NA,NA,NA
BXH_O3_Cl,O3_Cl,Shigella_dysenteriae,5192674,0.0013070337171175,0.0072276826929631,0,7.926551907552e-4,0.0015639341117889,0.0176348447832465,NA,0.0059643567651075,0,29,0,0.005584791188509041,0.0059206489758456,7.926551907552e-4,0.0160709106714576,NA,-0.005584791188509041,25,0.42089882493019104,0.638098176800427,Point estimate,Reduced model (no Delta_Pi),No imputation required,NA,NA,NA,NA
BXH_O3_Cl,O3_Cl,Shigella_sonnei,4994001,6.189426073402e-4,0.0053498187124911,0,3.422105842589e-4,6.756105975948e-4,0.0203442089819364,NA,0.0112897295432874,0,66,0,0.01321585638449011,0.0047308761051509,3.422105842589e-4,0.0196685983843416,NA,-0.01321585638449011,26,0.4281473457813263,1.15758915754463,Point estimate,Reduced model (no Delta_Pi),No imputation required,NA,NA,NA,NA
CZSC_UV,UV,Acinetobacter_lwoffii,3528101,0.917022216767604,0.256515332185784,0.746758950494897,0.006713243186632,12.0609290947169,0.438258711981318,0.0201501138403841,0.0069392530581405,114358,225,32.41347115629626,0.06377368448352243,-0.66050688458182,-0.740045707308265,-11.62267038273558,0.0132108607822436,32.34969747181274,27,-1.5079172849655151,-1.25533069835019,Point estimate,Reduced model (no Delta_Pi),No imputation required,NA,NA,NA,NA
CZSC_UV,UV,Aliarcobacter_cryaerophilus,2108340,0.527210506844247,0.613879165599476,0.248914786040202,0.365929119591716,3.00981198478423,5.92671770207841,0.0114751108237472,0.0134362711579112,9902,21259,4.696585939649203,10.08328827418728,0.086668658755229,0.117014333551514,2.916905717294179,-0.001961160334163999,-5.386702334538072,28,0.5253651142120361,0.436096660988315,Point estimate,Reduced model (no Delta_Pi),No imputation required,NA,NA,NA,NA
CZSC_UV,UV,Escherichia_coli,10236257,0.0368206855298767,0.0454704292789834,2.715836462488e-4,1.99486980446e-4,0.0458949985331551,0.0572038197165233,0.0101867774193235,0.0126138568858557,33,32,0.0032238346497162,0.003126142690633891,0.008649743749106702,-7.209666580280003e-5,0.0113088211833682,-0.002427079466532199,9.769195908230924e-5,30,0.33167901635169983,0.569336801986105,Point estimate,Reduced model (no Delta_Pi),No imputation required,NA,NA,NA,NA
CZSC_UV,UV,Achromobacter_xylosoxidans,6901970,0.0049516297520852,0.0038738215321132,1.122867818897e-4,3.12954127589659e-5,0.0084187558045021,0.0060604436124758,0.0108845880723769,0.0333889728343045,13,12,0.001883520212345171,0.001738634042164773,-0.001077808219972,-8.09913691307341e-5,-0.002358312192026301,-0.0225043847619276,1.448861701803977e-4,31,0.18662799894809723,0.202941119509236,Point estimate,Reduced model (no Delta_Pi),No imputation required,NA,NA,NA,NA
CZSC_UV,UV,Aeromonas_caviae,4586140,0.130320269333251,0.173871491057839,5.394514777132e-4,7.226120441155e-4,0.170676211367293,0.234877696712267,0.0048666128056031,0.0062259772526045,12,24,0.002616579520032096,0.005233159040064193,0.043551221724588,1.831605664023e-4,0.064201485344974,-0.0013593644470014,-0.002616579520032096,33,0.3392190635204315,0.399019294723587,Point estimate,Reduced model (no Delta_Pi),No imputation required,NA,NA,NA,NA
CZSC_UV,UV,Cupriavidus_metallidurans,6901105,0.0017139284216078,0.0017368233058328,5.086142001896e-4,5.77878470187e-4,0.0174757520715885,0.0236189711647627,0.0021092676284306,0.0053231360067574,12,37,0.001738851966460444,0.005361460229919702,2.289488422499994e-5,6.926426999739996e-5,0.006143219093174199,-0.0032138683783268,-0.003622608263459258,34,0.1755901575088501,0.278083169435286,Point estimate,Reduced model (no Delta_Pi),No imputation required,NA,NA,NA,NA
CZSC_UV,UV,Shigella_dysenteriae,5192674,0.0248721564265346,0.0298838324916988,3.63011427253e-4,5.284367938367e-4,0.0327638515339109,0.0397199978277088,0.0040891421252283,0.0038421114271305,5,8,9.62895032501559e-4,0.001540632052002494,0.0050116760651642,1.654253665837e-4,0.006956146293797899,2.470306980978006e-4,-5.777370195009352e-4,35,0.3402192294597626,0.276145259428194,Point estimate,Reduced model (no Delta_Pi),No imputation required,NA,NA,NA,NA
CZSC_UV,UV,Bacteroides_fragilis,5241700,0.0374185855733826,0.0436858271171566,2.51063586241e-4,3.008565923268e-4,0.0491100215578915,0.0575431634774977,0.0020085064111147,0.0025271728360811,4,5,7.631112043802583e-4,9.538890054753229e-4,0.006267241543773998,4.979300608579996e-5,0.008433141919606202,-5.186664249663998e-4,-1.907778010950646e-4,36,0.3347485065460205,0.296175478281209,Point estimate,Reduced model (no Delta_Pi),No imputation required,NA,NA,NA,NA
CZSC_UV,UV,Klebsiella_pneumoniae,5682322,0.0374954112068974,0.0299448007346292,0.0011461863653626,0.0014495834625351,0.057919808134773,0.0518369075177365,0.0017011377113344,0.0036699389158061,2,22,3.519687902234333e-4,0.003871656692457766,-0.007550610472268203,3.033970971725e-4,-0.0060829006170365,-0.0019688012044717,-0.003519687902234332,37,0.07575538009405136,0.308476797865379,Point estimate,Reduced model (no Delta_Pi),No imputation required,NA,NA,NA,NA
CZSC_UV,UV,Staphylococcus_aureus,2821361,8.924770704635e-4,5.844696938817e-4,8.64830838733504e-5,2.555504240683e-4,0.001726471727652,0.0020128583332653,0.0159436452095625,0.0143685823670703,2,8,7.088777366668072e-4,0.002835510946667229,-3.080073765817999e-4,1.690673401949496e-4,2.863866056133e-4,0.001575062842492198,-0.002126633210000422,38,0.12758085131645203,0.273266927064757,Point estimate,Reduced model (no Delta_Pi),No imputation required,NA,NA,NA,NA
CZSC_UV,UV,Aeromonas_hydrophila,4744448,0.03114292748071,0.0275353423622727,0,8.00936167916689e-6,0.0377569740462958,0.0333676330734365,NA,0.0252631588986045,0,2,0,4.215453515350995e-4,-0.003607585118437302,8.00936167916689e-6,-0.004389340972859299,NA,-4.215453515350995e-4,39,0.11204162985086441,0.320137734508018,Point estimate,Reduced model (no Delta_Pi),No imputation required,NA,NA,NA,NA
CZSC_UV,UV,Bordetella_hinzii,5033537,0.0012434596189518,0.0011425365503422,0,0,0.0015821876346592,0.0015124553569388,NA,NA,0,0,0,0,-1.009230686095999e-4,0,-6.973227772040015e-5,NA,0,40,0.05562611669301987,0.190408827530599,Point estimate,Reduced model (no Delta_Pi),No imputation required,NA,NA,NA,NA
CZSC_UV,UV,Chryseobacterium_gleum,5643321,0.0059197412303854,0.0078533544343835,0,7.99174812136329e-5,0.0072067493591096,0.0109320380676555,NA,0,0,0,0,0,0.001933613203998099,7.99174812136329e-5,0.003725288708545901,NA,0,41,0.37967586517333984,0.289525712451058,Point estimate,Reduced model (no Delta_Pi),No imputation required,NA,NA,NA,NA
CZSC_UV,UV,Laribacter_hongkongensis,3110307,0.0436429587175799,0.0687584858986588,0,1.257110632487e-4,0.0535329792203791,0.0833557587723655,NA,0.0012276215321571,0,1,0,3.21511670712891e-4,0.02511552718107889,1.257110632487e-4,0.02982277955198641,NA,-3.21511670712891e-4,43,0.3407697081565857,0.370685262242753,Point estimate,Reduced model (no Delta_Pi),No imputation required,NA,NA,NA,NA
CZSC_UV,UV,Legionella_pneumophila,3409143,3.470080310506e-4,4.748994102035e-4,0,0,3.470080310506e-4,6.019108028029e-4,NA,NA,0,0,0,0,1.278913791529e-4,0,2.549027717523e-4,NA,0,44,0.29522383213043213,0.340234409433358,Point estimate,Reduced model (no Delta_Pi),No imputation required,NA,NA,NA,NA
CZSC_UV,UV,Nocardia_brasiliensis,8935513,1.53320799824251e-5,1.09674732720997e-5,0,0,2.71948571951045e-5,1.09674732720997e-5,NA,NA,0,0,0,0,-4.364606710325401e-6,0,-1.62273839230048e-5,NA,0,45,0.1456107795238495,0.174260752326694,Point estimate,Reduced model (no Delta_Pi),No imputation required,NA,NA,NA,NA
CZSC_UV,UV,Pseudomonas_aeruginosa,6264404,5.066723027442e-4,3.00746886695e-4,0,0,5.437069512119e-4,3.422512341158e-4,NA,NA,0,0,0,0,-2.059254160492001e-4,0,-2.014557170961e-4,NA,0,46,0.07508355379104614,0.315906579477379,Point estimate,Reduced model (no Delta_Pi),No imputation required,NA,NA,NA,NA
CZSC_UV,UV,Pseudomonas_alcaligenes,4406305,0.0259310238397024,0.0187967015447183,0,2.65528600494064e-5,0.0314565151527186,0.0220023352899992,NA,0.0164102570623414,0,4,0,9.077900871591958e-4,-0.007134322294984098,2.65528600494064e-5,-0.0094541798627194,NA,-9.077900871591958e-4,47,0.07851684093475342,0.174953503512354,Point estimate,Reduced model (no Delta_Pi),No imputation required,NA,NA,NA,NA
CZSC_UV,UV,Pseudomonas_mendocina,5372474,7.19966257631e-4,4.871126412151e-4,0,0,8.003761395587e-4,5.727342747493e-4,NA,NA,0,0,0,0,-2.328536164159e-4,0,-2.276418648094e-4,NA,0,48,-0.005048998165875673,0.213986406516556,Point estimate,Reduced model (no Delta_Pi),No imputation required,NA,NA,NA,NA
CZSC_UV,UV,Pseudomonas_putida,6156701,0.0048819976802511,7.807752885839e-4,0,0,0.0059866477192899,9.826691275083e-4,NA,NA,0,0,0,0,-0.0041012223916672,0,-0.005003978591781599,NA,0,49,-0.047201208770275116,0.137734262899213,Point estimate,Reduced model (no Delta_Pi),No imputation required,NA,NA,NA,NA
CZSC_UV,UV,Ralstonia_solanacearum,5530249,6.02142869154716e-5,1.294697580524e-4,0,0,8.64337211579365e-5,1.972786397139e-4,NA,NA,0,0,0,0,6.925547113692838e-5,0,1.108449185559635e-4,NA,0,50,0.24139028787612915,0.243073812441783,Point estimate,Reduced model (no Delta_Pi),No imputation required,NA,NA,NA,NA
CZSC_UV,UV,Shigella_sonnei,4994001,0.0269239032991782,0.0322136499371946,0,0,0.0310444471276636,0.0371693958411301,NA,NA,0,0,0,0,0.005289746638016398,0,0.006124948713466496,NA,0,51,0.3402192294597626,0.366806323159249,Point estimate,Reduced model (no Delta_Pi),No imputation required,NA,NA,NA,NA
GBD_O3,O3,Aliarcobacter_cryaerophilus,2108340,0.368705237295692,0.49513218930533,0.069243101207585,0.212256562034586,1.04538831497766,2.48752573114393,0.0084105458298483,0.010331239226958,1495,7138,0.7090886669133062,3.385601942760655,0.126426952009638,0.143013460827001,1.44213741616627,-0.0019206933971097,-2.676513275847349,53,0.36611631512641907,0.272091194573098,Point estimate,Reduced model (no Delta_Pi),No imputation required,NA,NA,NA,NA
GBD_O3,O3,Aeromonas_caviae,4586140,0.463915842080704,0.514828810284901,0.0103636173339671,0.0186054067254815,0.800804162105823,0.966492518763055,0.0078695168778146,0.0079265408804596,468,874,0.1020466012812518,0.190574208375671,0.050912968204197,0.008241789391514398,0.165688356657232,-5.702400264499981e-5,-0.08852760709441927,54,0.2771497666835785,0.117606508849514,Point estimate,Reduced model (no Delta_Pi),No imputation required,NA,NA,NA,NA
GBD_O3,O3,Bordetella_hinzii,5033537,0.0030795442647982,0.0028075685149428,0.0015939090146749,9.657225128174e-4,0.0172838701692269,0.0101391923810235,0.0197049664259402,0.0173759242372977,242,104,0.04807752481008881,0.02066141562086461,-2.719757498553998e-4,-6.281865018575001e-4,-0.0071446777882034,0.002329042188642501,0.0274161091892242,55,0.14265958964824677,-0.0691564958033926,Point estimate,Reduced model (no Delta_Pi),No imputation required,NA,NA,NA,NA
GBD_O3,O3,Acinetobacter_lwoffii,3528101,0.0319432465227043,0.0243760028411884,0.0055959282344807,0.0068980451523354,0.117129866747012,0.127857167354335,0.0065745217127017,0.0078787318867743,204,347,0.05782147393172701,0.09835319340347683,-0.007567243681515897,0.0013021169178547,0.01072730060732301,-0.0013042101740726,-0.04053171947174981,56,0.10187786817550659,-0.0559493933797291,Point estimate,Reduced model (no Delta_Pi),No imputation required,NA,NA,NA,NA
GBD_O3,O3,Cupriavidus_metallidurans,6901105,0.0030125610318926,0.0021516844041642,0.0010699735766953,6.593147039495e-4,0.0986831818962325,0.0766639545406134,0.009379050100095,0.0042554414141308,111,32,0.01608438068975911,0.004636938577227849,-8.608766277284001e-4,-4.106588727457999e-4,-0.02201922735561911,0.005123608685964199,0.01144744211253126,57,0.10454540699720383,-0.118557557375744,Point estimate,Reduced model (no Delta_Pi),No imputation required,NA,NA,NA,NA
GBD_O3,O3,Escherichia_coli,10236257,0.0589434204319019,0.075982558859161,6.111608960188e-4,7.758695390316e-4,0.0777204011192762,0.100440131583253,0.0118266178480804,0.0098686712765626,96,97,0.009378428071901672,0.00947612003098398,0.0170391384272591,1.647086430128e-4,0.02271973046397681,0.0019579465715178,-9.769195908230881e-5,58,0.2788253426551819,0.114545530008063,Point estimate,Reduced model (no Delta_Pi),No imputation required,NA,NA,NA,NA
GBD_O3,O3,Achromobacter_xylosoxidans,6901970,0.0153380846338073,0.0072482204356146,0.0037319779715066,6.411213030482e-4,0.0515510788948661,0.015618874031617,0.0035545794834621,0.0077647207281683,94,36,0.01361929999695739,0.00521590212649432,-0.0080898641981927,-0.0030908566684584,-0.0359322048632491,-0.0042101412447062,0.00840339787046307,59,0.010355804115533829,-0.243879039646363,Point estimate,Reduced model (no Delta_Pi),No imputation required,NA,NA,NA,NA
GBD_O3,O3,Klebsiella_pneumoniae,5682322,0.090721891508436,0.102463218381499,0.0016315513270806,0.0019277330640536,0.130200998817032,0.149713620593834,0.0043823918199705,0.0046804594649695,34,70,0.005983469433798367,0.01231890765782017,0.01174132687306299,2.961817369729999e-4,0.01951262177680199,-2.980676449990003e-4,-0.006335438224021798,61,0.22455406188964844,0.087108735259346,Point estimate,Reduced model (no Delta_Pi),No imputation required,NA,NA,NA,NA
GBD_O3,O3,Shigella_dysenteriae,5192674,0.0404928173807945,0.0516196472183695,6.141344517294e-4,7.918848747291e-4,0.0520600754062357,0.0678305628275527,0.0060334881296274,0.007155625939601,27,14,0.005199633175508418,0.002696106091004365,0.011126829837575,1.777504229997e-4,0.015770487421317,-0.0011221378099736,0.002503527084504053,62,0.22278574109077454,-0.229699296894413,Point estimate,Reduced model (no Delta_Pi),No imputation required,NA,NA,NA,NA
GBD_O3,O3,Pseudomonas_alcaligenes,4406305,0.1548006776653,0.0292369683896144,2.904928278909e-4,6.78573090151498e-5,0.20031205284246,0.0352265673846908,0.0147309459978715,0,26,0,0.005900635566534772,0,-0.1255637092756856,-2.226355188757502e-4,-0.1650854854577692,0.0147309459978715,0.005900635566534772,63,-0.9360189437866211,-0.481233201630694,Point estimate,Reduced model (no Delta_Pi),No imputation required,NA,NA,NA,NA
GBD_O3,O3,Shigella_boydii,4825405,0.0728299489887377,0.0880508475454391,8.681136609258e-4,0.0011808335258905,0.0954205916394582,0.116644716868325,0.0040130119501306,0.0048809054233434,18,28,0.003730256838545159,0.005802621748848024,0.0152208985567014,3.127198649647001e-4,0.02122412522886681,-8.678934732127995e-4,-0.002072364910302865,64,0.23213370144367218,0.0494238115809076,Point estimate,Reduced model (no Delta_Pi),No imputation required,NA,NA,NA,NA
GBD_O3,O3,Nocardia_farcinica,6292344,0.0012661418383991,9.889796234916e-4,2.274192256494e-4,8.7089962023691e-5,0.0037858705754166,0.0021275060613341,0.0081130971365421,0.0069383616647581,15,4,0.002383849325465995,6.356931534575986e-4,-2.771622149075001e-4,-1.40329263625709e-4,-0.0016583645140825,0.001174735471784,0.001748156172008396,65,0.1515546590089798,0.558603199615157,Point estimate,Reduced model (no Delta_Pi),No imputation required,NA,NA,NA,NA
GBD_O3,O3,Chryseobacterium_gleum,5643321,0.0743099674819135,0.135099172986969,3.928537823738e-4,0.0019357396114805,0.101103587763304,0.21174340428269,0.0049173057375052,0.0029482153397434,9,40,0.001594805611801987,0.007088024941342163,0.0607892055050555,0.0015428858291067,0.110639816519386,0.0019690903977618,-0.005493219329540176,66,0.49500414729118347,0.309771527390528,Point estimate,Reduced model (no Delta_Pi),No imputation required,NA,NA,NA,NA
GBD_O3,O3,Aeromonas_hydrophila,4744448,0.073867813494847,0.0692042572708142,2.46604030648e-4,3.876109507365e-4,0.0927770733286569,0.0906356229428586,0.0063388568723303,0.0151281537667378,7,27,0.001475408730372848,0.005690862245723844,-0.004663556224032805,1.410069200885e-4,-0.002141450385798299,-0.0087892968944075,-0.004215453515350995,67,0.16584685444831848,0.00415411135535741,Point estimate,Reduced model (no Delta_Pi),No imputation required,NA,NA,NA,NA
GBD_O3,O3,Ralstonia_solanacearum,5530249,6.504227928977e-4,2.330817292313e-4,8.1370657993824e-5,0,0.0012885495752541,3.540527741155e-4,0.020258510377672,NA,7,0,0.00126576579101592,0,-4.173410636664e-4,-8.1370657993824e-5,-9.344968011386e-4,NA,0.00126576579101592,68,0.291275292634964,-0.15331275642363,Point estimate,Reduced model (no Delta_Pi),No imputation required,NA,NA,NA,NA
GBD_O3,O3,Staphylococcus_aureus,2821361,4.150479148184e-4,3.66844228725e-4,1.293701869416e-4,2.289675089433e-4,0.0014188187899386,0.0025686184788121,0.0248715438254891,0.0169698841431561,6,18,0.002126633210000422,0.006379899630001266,-4.82036860934e-5,9.95973220017e-5,0.0011497996888735,0.007901659682333001,-0.004253266420000844,70,0.2791774868965149,0.116184088654691,Point estimate,Reduced model (no Delta_Pi),No imputation required,NA,NA,NA,NA
GBD_O3,O3,Mycobacterium_kansasii,6577228,0.0043501608884471,0.0010946860896413,1.474785426321e-4,3.55772979133458e-5,0.0078492033421981,0.0017437437169579,0.0071273414744533,0.0073428688905178,4,0,6.081589386896729e-4,0,-0.003255474798805801,-1.119012447187542e-4,-0.0061054596252402,-2.155274160644998e-4,6.081589386896729e-4,71,0.07493065297603607,-0.220397811867884,Point estimate,Reduced model (no Delta_Pi),No imputation required,NA,NA,NA,NA
GBD_O3,O3,Laribacter_hongkongensis,3110307,0.081031550904782,0.0679826782372286,2.089825859633e-4,2.257011928404e-4,0.100762722136432,0.082790862766922907,0.002215384703416,0,3,0,9.645350121386731e-4,0,-0.01304887266755339,1.671860687710002e-5,-0.0179718593695091,0.002215384703416,9.645350121386731e-4,72,0.04382108524441719,-0.0340352310214161,Point estimate,Reduced model (no Delta_Pi),No imputation required,NA,NA,NA,NA
GBD_O3,O3,Mycobacterium_xenopi,5251936,0.0012762912571668,6.281493148431e-4,1.098642481553e-4,1.818377070855e-4,0.0028376202604143,0.0022477425467484,0.0036893511768849,0.0012954842981864,3,1,5.712179280174016e-4,1.904059760058005e-4,-6.481419423237e-4,7.19734589302e-5,-0.00058987771366589975,0.0023938668786985,3.808119520116011e-4,73,0.14491358399391174,-0.0681699512453105,Point estimate,Reduced model (no Delta_Pi),No imputation required,NA,NA,NA,NA
GBD_O3,O3,Bacteroides_fragilis,5241700,0.02991987332354,0.0377780109506457,2.291241391151e-4,7.91727874544518e-5,0.0391655378980101,0.0466352519220862,0.0012674622988323,0.0050120482961815,2,3,3.815556021901291e-4,5.723334032851937e-4,0.007858137627105702,-1.499513516606482e-4,0.007469714024076105,-0.0037445859973492,-1.907778010950646e-4,74,0.30864351987838745,0.104191708330086,Point estimate,Reduced model (no Delta_Pi),No imputation required,NA,NA,NA,NA
GBD_O3,O3,Nocardia_brasiliensis,8935513,5.034965535834e-4,4.714894377077e-4,6.88264904320546e-5,2.79782481431116e-5,0.0011644546877163,7.389614899558e-4,0.0039530262714478,0.008,1,1,1.119129925724466e-4,1.119129925724466e-4,-3.200711587570001e-5,-4.084824228894299e-5,-4.254931977605e-4,-0.0040469737285522,0,75,0.29268378019332886,0.634061534859818,Point estimate,Reduced model (no Delta_Pi),No imputation required,NA,NA,NA,NA
GBD_O3,O3,Legionella_longbeachae,4149158,0.0019924524445682,2.607758007769e-4,0,0,0.0023431260029142,2.607758007769e-4,NA,NA,0,0,0,0,-0.0017316766437913,0,-0.0020823502021373,NA,0,76,0.09800266474485397,-0.238337440841054,Point estimate,Reduced model (no Delta_Pi),No imputation required,NA,NA,NA,NA
GBD_O3,O3,Legionella_pneumophila,3409143,0.0066374452465033,4.197535861652e-4,4.25326834339304e-5,0,0.0101667779849657,4.197535861652e-4,0,NA,0,0,0,0,-0.0062176916603381,-4.25326834339304e-5,-0.0097470243988005,NA,0,77,0.14482639729976654,-0.257110800695665,Point estimate,Reduced model (no Delta_Pi),No imputation required,NA,NA,NA,NA
GBD_O3,O3,Pseudomonas_aeruginosa,6264404,4.316452131759e-4,2.657874555983e-4,0,0,5.259877875054e-4,3.101651809174e-4,NA,NA,0,0,0,0,-1.658577575776e-4,0,-2.15822606588e-4,NA,0,78,0.18316912651062012,-0.0794714305083665,Point estimate,Reduced model (no Delta_Pi),No imputation required,NA,NA,NA,NA
GBD_O3,O3,Pseudomonas_mendocina,5372474,0.0014306258159648,0.0011318807685248,0,0,0.0016850709747501,0.0016755781414669,NA,NA,0,0,0,0,-2.987450474400001e-4,0,-9.49283328319987e-6,NA,0,79,0.1515546590089798,-0.15005391372691,Point estimate,Reduced model (no Delta_Pi),No imputation required,NA,NA,NA,NA
GBD_O3,O3,Pseudomonas_putida,6156701,5.459092458769e-4,5.017297413013e-4,0,0,6.219239816908e-4,6.826708004822e-4,NA,NA,0,0,0,0,-4.417950457560004e-5,0,6.07468187914e-5,NA,0,80,0.2566690444946289,-0.0823402716717467,Point estimate,Reduced model (no Delta_Pi),No imputation required,NA,NA,NA,NA
GBD_O3,O3,Shigella_sonnei,4994001,0.0456295463296863,0.0604204925069097,4.10492508912192e-5,2.92350762444779e-5,0.0518371942656798,0.0705632618015093,0,0.0043835615458553,0,0,0,0,0.0147909461772234,-1.18141746467413e-5,0.0187260675358295,-0.0043835615458553,0,81,0.2983987033367157,0.276856786936626,Point estimate,Reduced model (no Delta_Pi),No imputation required,NA,NA,NA,NA
GBD_UF,UF,Aliarcobacter_cryaerophilus,2108340,0.49513218930533,0.451452801730271,0.212256562034586,0.151435726685449,2.48752573114393,1.79405693578834,0.010331239226958,0.0096649419678064,7138,4258,3.385601942760655,2.019598357001243,-0.04367938757505896,-0.06082083534913701,-0.69346879535559,6.662972591515992e-4,1.366003585759412,83,0.426114946603775,0.482102792054348,Point estimate,Reduced model (no Delta_Pi),No imputation required,NA,NA,NA,NA
GBD_UF,UF,Aeromonas_caviae,4586140,0.514828810284901,0.417641415220643,0.0186054067254815,0.0072904446876894,0.966492518763055,0.68403341372047,0.0079265408804596,0.0075325326978741,874,324,0.190574208375671,0.07064764704086661,-0.097187395064258,-0.0113149620377921,-0.282459105042585,3.940081825855e-4,0.1199265613348044,84,0.4920007884502411,0.496983861064114,Point estimate,Reduced model (no Delta_Pi),No imputation required,NA,NA,NA,NA
GBD_UF,UF,Acinetobacter_lwoffii,3528101,0.0243760028411884,0.0175887821805554,0.0068980451523354,0.0043740244397764,0.127857167354335,0.0748915634784831,0.0078787318867743,0.0052723658419352,347,128,0.09835319340347683,0.03628014050618165,-0.006787220660633,-0.002524020712559,-0.0529656038758519,0.0026063660448391,0.06207305289729517,85,0.5399353504180908,0.38489892973477,Point estimate,Reduced model (no Delta_Pi),No imputation required,NA,NA,NA,NA
GBD_UF,UF,Bordetella_hinzii,5033537,0.0028075685149428,0.0024960579409667,9.657225128174e-4,5.443488346266e-4,0.0101391923810235,0.0077019400075929,0.0173759242372977,0.0185731795147388,104,67,0.02066141562086461,0.01331071967882624,-3.115105739761002e-4,-4.213736781908e-4,-0.002437252373430599,-0.0011972552774410991,0.007350695942038372,87,0.44961297512054443,0.627902865170403,Point estimate,Reduced model (no Delta_Pi),No imputation required,NA,NA,NA,NA
GBD_UF,UF,Escherichia_coli,10236257,0.075982558859161,0.0712902186805196,7.758695390316e-4,4.449868736198e-4,0.100440131583253,0.0889381733967796,0.0098686712765626,0.0092088241739408,97,64,0.00947612003098398,0.006252285381267782,-0.004692340178641397,-3.308826654117999e-4,-0.0115019581864734,6.598471026217998e-4,0.003223834649716198,88,0.5934073328971863,0.779584474089292,Point estimate,Reduced model (no Delta_Pi),No imputation required,NA,NA,NA,NA
GBD_UF,UF,Klebsiella_pneumoniae,5682322,0.102463218381499,0.0922851608902134,0.0019277330640536,0.0011688883523319,0.149713620593834,0.123444253951113,0.0046804594649695,0.0058752850519176,70,35,0.01231890765782017,0.006159453828910083,-0.0101780574912856,-7.588447117216999e-4,-0.026269366642721,-0.0011948255869481,0.006159453828910083,89,0.5455904006958008,0.554828161082353,Point estimate,Reduced model (no Delta_Pi),No imputation required,NA,NA,NA,NA
GBD_UF,UF,Chryseobacterium_gleum,5643321,0.135099172986969,0.0336032630431619,0.0019357396114805,1.546961443447e-4,0.21174340428269,0.0419759925051224,0.0029482153397434,0.0014720234810827,40,3,0.007088024941342163,5.316018706006622e-4,-0.1014959099438071,-0.0017810434671358,-0.1697674117775676,0.0014761918586607,0.006556423070741501,90,0.1182108223438263,0.00353341702993415,Point estimate,Reduced model (no Delta_Pi),No imputation required,NA,NA,NA,NA
GBD_UF,UF,Achromobacter_xylosoxidans,6901970,0.0072482204356146,0.0055607312115236,6.411213030482e-4,1.866133871922e-4,0.015618874031617,0.0098867424807698,0.0077647207281683,0.0075933943901743,36,5,0.00521590212649432,7.244308509019888e-4,-0.001687489224091,-4.545079158559999e-4,-0.005732131550847201,1.713263379940003e-4,0.004491471275592331,91,0.5503032207489014,0.482534816986523,Point estimate,Reduced model (no Delta_Pi),No imputation required,NA,NA,NA,NA
GBD_UF,UF,Cupriavidus_metallidurans,6901105,0.0021516844041642,0.001895928260764,6.593147039495e-4,5.772988528648e-4,0.0766639545406134,0.0500005433912395,0.0042554414141308,0.0048774425688397,32,22,0.004636938577227849,0.003187895271844147,-2.557561434001999e-4,-8.201585108469996e-5,-0.02666341114937389,-6.220011547088998e-4,0.001449043305383702,92,0.4242776036262512,0.512651860764269,Point estimate,Reduced model (no Delta_Pi),No imputation required,NA,NA,NA,NA
GBD_UF,UF,Shigella_boydii,4825405,0.0880508475454391,0.0805078537449188,0.0011808335258905,7.481237326193e-4,0.116644716868325,0.0998778340885376,0.0048809054233434,0.0024533496338904,28,7,0.005802621748848024,0.001450655437212006,-0.007542993800520301,-4.327097932712e-4,-0.0167668827797874,0.002427555789453,0.004351966311636018,93,0.5651428699493408,0.668632569324507,Point estimate,Reduced model (no Delta_Pi),No imputation required,NA,NA,NA,NA
GBD_UF,UF,Aeromonas_hydrophila,4744448,0.0692042572708142,0.046212119934711,3.876109507365e-4,9.40046133923272e-5,0.0906356229428586,0.0583241717476932,0.0151281537667378,0.0153761833505245,27,5,0.005690862245723844,0.001053863378837749,-0.0229921373361032,-2.936063373441728e-4,-0.0323114511951654,-2.480295837866998e-4,0.004636998866886095,94,0.4686067998409271,0.444026332647125,Point estimate,Reduced model (no Delta_Pi),No imputation required,NA,NA,NA,NA
GBD_UF,UF,Staphylococcus_aureus,2821361,3.66844228725e-4,3.888194385617e-4,2.289675089433e-4,1.22281409575e-4,0.0025686184788121,0.0013847926585786,0.0169698841431561,0.0119159929994223,18,3,0.006379899630001266,0.001063316605000211,2.197520983670002e-5,-1.066860993683e-4,-0.0011838258202335,0.005053891143733799,0.005316583025001055,96,0.5424111485481262,0.608925855379077,Point estimate,Reduced model (no Delta_Pi),No imputation required,NA,NA,NA,NA
GBD_UF,UF,Shigella_dysenteriae,5192674,0.0516196472183695,0.044485750501572,7.918848747291e-4,3.797658008185e-4,0.0678305628275527,0.0548994602780763,0.007155625939601,0.0016612622123702,14,0,0.002696106091004365,0,-0.007133896716797504,-4.121190739106e-4,-0.0129311025494764,0.0054943637272308,0.002696106091004365,97,0.5514982342720032,0.740142805405214,Point estimate,Reduced model (no Delta_Pi),No imputation required,NA,NA,NA,NA
GBD_UF,UF,Nocardia_farcinica,6292344,9.889796234916e-4,5.934195587526e-4,8.7089962023691e-5,4.60877536256759e-5,0.0021275060613341,0.0011335998159032,0.0069383616647581,0.0122758620771868,4,4,6.356931534575986e-4,6.356931534575986e-4,-3.95560064739e-4,-4.10022083980151e-5,-9.939062454309001e-4,-0.005337500412428701,0,98,0.4587453007698059,0.113943518511943,Point estimate,Reduced model (no Delta_Pi),No imputation required,NA,NA,NA,NA
GBD_UF,UF,Bacteroides_fragilis,5241700,0.0377780109506457,0.0323105099490622,7.91727874544518e-5,8.92840109124897e-5,0.0466352519220862,0.0396913215178281,0.0050120482961815,0.0069357715865484,3,5,5.723334032851937e-4,9.538890054753229e-4,-0.005467501001583504,1.011122345803789e-5,-0.0069439304042581,-0.0019237232903669,-3.815556021901291e-4,99,0.5344768166542053,0.51283753243116,Point estimate,Reduced model (no Delta_Pi),No imputation required,NA,NA,NA,NA
GBD_UF,UF,Mycobacterium_xenopi,5251936,6.281493148431e-4,3.514894317066e-4,1.818377070855e-4,4.24605326492913e-5,0.0022477425467484,6.848902956928e-4,0.0012954842981864,0,1,0,1.904059760058005e-4,0,-2.766598831365e-4,-1.393771744362087e-4,-0.0015628522510556,0.0012954842981864,1.904059760058005e-4,100,0.4636819660663605,0.383608934525472,Point estimate,Reduced model (no Delta_Pi),No imputation required,NA,NA,NA,NA
GBD_UF,UF,Nocardia_brasiliensis,8935513,4.714894377077e-4,2.155444236945e-4,2.79782481431116e-5,0,7.389614899558e-4,3.146993351137e-4,0.008,NA,1,0,1.119129925724466e-4,0,-2.559450140132e-4,-2.79782481431116e-5,-4.242621548421e-4,NA,1.119129925724466e-4,101,0.37125062942504883,0.0784738071025236,Point estimate,Reduced model (no Delta_Pi),No imputation required,NA,NA,NA,NA
GBD_UF,UF,Laribacter_hongkongensis,3110307,0.0679826782372286,0.0477046156536958,2.257011928404e-4,4.53331455705146e-5,0.082790862766922907,0.0562404289994524,0,0,0,0,0,0,-0.0202780625835328,-1.803680472698854e-4,-0.02655043376747051,0,0,102,0.5365681052207947,0.505225753710434,Point estimate,Reduced model (no Delta_Pi),No imputation required,NA,NA,NA,NA
GBD_UF,UF,Legionella_longbeachae,4149158,2.607758007769e-4,2.359514870245e-4,0,0,2.607758007769e-4,3.063272114485e-4,NA,NA,0,0,0,0,-2.482431375240002e-5,0,4.555141067159998e-5,NA,0,103,0.4920365810394287,0.590884426264589,Point estimate,Reduced model (no Delta_Pi),No imputation required,NA,NA,NA,NA
GBD_UF,UF,Legionella_pneumophila,3409143,4.197535861652e-4,1.557576200235e-4,0,0,4.197535861652e-4,1.557576200235e-4,NA,NA,0,0,0,0,-2.639959661417e-4,0,-2.639959661417e-4,NA,0,104,0.42025959491729736,0.55765778326164706,Point estimate,Reduced model (no Delta_Pi),No imputation required,NA,NA,NA,NA
GBD_UF,UF,Mycobacterium_kansasii,6577228,0.0010946860896413,2.05557721277e-4,3.55772979133458e-5,0,0.0017437437169579,2.338371119261e-4,0.0073428688905178,NA,0,0,0,0,-8.891283683642999e-4,-3.55772979133458e-5,-0.0015099066050318,NA,0,105,0.6630640029907227,0.410567281808436,Point estimate,Reduced model (no Delta_Pi),No imputation required,NA,NA,NA,NA
GBD_UF,UF,Pseudomonas_aeruginosa,6264404,2.657874555983e-4,1.393588280704e-4,0,0,3.101651809174e-4,1.393588280704e-4,NA,NA,0,0,0,0,-1.264286275279e-4,0,-1.70806352847e-4,NA,0,106,0.42193707823753357,0.570704320253979,Point estimate,Reduced model (no Delta_Pi),No imputation required,NA,NA,NA,NA
GBD_UF,UF,Pseudomonas_alcaligenes,4406305,0.0292369683896144,0.0161100967817706,6.78573090151498e-5,2.31486472225594e-5,0.0352265673846908,0.0185706618130156,0,0.0478431372081532,0,2,0,4.538950435795979e-4,-0.0131268716078438,-4.470866179259039e-5,-0.0166559055716752,-0.0478431372081532,-4.538950435795979e-4,107,0.434576153755188,0.426224942871011,Point estimate,Reduced model (no Delta_Pi),No imputation required,NA,NA,NA,NA
GBD_UF,UF,Pseudomonas_mendocina,5372474,0.0011318807685248,4.387178048696e-4,0,0,0.0016755781414669,4.387178048696e-4,NA,NA,0,0,0,0,-6.931629636552001e-4,0,-0.0012368603365973,NA,0,108,0.4098350703716278,0.426180286207272,Point estimate,Reduced model (no Delta_Pi),No imputation required,NA,NA,NA,NA
GBD_UF,UF,Pseudomonas_putida,6156701,5.017297413013e-4,4.67945414273e-4,0,0,6.826708004822e-4,4.67945414273e-4,NA,NA,0,0,0,0,-3.378432702829998e-5,0,-2.147253862092e-4,NA,0,109,0.4330844581127167,0.491184284512267,Point estimate,Reduced model (no Delta_Pi),No imputation required,NA,NA,NA,NA
GBD_UF,UF,Ralstonia_solanacearum,5530249,2.330817292313e-4,1.952895791852e-4,0,0,3.540527741155e-4,2.743095292815e-4,NA,NA,0,0,0,0,-3.779215004609998e-5,0,-7.974324483399998e-5,NA,0,110,0.48917073011398315,0.466360664233204,Point estimate,Reduced model (no Delta_Pi),No imputation required,NA,NA,NA,NA
GBD_UF,UF,Shigella_sonnei,4994001,0.0604204925069097,0.0530650674679479,2.92350762444779e-5,0,0.0705632618015093,0.061647764988433,0.0043835615458553,NA,0,0,0,0,-0.007355425038961798,-2.92350762444779e-5,-0.008915496813076303,NA,0,111,0.5468299388885498,0.598909502196841,Point estimate,Reduced model (no Delta_Pi),No imputation required,NA,NA,NA,NA
GBD_UV_Cl,UV_Cl,Aeromonas_caviae,4586140,0.484677310330692,0.463915842080704,0.0162450339501192,0.0103636173339671,0.888592585485833,0.800804162105823,0.007372542540117,0.0078695168778146,655,468,0.1428216321350853,0.1020466012812518,-0.02076146824998798,-0.0058814166161521,-0.08778842338001003,-4.969743376976006e-4,0.04077503085383351,112,-0.21723215281963348,-0.295621534802281,Point estimate,Reduced model (no Delta_Pi),No imputation required,NA,NA,NA,NA
GBD_UV_Cl,UV_Cl,Bordetella_hinzii,5033537,0.0037623643175762,0.0030795442647982,0.0017228441948474,0.0015939090146749,0.0179029179680212,0.0172838701692269,0.0208717212699546,0.0197049664259402,266,242,0.05284554379951911,0.04807752481008881,-6.828200527780001e-4,-1.289351801724999e-4,-6.190477987942991e-4,0.001166754844014399,0.004768018989430294,113,-0.10066342353820801,-0.256432579430054,Point estimate,Reduced model (no Delta_Pi),No imputation required,NA,NA,NA,NA
GBD_UV_Cl,UV_Cl,Aliarcobacter_cryaerophilus,2108340,0.227420624756917,0.368705237295692,0.0093049508143847,0.069243101207585,0.425606401244581,1.04538831497766,0.0083576306762989,0.0084105458298483,213,1495,0.1010273485301232,0.7090886669133062,0.141284612538775,0.05993815039320031,0.6197819137330789,-5.291515354939949e-5,-0.608061318383183,114,0.5054367780685425,0.169554209855244,Point estimate,Reduced model (no Delta_Pi),No imputation required,NA,NA,NA,NA
GBD_UV_Cl,UV_Cl,Acinetobacter_lwoffii,3528101,0.0479872883457701,0.0319432465227043,0.0057535200948044,0.0055959282344807,0.147657904351377,0.117129866747012,0.005815917372122,0.0065745217127017,202,204,0.05725459673631792,0.05782147393172701,-0.0160440418230658,-1.575918603237006e-4,-0.030528037604365,-7.586043405796994e-4,-5.66877195409092e-4,115,-0.21447546780109406,-0.347030627013962,Point estimate,Reduced model (no Delta_Pi),No imputation required,NA,NA,NA,NA
GBD_UV_Cl,UV_Cl,Achromobacter_xylosoxidans,6901970,0.0179979049459791,0.0153380846338073,0.0047682038606368,0.0037319779715066,0.0611784751310132,0.0515510788948661,0.0045170385301095,0.0035545794834621,173,94,0.02506530744120881,0.01361929999695739,-0.002659820312171799,-0.0010362258891302,-0.009627396236147105,9.624590466473996e-4,0.01144600744425142,116,-0.07105177640914917,-0.306882626090294,Point estimate,Reduced model (no Delta_Pi),No imputation required,NA,NA,NA,NA
GBD_UV_Cl,UV_Cl,Escherichia_coli,10236257,0.0592563277768426,0.0589434204319019,5.835140715986e-4,6.111608960188e-4,0.0772650588979936,0.0777204011192762,0.008608332904523,0.0118266178480804,76,96,0.007424588890255491,0.009378428071901672,-3.129073449407022e-4,2.764682442019995e-5,4.553422212826008e-4,-0.003218284943557401,-0.00195383918164618,118,0.0054656872525811195,-0.177763375259449,Point estimate,Reduced model (no Delta_Pi),No imputation required,NA,NA,NA,NA
GBD_UV_Cl,UV_Cl,Cupriavidus_metallidurans,6901105,0.0028149115250383,0.0030125610318926,0.0012299479576096,0.0010699735766953,0.0972076210983603,0.0986831818962325,0.0066388972124661,0.009379050100095,74,111,0.0107229204598394,0.01608438068975911,1.976495068543001e-4,-1.599743809143001e-4,0.0014755607978722,-0.0027401528876289,-0.005361460229919703,119,0.1751834750175476,-0.247249538255513,Point estimate,Reduced model (no Delta_Pi),No imputation required,NA,NA,NA,NA
GBD_UV_Cl,UV_Cl,Pseudomonas_putida,6156701,0.0785154257125691,5.459092458769e-4,8.498057644832e-4,0,0.110600953335235,6.219239816908e-4,0.0111331441966583,NA,68,0,0.01104487614389589,0,-0.0779695164666922,-8.498057644832e-4,-0.1099790293535442,NA,0.01104487614389589,120,-0.5098012089729309,-0.51582339326751,Point estimate,Reduced model (no Delta_Pi),No imputation required,NA,NA,NA,NA
GBD_UV_Cl,UV_Cl,Klebsiella_pneumoniae,5682322,0.0772062899638562,0.090721891508436,0.0017418935428157,0.0016315513270806,0.117539273557535,0.130200998817032,0.0046862843247898,0.0043823918199705,56,34,0.009855126126256133,0.005983469433798367,0.0135156015445798,-1.103422157351e-4,0.01266172525949701,3.038925048193001e-4,0.003871656692457766,121,0.13927105069160461,-0.18725911871416,Point estimate,Reduced model (no Delta_Pi),No imputation required,NA,NA,NA,NA
GBD_UV_Cl,UV_Cl,Nocardia_brasiliensis,8935513,3.486089718631e-4,5.034965535834e-4,5.29348454867672e-5,6.88264904320546e-5,8.604989998895e-4,0.0011644546877163,0.0301544152783036,0.0039530262714478,25,1,0.002797824814311165,1.119129925724466e-4,1.548875817203e-4,1.58916449452874e-5,3.039556878268e-4,0.0262013890068558,0.002685911821738718,122,0.32339581847190857,-0.594918111940188,Point estimate,Reduced model (no Delta_Pi),No imputation required,NA,NA,NA,NA
GBD_UV_Cl,UV_Cl,Aeromonas_hydrophila,4744448,0.124947728376409,0.073867813494847,5.526459558625e-4,2.46604030648e-4,0.165155356323854,0.0927770733286569,0.0082271510776357,0.0063388568723303,24,7,0.005058544218421195,0.001475408730372848,-0.05107991488156199,-3.060419252145e-4,-0.07237828299519711,0.0018882942053054,0.003583135488048347,123,-0.2546119689941406,-0.329458945750232,Point estimate,Reduced model (no Delta_Pi),No imputation required,NA,NA,NA,NA
GBD_UV_Cl,UV_Cl,Nocardia_farcinica,6292344,0.001127401807657,0.0012661418383991,2.021504227995e-4,2.274192256494e-4,0.0036776438160405,0.0037858705754166,0.0126464251639707,0.0081130971365421,22,15,0.003496312344016793,0.002383849325465995,1.387400307421001e-4,2.526880284989998e-5,1.082267593761001e-4,0.004533328027428599,0.001112463018550798,124,0.22016681730747223,-0.570844388224825,Point estimate,Reduced model (no Delta_Pi),No imputation required,NA,NA,NA,NA
GBD_UV_Cl,UV_Cl,Shigella_boydii,4825405,0.0625810683248348,0.0728299489887377,8.799261409145e-4,8.681136609258e-4,0.0823342289403687,0.0954205916394582,0.0039479521103641,0.0040130119501306,21,18,0.004351966311636018,0.003730256838545159,0.01024888066390289,-1.181247998869998e-5,0.0130863626990895,-6.505983976650039e-5,6.217094730908593e-4,125,0.2544613480567932,-0.084141314866973,Point estimate,Reduced model (no Delta_Pi),No imputation required,NA,NA,NA,NA
GBD_UV_Cl,UV_Cl,Shigella_sonnei,4994001,0.0385244216010368,0.0456295463296863,6.12735159644539e-5,4.10492508912192e-5,0.0445218172763681,0.0518371942656798,0.0204284680045507,0,12,0,0.002402882978998202,0,0.007105124728649499,-2.02242650732347e-5,0.0073153769893117,0.0204284680045507,0.002402882978998202,126,0.20988193154335022,-0.400020431569873,Point estimate,Reduced model (no Delta_Pi),No imputation required,NA,NA,NA,NA
GBD_UV_Cl,UV_Cl,Pseudomonas_alcaligenes,4406305,0.0424305625688643,0.1548006776653,1.211899766357e-4,2.904928278909e-4,0.050879364910055,0.20031205284246,0.0125379923465993,0.0147309459978715,10,26,0.00226947521789799,0.005900635566534772,0.1123701150964357,1.693028512552e-4,0.149432687932405,-0.0021929536512722,-0.003631160348636782,127,0.3827764689922333,0.0812524849677061,Point estimate,Reduced model (no Delta_Pi),No imputation required,NA,NA,NA,NA
GBD_UV_Cl,UV_Cl,Staphylococcus_aureus,2821361,4.20010058975e-4,4.150479148184e-4,1.474465692266e-4,1.293701869416e-4,0.001850879770437,0.0014188187899386,0.009397806169895,0.0248715438254891,6,6,0.002126633210000422,0.002126633210000422,-4.962144156600025e-6,-1.8076382285e-5,-4.320609804983999e-4,-0.0154737376555941,0,128,0.3635405898094177,-0.015122176074761,Point estimate,Reduced model (no Delta_Pi),No imputation required,NA,NA,NA,NA
GBD_UV_Cl,UV_Cl,Laribacter_hongkongensis,3110307,0.0896281299563033,0.081031550904782,1.675075804413e-4,2.089825859633e-4,0.111817579422224,0.100762722136432,0.0079505221628641,0.002215384703416,5,3,0.001607558353564455,9.645350121386731e-4,-0.008596579051521308,4.147500552199998e-5,-0.011054857285792,0.005735137459448101,6.430233414257822e-4,129,-0.1424146145582199,-0.222548060599801,Point estimate,Reduced model (no Delta_Pi),No imputation required,NA,NA,NA,NA
GBD_UV_Cl,UV_Cl,Mycobacterium_kansasii,6577228,0.0051509541709667,0.0043501608884471,2.054056815424e-4,1.474785426321e-4,0.0104408726594242,0.0078492033421981,0.0018449087305301,0.0071273414744533,5,4,7.601986733620911e-4,6.081589386896729e-4,-8.007932825195999e-4,-5.79271389103e-5,-0.002591669317226099,-0.0052824327439232,1.520397346724183e-4,130,0.06080622225999832,-0.219664007629004,Point estimate,Reduced model (no Delta_Pi),No imputation required,NA,NA,NA,NA
GBD_UV_Cl,UV_Cl,Shigella_dysenteriae,5192674,0.0353295816375146,0.0404928173807945,6.430213027044e-4,6.141344517294e-4,0.046099369997038,0.0520600754062357,0.0022149647592463,0.0060334881296274,4,27,7.703160260012471e-4,0.005199633175508418,0.005163235743279898,-2.888685097499999e-5,0.0059607054091977,-0.0038185233703811,-0.004429317149507171,131,0.26868167519569397,0.106053905698287,Point estimate,Reduced model (no Delta_Pi),No imputation required,NA,NA,NA,NA
GBD_UV_Cl,UV_Cl,Mycobacterium_xenopi,5251936,8.922424035631e-4,0.0012762912571668,1.148148035314e-4,1.098642481553e-4,0.0022490753885804,0.0028376202604143,0.003410292007832,0.0036893511768849,2,3,3.808119520116011e-4,5.712179280174016e-4,3.840488536036999e-4,-4.950555376100006e-6,5.885448718338997e-4,-2.790591690529001e-4,-1.904059760058005e-4,133,0.18584853410720825,-0.305412692790709,Point estimate,Reduced model (no Delta_Pi),No imputation required,NA,NA,NA,NA
GBD_UV_Cl,UV_Cl,Bacteroides_fragilis,5241700,0.018011332201385,0.02991987332354,5.24638953011427e-5,2.291241391151e-4,0.0227899345632141,0.0391655378980101,0,0.0012674622988323,0,2,0,3.815556021901291e-4,0.011908541122155,1.766602438139573e-4,0.016375603334796,-0.0012674622988323,-3.815556021901291e-4,134,0.274034708738327,-0.0529174389877858,Point estimate,Reduced model (no Delta_Pi),No imputation required,NA,NA,NA,NA
GBD_UV_Cl,UV_Cl,Chryseobacterium_gleum,5643321,0.0113582055672537,0.0743099674819135,0,3.928537823738e-4,0.0148302745847702,0.101103587763304,NA,0.0049173057375052,0,9,0,0.001594805611801987,0.0629517619146598,3.928537823738e-4,0.0862733131785338,NA,-0.001594805611801987,135,0.7637942433357239,0.572981384662833,Point estimate,Reduced model (no Delta_Pi),No imputation required,NA,NA,NA,NA
GBD_UV_Cl,UV_Cl,Legionella_longbeachae,4149158,2.267930023392e-4,0.0019924524445682,0,0,2.267930023392e-4,0.0023431260029142,NA,NA,0,0,0,0,0.001765659442229,0,0.002116333000575,NA,0,136,0.10754203796386719,0.235630442573816,Point estimate,Reduced model (no Delta_Pi),No imputation required,NA,NA,NA,NA
GBD_UV_Cl,UV_Cl,Legionella_pneumophila,3409143,0.0020949546557595,0.0066374452465033,0,4.25326834339304e-5,0.0026255865477042,0.0101667779849657,NA,0,0,0,0,0,0.0045424905907438,4.25326834339304e-5,0.007541191437261499,NA,0,137,0.36348336935043335,0.174944119464921,Point estimate,Reduced model (no Delta_Pi),No imputation required,NA,NA,NA,NA
GBD_UV_Cl,UV_Cl,Pseudomonas_aeruginosa,6264404,5.911176865349e-4,4.316452131759e-4,0,0,6.528953113496e-4,5.259877875054e-4,NA,NA,0,0,0,0,-1.59472473359e-4,0,-1.269075238442e-4,NA,0,138,0.10925258696079254,-0.262113298599842,Point estimate,Reduced model (no Delta_Pi),No imputation required,NA,NA,NA,NA
GBD_UV_Cl,UV_Cl,Pseudomonas_mendocina,5372474,0.0027443594887568,0.0014306258159648,4.67196304719181e-5,0,0.0035043445533658,0.0016850709747501,0,NA,0,0,0,0,-0.001313733672792,-4.67196304719181e-5,-0.0018192735786157,NA,0,139,-0.06478331983089447,-0.306087389978073,Point estimate,Reduced model (no Delta_Pi),No imputation required,NA,NA,NA,NA
GBD_UV_Cl,UV_Cl,Ralstonia_solanacearum,5530249,4.489852084417e-4,6.504227928977e-4,0,8.1370657993824e-5,6.70675045554e-4,0.0012885495752541,NA,0.020258510377672,0,7,0,0.00126576579101592,2.01437584456e-4,8.1370657993824e-5,6.178745297000999e-4,NA,-0.00126576579101592,140,0.11041058599948883,-0.26980147477143,Point estimate,Reduced model (no Delta_Pi),No imputation required,NA,NA,NA,NA
HBZZ_Song_O3,O3,Cupriavidus_metallidurans,6901105,0.0037902625738921,0.0017840621175884,0.0015087438895655,8.743527304685e-4,0.400232426546183,0.0563840138644463,0.0067031844660404,0.005910546224679,139,60,0.02014170194483347,0.008694259832302218,-0.0020062004563037,-6.343911590969999e-4,-0.3438484126817367,7.926382413613996e-4,0.01144744211253126,142,0.08083102107048035,-0.177144165569531,Point estimate,Reduced model (no Delta_Pi),No imputation required,NA,NA,NA,NA
HBZZ_Song_O3,O3,Aliarcobacter_cryaerophilus,2108340,0.150709562973713,0.0687972528150108,0.0043157175787585,7.612624149804e-4,0.249306089150706,0.0959902103076354,0.0041941026695902,0.0055693844025751,31,16,0.01470351081893812,0.007588908809774515,-0.08191231015870219,-0.003554455163778099,-0.1533158788430706,-0.0013752817329849,0.007114602009163607,144,-0.003858479205518961,0.302421904667036,Point estimate,Reduced model (no Delta_Pi),No imputation required,NA,NA,NA,NA
HBZZ_Song_O3,O3,Klebsiella_pneumoniae,5682322,0.0133899486864699,0.0078249701442473,0.0015843875091907,8.82209772695e-4,0.0483050766922395,0.0168455782688837,0.0028037449511953,0.0018859495309068,28,3,0.004927563063128066,5.2795318533515e-4,-0.0055649785422226,-7.021777364957e-4,-0.0314594984233558,9.177954202885001e-4,0.004399609877792916,145,0.22771143913269043,0.0256076627031804,Point estimate,Reduced model (no Delta_Pi),No imputation required,NA,NA,NA,NA
HBZZ_Song_O3,O3,Acinetobacter_lwoffii,3528101,0.0036489885068482,0.0052308593206373,0.002190130044463,0.0015152627433284,0.0541945936354996,0.0249947492999774,0.0016430059904204,0.0012889149324571,17,6,0.00481845616097725,0.001700631586227265,0.0015818708137891,-6.748673011345999e-4,-0.0291998443355222,3.540910579633001e-4,0.003117824574749985,146,0.3835115432739258,0.179047214700831,Point estimate,Reduced model (no Delta_Pi),No imputation required,NA,NA,NA,NA
HBZZ_Song_O3,O3,Achromobacter_xylosoxidans,6901970,0.0047363289031971,0.0029703113748682,0.0011198252093242,6.656070658087e-4,0.0245768961615306,0.0140233875255904,0.0013567320216841,9.036845599353e-4,16,6,0.002318178722886364,8.693170210823867e-4,-0.0017660175283289,-4.542181435155e-4,-0.0105535086359402,4.530474617488e-4,0.001448861701803977,147,0.1570240557193756,-0.182096634665403,Point estimate,Reduced model (no Delta_Pi),No imputation required,NA,NA,NA,NA
HBZZ_Song_O3,O3,Aeromonas_hydrophila,4744448,0.407666603153833,0.393448932309933,0.0081096894728322,0.0063457329493336,0.681408880442993,0.633462101386715,5.186416990283e-4,7.499710765248e-4,13,24,0.002740044784978147,0.005058544218421195,-0.01421767084390002,-0.0017639565234986,-0.04794677905627798,-2.313293774965e-4,-0.002318499433443048,148,0.05796036496758461,0.231424814561308,Point estimate,Reduced model (no Delta_Pi),No imputation required,NA,NA,NA,NA
HBZZ_Song_O3,O3,Ralstonia_solanacearum,5530249,2.712355266462e-4,3.146332109096e-4,2.567696318918e-5,0,5.260160980092e-4,4.157136505065e-4,0.0312676060367638,NA,9,0,0.001627413159877611,0,4.339768426339999e-5,-2.567696318918e-5,-1.103024475026999e-4,NA,0.001627413159877611,151,0.4013945758342743,-0.234272968548807,Point estimate,Reduced model (no Delta_Pi),No imputation required,NA,NA,NA,NA
HBZZ_Song_O3,O3,Chryseobacterium_gleum,5643321,0.119200378642292,0.0234330104560771,0.0010669249542955,4.83757702246602e-5,0.165467284246279,0.0300767934342207,5.721471531805e-4,0.0011721611459613,4,0,7.088024941342163e-4,0,-0.0957673681862149,-0.00101854918407084,-0.1353904908120583,-6.000139927808e-4,7.088024941342163e-4,152,-0.2169661819934845,0.191449237738158,Point estimate,Reduced model (no Delta_Pi),No imputation required,NA,NA,NA,NA
HBZZ_Song_O3,O3,Escherichia_coli,10236257,0.0234416740415954,0.0090090547746114,5.68567201858934e-5,2.85260520520342e-5,0.0287666673472539,0.0106618073383659,0.0062765134978539,8.386916493716e-4,4,0,3.907678363292364e-4,0,-0.014432619266984,-2.83306681338592e-5,-0.018104860008888,0.0054378218484823,3.907678363292364e-4,153,-0.12469000369310379,0.152693599957915,Point estimate,Reduced model (no Delta_Pi),No imputation required,NA,NA,NA,NA
HBZZ_Song_O3,O3,Aeromonas_caviae,4586140,0.0233529722162864,0.016012594469423,3.399372893108e-4,8.3076399761019e-5,0.0316675897377751,0.0208901167430562,6.326643452574e-4,0,1,0,2.180482933360081e-4,0,-0.007340377746863403,-2.56860889549781e-4,-0.0107774729947189,6.326643452574e-4,2.180482933360081e-4,154,0.11315810680389404,0.0976778715345826,Point estimate,Reduced model (no Delta_Pi),No imputation required,NA,NA,NA,NA
HBZZ_Song_O3,O3,Bordetella_hinzii,5033537,0.0011455165622106,5.870623380736e-4,4.13228312417292e-5,0,0.0017393335938525,7.285135680933e-4,0.0023076923993917,NA,1,0,1.98667457892929e-4,0,-5.58454224137e-4,-4.13228312417292e-5,-0.0010108200257592,NA,1.98667457892929e-4,155,0.3146060109138489,-0.216591621202493,Point estimate,Reduced model (no Delta_Pi),No imputation required,NA,NA,NA,NA
HBZZ_Song_O3,O3,Bacteroides_fragilis,5241700,0.003652441001965,0.0012226949272181,6.35290077646564e-5,0,0.0045800026708891,0.0018417688917717,0,NA,0,0,0,0,-0.0024297460747469,-6.35290077646564e-5,-0.0027382337791174,NA,0,156,0.1531158983707428,0.0268070170006114,Point estimate,Reduced model (no Delta_Pi),No imputation required,NA,NA,NA,NA
HBZZ_Song_O3,O3,Laribacter_hongkongensis,3110307,0.0190900769602485,0.0073340027206317,0,0,0.0230379187649321,0.0085255249722936,NA,NA,0,0,0,0,-0.0117560742396168,0,-0.0145123937926385,NA,0,158,-0.09927887469530106,-0.402802957920456,Point estimate,Reduced model (no Delta_Pi),No imputation required,NA,NA,NA,NA
HBZZ_Song_O3,O3,Legionella_longbeachae,4149158,0.0012122941570312,6.905015427226e-4,7.06167371789649e-5,0,0.0021698378321576,9.989978689651e-4,0,NA,0,0,0,0,-5.217926143086e-4,-7.06167371789649e-5,-0.0011708399631925,NA,0,159,0.19943664968013763,0.360911821537575,Point estimate,Reduced model (no Delta_Pi),No imputation required,NA,NA,NA,NA
HBZZ_Song_O3,O3,Legionella_pneumophila,3409143,0.0018995976408147,0.0024610290621425,0,0,0.0023475107967016,0.0029033689698554,NA,NA,0,0,0,0,5.614314213277999e-4,0,5.558581731538001e-4,NA,0,160,0.3811141848564148,0.369327478156221,Point estimate,Reduced model (no Delta_Pi),No imputation required,NA,NA,NA,NA
HBZZ_Song_O3,O3,Mycobacterium_kansasii,6577228,1.50823416795e-4,1.588815227326e-4,6.00556951956052e-5,4.83486356258289e-5,4.68738501995e-4,9.548095337427e-4,0.0058869657637198,0.0018428783371763,0,1,0,1.520397346724182e-4,8.058105937599997e-6,-1.17070595697763e-5,4.860710317477e-4,0.0040440874265435,-1.520397346724182e-4,161,0.34279483556747437,0.273980357228435,Point estimate,Reduced model (no Delta_Pi),No imputation required,NA,NA,NA,NA
HBZZ_Song_O3,O3,Mycobacterium_xenopi,5251936,1.56132900324756e-5,3.37018577530262e-5,0,0,1.56132900324756e-5,3.37018577530262e-5,NA,NA,0,0,0,0,1.80885677205506e-5,0,1.80885677205506e-5,NA,0,162,0.2593814432621002,0.286155966159656,Point estimate,Reduced model (no Delta_Pi),No imputation required,NA,NA,NA,NA
HBZZ_Song_O3,O3,Nocardia_brasiliensis,8935513,1.301548103617e-4,1.273569855474e-4,3.62598095934727e-5,3.74908525117696e-5,3.618147049867e-4,6.336513639451e-4,0,3.714758958389e-4,0,0,0,0,-2.797824814299997e-6,1.231042918296903e-6,2.718366589584e-4,-3.714758958389e-4,0,163,0.34279483556747437,0.120197569996167,Point estimate,Reduced model (no Delta_Pi),No imputation required,NA,NA,NA,NA
HBZZ_Song_O3,O3,Nocardia_farcinica,6292344,2.809763738281e-4,2.25512146189e-4,0,0,4.532492184152e-4,3.420029165601e-4,NA,NA,0,0,0,0,-5.546422763909998e-5,0,-1.112463018551e-4,NA,0,164,0.2470046579837799,0.123097775045624,Point estimate,Reduced model (no Delta_Pi),No imputation required,NA,NA,NA,NA
HBZZ_Song_O3,O3,Pseudomonas_aeruginosa,6264404,2.820699303557e-4,1.179681259382e-4,0,0,2.820699303557e-4,1.648999649447e-4,NA,NA,0,0,0,0,-1.641018044175e-4,0,-1.17169965411e-4,NA,0,165,0.2388705015182495,-0.13716440905070101,Point estimate,Reduced model (no Delta_Pi),No imputation required,NA,NA,NA,NA
HBZZ_Song_O3,O3,Pseudomonas_alcaligenes,4406305,0.0029587148415736,0.001457456984934,0,0,0.0036091464390231,0.0018868416961603,NA,NA,0,0,0,0,-0.0015012578566396,0,-0.0017223047428628,NA,0,166,0.12538135051727295,0.0442406600577544,Point estimate,Reduced model (no Delta_Pi),No imputation required,NA,NA,NA,NA
HBZZ_Song_O3,O3,Pseudomonas_mendocina,5372474,0.0065478213575346,0.0025721855517587,0,0,0.0086355001438815,0.0029613917163674,NA,NA,0,0,0,0,-0.003975635805775899,0,-0.005674108427514099,NA,0,167,0.14818167686462402,0.0788255307257662,Point estimate,Reduced model (no Delta_Pi),No imputation required,NA,NA,NA,NA
HBZZ_Song_O3,O3,Pseudomonas_putida,6156701,1.093117888946e-4,4.36922306280587e-5,0,0,1.093117888946e-4,4.36922306280587e-5,NA,NA,0,0,0,0,-6.561955826654131e-5,0,-6.561955826654131e-5,NA,0,168,0.035108670592308044,-0.0314605682944755,Point estimate,Reduced model (no Delta_Pi),No imputation required,NA,NA,NA,NA
HBZZ_West_Cl,Cl,Pseudomonas_alcaligenes,4406305,0.394345602494607,0.496418200737352,0.0097512541687422,0.0159174183357711,0.678625061133988,0.907190718754148,0.0058970783933832,0.0087263771303892,364,792,0.0826088979314868,0.1797424372575208,0.102072598242745,0.006166164167028901,0.22856565762016,-0.002829298737006,-0.09713353932603395,171,0.028378058224916458,0.451722081148986,Point estimate,Reduced model (no Delta_Pi),No imputation required,NA,NA,NA,NA
HBZZ_West_Cl,Cl,Pseudomonas_putida,6156701,0.0089065556375078,0.0076539367430706,0.0045358707528593,4.09310115920847e-5,0.221105588853511,0.0104084963684284,0.0032766885409286,0.0017636683252122,189,1,0.03069825869406359,1.624246491749396e-4,-0.0012526188944372,-0.004494939741267215,-0.2106970924850826,0.0015130202157164,0.03053583404488865,172,0.29045751690864563,0.340971076263739,Point estimate,Reduced model (no Delta_Pi),No imputation required,NA,NA,NA,NA
HBZZ_West_Cl,Cl,Cupriavidus_metallidurans,6901105,0.0018084060451188,0.0035574013147169,0.0012022712304768,0.0016403170216943,9.53634917886338,1.55158557941083,0.0038652235921123,0.0143761398224653,86,351,0.01246177242629985,0.05086142001896798,0.0017489952695981,4.380457912175001e-4,-7.984763599452551,-0.010510916230353,-0.03839964759266813,174,0.2504301071166992,0.458016052268938,Point estimate,Reduced model (no Delta_Pi),No imputation required,NA,NA,NA,NA
HBZZ_West_Cl,Cl,Achromobacter_xylosoxidans,6901970,0.0031118651631345,0.0156575586390551,0.0021057755974018,0.0057461855093545,0.558354498788027,0.0929001430026498,0.0018669497290914,0.0133010865888448,50,1071,0.007244308509019889,0.155173088263206,0.0125456934759206,0.0036404099119527,-0.4654543557853772,-0.0114341368597534,-0.1479287797541861,175,0.27517423033714294,0.498099959668534,Point estimate,Reduced model (no Delta_Pi),No imputation required,NA,NA,NA,NA
HBZZ_West_Cl,Cl,Klebsiella_pneumoniae,5682322,0.0017394297612842,0.007364594966635,7.532132110781e-4,0.0057629609867233,0.166317396303834,0.187115056133742,0.005808751069218,0.0059204910931216,47,438,0.008271266570250683,0.0770811650589319,0.0056251652053508,0.0050097477756452,0.020797659829908,-1.117400239035995e-4,-0.06880989848868121,176,0.5156688094139099,0.335922359784793,Point estimate,Reduced model (no Delta_Pi),No imputation required,NA,NA,NA,NA
HBZZ_West_Cl,Cl,Pseudomonas_mendocina,5372474,0.0037640014637576,4.437434224902e-4,0.0011344866443281,4.03910749498275e-5,0.047231685067252,8.858116391069e-4,0.0030739207948398,0.0350568964734056,35,15,0.006514689508036707,0.002792009789158589,-0.0033202580412674,-0.001094095569378273,-0.0463458734281451,-0.0319829756785658,0.003722679718878118,177,-0.0225999616086483,0.0860897808880062,Point estimate,Reduced model (no Delta_Pi),No imputation required,NA,NA,NA,NA
HBZZ_West_Cl,Cl,Pseudomonas_aeruginosa,6264404,0.0011595676140938,2.700975224458e-4,2.099162186857e-4,0,0.0043672151412967,3.406549130611e-4,0.0069915126031794,NA,14,0,0.002234849476502473,0,-8.894700916479999e-4,-2.099162186857e-4,-0.0040265602282356,NA,0.002234849476502473,178,0.4512857496738434,0.222148251658804,Point estimate,Reduced model (no Delta_Pi),No imputation required,NA,NA,NA,NA
HBZZ_West_Cl,Cl,Acinetobacter_lwoffii,3528101,9.917516533681e-4,0.0473458667991647,2.94776141612717e-5,0.0084351326676871,0.0018633253413096,0.34504227628404,0.0149786323308944,0.0040988397243762,0,240,0,0.0680252634490906,0.0463541151457966,0.008405655053525828,0.3431789509427304,0.0108797926065182,-0.0680252634490906,181,0.8767342567443848,-0.498096342939259,Point estimate,Reduced model (no Delta_Pi),No imputation required,NA,NA,NA,NA
HBZZ_West_Cl,Cl,Aeromonas_caviae,4586140,6.292873745677e-4,0.0182691762571574,0,1.09024146668e-4,7.461612597958e-4,0.0238065126664253,NA,0,0,0,0,0,0.0176398888825897,1.09024146668e-4,0.0230603514066295,NA,0,182,0.31913015246391296,0.530150675563233,Point estimate,Reduced model (no Delta_Pi),No imputation required,NA,NA,NA,NA
HBZZ_West_Cl,Cl,Aeromonas_hydrophila,4744448,0.0012781255058544,0.0049776075109264,0,0,0.0013341910376085,0.0061783794447741,NA,NA,0,0,0,0,0.003699482005072001,0,0.0048441884071656,NA,0,183,0.4388236701488495,0.627072520126141,Point estimate,Reduced model (no Delta_Pi),No imputation required,NA,NA,NA,NA
HBZZ_West_Cl,Cl,Aliarcobacter_cryaerophilus,2108340,3.068764999952e-4,0.0139948964588253,0,0,3.068764999952e-4,0.0183039737423754,NA,NA,0,0,0,0,0.0136880199588301,0,0.0179970972423802,NA,0,184,0.3645615577697754,0.657032004590276,Point estimate,Reduced model (no Delta_Pi),No imputation required,NA,NA,NA,NA
HBZZ_West_Cl,Cl,Bordetella_hinzii,5033537,2.703864101922e-4,0.0033519173495694,0,8.487073801185e-4,3.427013648653e-4,0.01127378223305,NA,0.016443227630541,0,104,0,0.02066141562086461,0.0030815309393772,8.487073801185e-4,0.0109310808681847,NA,-0.02066141562086461,185,0.258991003036499,0.394962939090468,Point estimate,Reduced model (no Delta_Pi),No imputation required,NA,NA,NA,NA
HBZZ_West_Cl,Cl,Chryseobacterium_gleum,5643321,5.19197826953313e-5,0.0050723678486479,0,0.0012412903678525,5.19197826953313e-5,0.0268489068759334,NA,0.0083497523155321,0,123,0,0.02179567669462715,0.005020448065952568,0.0012412903678525,0.02679698709323807,NA,-0.02179567669462715,186,0.4941687285900116,-0.185868814901772,Point estimate,Reduced model (no Delta_Pi),No imputation required,NA,NA,NA,NA
HBZZ_West_Cl,Cl,Escherichia_coli,10236257,2.92098957656104e-5,1.43607179850994e-5,0,0,5.64659523495534e-5,3.48760293923843e-5,NA,NA,0,0,0,0,-1.4849177780511e-5,0,-2.15899229571691e-5,NA,0,188,0.19783402979373932,0.399692565559812,Point estimate,Reduced model (no Delta_Pi),No imputation required,NA,NA,NA,NA
HBZZ_West_Cl,Cl,Laribacter_hongkongensis,3110307,1.520750202471e-4,3.822773764776e-4,0,4.9191285619072e-5,2.414552647053e-4,6.398082247186e-4,NA,0.0099346403982124,0,0,0,0,2.302023562305e-4,4.9191285619072e-5,3.983529600133e-4,NA,0,189,0.48539048433303833,-0.322703333684996,Point estimate,Reduced model (no Delta_Pi),No imputation required,NA,NA,NA,NA
HBZZ_West_Cl,Cl,Ralstonia_solanacearum,5530249,1.446589475446e-4,0.0013180238358164,2.62194342424726e-5,2.74490352966e-4,3.833462109933e-4,0.0039311068995265,0,0.0278511068566514,0,66,0,0.01193436317243582,0.0011733648882718,2.482709187235274e-4,0.003547760688533201,-0.0278511068566514,-0.01193436317243582,190,0.27428102493286133,0.36960703526513,Point estimate,Reduced model (no Delta_Pi),No imputation required,NA,NA,NA,NA
HBZZ_West_Cl,Cl,Shigella_sonnei,4994001,2.360832526865e-4,4.635561746983e-4,0,3.225870399305e-4,3.171805532277e-4,0.0054767710298816,NA,0.0088042820336136,0,31,0,0.006207447695745355,2.274729220118e-4,3.225870399305e-4,0.0051595904766539,NA,-0.006207447695745355,191,0.3399643898010254,1.16107882118068,Point estimate,Reduced model (no Delta_Pi),No imputation required,NA,NA,NA,NA
JXQ_Cl,Cl,Aliarcobacter_cryaerophilus,2108340,0.412411186051585,0.353040306591915,0.110359809138943,0.0531389624064429,1.4078455087889,0.919498278266314,0.0092189552039525,0.008338002728273,2863,1148,1.357940370149027,0.5445042071013214,-0.05937087945967001,-0.0572208467325001,-0.4883472305225859,8.809524756795001e-4,0.8134361630477059,192,-0.4911923110485077,-0.1252200186754,Point estimate,Reduced model (no Delta_Pi),No imputation required,NA,NA,NA,NA
JXQ_Cl,Cl,Escherichia_coli,10236257,0.057399399018606,0.0424575115689259,2.908289621879e-4,1.700817007622e-4,0.0710941509186414,0.0517487007213671,0.0138640889073924,0.011217411481259,48,28,0.004689214035950836,0.002735374854304654,-0.0149418874496801,-1.207472614257e-4,-0.01934545019727429,0.002646677426133399,0.001953839181646181,193,0.05600854009389877,0.0673672921948384,Point estimate,Reduced model (no Delta_Pi),No imputation required,NA,NA,NA,NA
JXQ_Cl,Cl,Klebsiella_pneumoniae,5682322,0.0531682294667566,0.0311788033131525,0.0011481221937087,6.314320096607e-4,0.0738097911382001,0.0425053349669378,0.0038965532452244,0.0049909630181915,39,7,0.006863391409356949,0.001231890765782017,-0.0219894261536041,-5.16690184048e-4,-0.0313044561712623,-0.0010944097729671,0.005631500643574932,194,-0.009470918215811253,1.66057243015734e-4,Point estimate,Reduced model (no Delta_Pi),No imputation required,NA,NA,NA,NA
JXQ_Cl,Cl,Acinetobacter_lwoffii,3528101,0.0170828442836528,0.0193285282932659,0.002732064643274,0.0023511231679591,0.0476290219582715,0.0468138525512733,0.0030981229850272,0.0043593341072613,37,53,0.01048722811506814,0.01502224567834084,0.0022456840096131,-3.809414753148999e-4,-8.151694069981966e-4,-0.0012612111222341,-0.004535017563272707,195,0.3767881989479065,0.329818647639967,Point estimate,Reduced model (no Delta_Pi),No imputation required,NA,NA,NA,NA
JXQ_Cl,Cl,Aeromonas_caviae,4586140,0.201196867082121,0.219499622776452,0.0010405264557994,7.616426886226e-4,0.273933198724853,0.299070896222095,0.0053489269674673,0.0044979885318645,33,15,0.007195593680088266,0.003270724400040121,0.01830275569433099,-2.788837671767999e-4,0.02513769749724198,8.509384356028002e-4,0.003924869280048145,197,0.21008504927158356,0.241404013962203,Point estimate,Reduced model (no Delta_Pi),No imputation required,NA,NA,NA,NA
JXQ_Cl,Cl,Cupriavidus_metallidurans,6901105,0.0021503802651893,0.0017301577066281,5.916443815881e-4,5.126715214447e-4,0.044487078518585,0.0276260106171402,0.0052679878530215,0.0030752117937738,26,10,0.003767512593997628,0.001449043305383703,-4.202225585612002e-4,-7.897286014339993e-5,-0.0168610679014448,0.0021927760592477,0.002318469288613925,198,0.1513378918170929,0.174115265007814,Point estimate,Reduced model (no Delta_Pi),No imputation required,NA,NA,NA,NA
JXQ_Cl,Cl,Shigella_boydii,4825405,0.0691071526638696,0.0527029337433852,4.341604487084e-4,2.598745597519e-4,0.0872534015279546,0.0653165900064346,0.0072024730623193,0.0049460953787753,24,9,0.004973675784726878,0.001865128419272579,-0.0164042189204844,-1.742858889565e-4,-0.02193681152152001,0.002256377683544,0.003108547365454298,199,0.029310058802366257,-0.142494063441341,Point estimate,Reduced model (no Delta_Pi),No imputation required,NA,NA,NA,NA
JXQ_Cl,Cl,Bacteroides_fragilis,5241700,0.083160997386344,0.0494173645954556,9.019974435773e-4,3.89186714233928e-5,0.110173607798996,0.0603632409332849,0.0028229415694065,0,17,0,0.003243222618616098,0,-0.0337436327908884,-8.630787721539072e-4,-0.0498103668657111,0.0028229415694065,0.003243222618616098,200,0.03472195193171501,-0.0517881507938518,Point estimate,Reduced model (no Delta_Pi),No imputation required,NA,NA,NA,NA
JXQ_Cl,Cl,Achromobacter_xylosoxidans,6901970,0.0048013827936081,0.0031615611195064,1.048975872105e-4,2.83976893553579e-5,0.0077976287929387,0.0049028031127344,0.0040883978427443,0.0176303858051494,6,4,8.693170210823867e-4,5.79544680721591e-4,-0.0016398216741017,-7.64998978551421e-5,-0.0028948256802043,-0.0135419879624051,2.897723403607956e-4,202,0.09446735680103302,0.108492842608694,Point estimate,Reduced model (no Delta_Pi),No imputation required,NA,NA,NA,NA
JXQ_Cl,Cl,Legionella_longbeachae,4149158,8.15105136994e-4,8.254686854537e-4,2.53063392620864e-5,0,0.0012407336621067,0.0010122535704833,0.023047619774228,NA,5,0,0.001205063774385068,0,1.036354845969996e-5,-2.53063392620864e-5,-2.284800916233999e-4,NA,0.001205063774385068,203,0.31445276737213135,0.184811160404028,Point estimate,Reduced model (no Delta_Pi),No imputation required,NA,NA,NA,NA
JXQ_Cl,Cl,Staphylococcus_aureus,2821361,3.8704724422e-4,3.161594705533e-4,1.13774876735e-4,2.58740373883384e-5,0.0013305635117235,8.212348579284e-4,0.011423617879921,0.0087671230917107,3,0,0.001063316605000211,0,-7.088777366670004e-5,-8.79008393466616e-5,-5.093286537951001e-4,0.0026564947882103,0.001063316605000211,204,0.2635592222213745,0.199020051187768,Point estimate,Reduced model (no Delta_Pi),No imputation required,NA,NA,NA,NA
JXQ_Cl,Cl,Bordetella_hinzii,5033537,0.0013741828062453,9.879732681015e-4,5.20508739679473e-5,2.18534203682221e-6,0.0022383862480796,0.001528746088486,0.0153944021417894,0.0872727253220297,2,0,3.973349157858579e-4,0,-3.862095381437999e-4,-4.986553193112509e-5,-7.096401595935999e-4,-0.0718783231802403,3.973349157858579e-4,205,0.1452038288116455,0.198799899826377,Point estimate,Reduced model (no Delta_Pi),No imputation required,NA,NA,NA,NA
JXQ_Cl,Cl,Laribacter_hongkongensis,3110307,0.0640026852654737,0.045894826459253,3.9867447168398e-5,1.25389551578025e-5,0.0757159984528858,0.0557546248650052,0.0080645161290322,0,2,0,6.43023341425782e-4,0,-0.0181078588062207,-2.73284920105955e-5,-0.0199613735878806,0.0080645161290322,6.43023341425782e-4,206,0.05600854009389877,0.106103162485845,Point estimate,Reduced model (no Delta_Pi),No imputation required,NA,NA,NA,NA
JXQ_Cl,Cl,Shigella_dysenteriae,5192674,0.0371506087229815,0.0286921535994749,3.219920988685e-4,1.771726859802e-4,0.0462430339358872,0.0355658760784905,0.0046020065697186,0.0053913045188654,2,9,3.851580130006236e-4,0.001733211058502806,-0.008458455123506604,-1.448194128883e-4,-0.01067715785739669,-7.892979491467998e-4,-0.001348053045502182,207,0.06454698741436005,-0.0824961337660555,Point estimate,Reduced model (no Delta_Pi),No imputation required,NA,NA,NA,NA
JXQ_Cl,Cl,Aeromonas_hydrophila,4744448,0.0547170081746074,0.0445305755274375,6.61826201910106e-5,0,0.065553885299196,0.0527886489640101,0,NA,0,0,0,0,-0.0101864326471699,-6.61826201910106e-5,-0.01276523633518589,NA,0,208,0.023066608235239983,0.128136451167224,Point estimate,Reduced model (no Delta_Pi),No imputation required,NA,NA,NA,NA
JXQ_Cl,Cl,Chryseobacterium_gleum,5643321,0.0036987086150158,0.0082416010005456,0,2.37448835534962e-5,0.0044730753398575,0.0102987230391466,NA,0.0322388063615827,0,6,0,0.001063203741201324,0.004542892385529799,2.37448835534962e-5,0.0058256476992891,NA,-0.001063203741201324,209,0.4833844006061554,0.431384525613017,Point estimate,Reduced model (no Delta_Pi),No imputation required,NA,NA,NA,NA
JXQ_Cl,Cl,Legionella_pneumophila,3409143,2.141300614259e-4,3.238350518003e-4,0,0,2.141300614259e-4,3.238350518003e-4,NA,NA,0,0,0,0,1.097049903744e-4,0,1.097049903744e-4,NA,0,210,0.48574376106262207,0.183243860495378,Point estimate,Reduced model (no Delta_Pi),No imputation required,NA,NA,NA,NA
JXQ_Cl,Cl,Mycobacterium_kansasii,6577228,1.027788606385e-4,8.11892183150713e-5,0,0,1.027788606385e-4,8.11892183150713e-5,NA,NA,0,0,0,0,-2.15896423234287e-5,0,-2.15896423234287e-5,NA,0,211,0.29080653190612793,0.342207606402825,Point estimate,Reduced model (no Delta_Pi),No imputation required,NA,NA,NA,NA
JXQ_Cl,Cl,Mycobacterium_xenopi,5251936,9.65358298349153e-5,7.59719844263076e-5,0,0,1.500399090925e-4,7.59719844263076e-5,NA,NA,0,0,0,0,-2.05638454086077e-5,0,-7.406792466619239e-5,NA,0,212,0.29080653190612793,0.273701912070649,Point estimate,Reduced model (no Delta_Pi),No imputation required,NA,NA,NA,NA
JXQ_Cl,Cl,Nocardia_farcinica,6292344,1.01234134688e-4,1.23006625194e-4,0,0,1.373097211467e-4,1.23006625194e-4,NA,NA,0,0,0,0,2.1772490506e-5,0,-1.430309595270001e-5,NA,0,213,0.29080653190612793,0.436877489044083,Point estimate,Reduced model (no Delta_Pi),No imputation required,NA,NA,NA,NA
JXQ_Cl,Cl,Pseudomonas_aeruginosa,6264404,6.768401271693e-4,4.634120021632e-4,0,0,7.884229688889e-4,6.402843750179e-4,NA,NA,0,0,0,0,-2.134281250061e-4,0,-1.48138593871e-4,NA,0,214,0.09112302958965302,0.207421419146251,Point estimate,Reduced model (no Delta_Pi),No imputation required,NA,NA,NA,NA
JXQ_Cl,Cl,Pseudomonas_alcaligenes,4406305,0.0204009935762503,0.0088325706005371,0,0,0.0239429635488237,0.0101538590723973,NA,NA,0,0,0,0,-0.0115684229757132,0,-0.0137891044764264,NA,0,215,-0.07531064748764038,-0.0223901898111659,Point estimate,Reduced model (no Delta_Pi),No imputation required,NA,NA,NA,NA
JXQ_Cl,Cl,Pseudomonas_mendocina,5372474,1.643563095884e-4,5.45372578815644e-5,0,0,2.816207207331e-4,5.45372578815644e-5,NA,NA,0,0,0,0,-1.098190517068356e-4,0,-2.270834628515356e-4,NA,0,216,-0.07174523174762726,0.106637070904687,Point estimate,Reduced model (no Delta_Pi),No imputation required,NA,NA,NA,NA
JXQ_Cl,Cl,Pseudomonas_putida,6156701,3.337826540545e-4,2.379521110412e-4,0,0,4.629102501485e-4,2.792079719317e-4,NA,NA,0,0,0,0,-9.583054301329997e-5,0,-1.837022782168e-4,NA,0,217,0.232352614402771,0.143367340895916,Point estimate,Reduced model (no Delta_Pi),No imputation required,NA,NA,NA,NA
JXQ_Cl,Cl,Ralstonia_solanacearum,5530249,3.01794729315e-4,2.054157055133e-4,0,0,3.399485267299e-4,2.054157055133e-4,NA,NA,0,0,0,0,-9.637902380170004e-5,0,-1.345328212166e-4,NA,0,218,0.232352614402771,0.0869540703876903,Point estimate,Reduced model (no Delta_Pi),No imputation required,NA,NA,NA,NA
JXQ_Cl,Cl,Shigella_sonnei,4994001,0.0425915012832396,0.0323492125852597,0,1.0612733157242e-5,0.0494475271430661,0.0372192556629443,NA,0.0060377357141027,0,0,0,0,-0.01024228869797991,1.0612733157242e-5,-0.0122282714801218,NA,0,219,0.023066608235239983,-0.142494063441341,Point estimate,Reduced model (no Delta_Pi),No imputation required,NA,NA,NA,NA
JXQ_O3,O3,Aliarcobacter_cryaerophilus,2108340,0.275668535435461,0.264689281614919,0.0173733837995768,0.0173477712323439,0.556380849388618,0.545954162990788,0.0086099579960815,0.0072439690949731,376,322,0.1783393570297011,0.1527267897967121,-0.01097925382054199,-2.561256723290078e-5,-0.01042668639782995,0.0013659889011084,0.02561256723298899,220,0.07076595723628998,0.430593407949759,Point estimate,Reduced model (no Delta_Pi),No imputation required,NA,NA,NA,NA
JXQ_O3,O3,Acinetobacter_lwoffii,3528101,0.0207423200186162,0.0183534995171623,0.0024225496945806998,0.0022989704659815,0.0476905281339734,0.047373360343142,0.0030963091846374,0.0038090806870994,26,33,0.007369403540318149,0.009353473724249958,-0.002388820501453899,-1.235792285991999e-4,-3.171677908314005e-4,-7.127715024619996e-4,-0.001984070183931809,221,0.15774784982204437,0.298112900570108,Point estimate,Reduced model (no Delta_Pi),No imputation required,NA,NA,NA,NA
JXQ_O3,O3,Achromobacter_xylosoxidans,6901970,0.0072240244451945,0.0078731144876027,0.001093166154011,0.0018047021357669,0.0180052941406583,0.0238549283755217,0.0033264733925016,0.0049887733078186,24,68,0.003477268084329547,0.009852259572267048,6.490900424082e-4,7.115359817559e-4,0.005849634234863402,-0.001662299915317,-0.006374991487937501,222,0.5467959046363831,0.43764756342923,Point estimate,Reduced model (no Delta_Pi),No imputation required,NA,NA,NA,NA
JXQ_O3,O3,Cupriavidus_metallidurans,6901105,0.0021115459046051,0.0022018213025305,5.415074832218e-4,6.032367280312e-4,0.0549297540031632,0.0645508219335889,0.0029230528347371,0.0041124533782233,13,17,0.001883756296998814,0.002463373619152295,9.02753979254e-5,6.172924480940002e-5,0.009621067930425692,-0.0011894005434862,-5.796173221534816e-4,224,0.3426721692085266,0.392823379360403,Point estimate,Reduced model (no Delta_Pi),No imputation required,NA,NA,NA,NA
JXQ_O3,O3,Bordetella_hinzii,5033537,0.0016771506795321,0.0020087266667554,9.65523845359634e-5,3.083318946498e-4,0.0031071590414454,0.0051661485750477,0.0168031864941365,0.0199583696067026,11,36,0.002185342036822219,0.007152028484145443,3.315759872233003e-4,2.117795101138366e-4,0.0020589895336023,-0.003155183112566101,-0.004966686447323224,225,0.3417014479637146,0.327060481434102,Point estimate,Reduced model (no Delta_Pi),No imputation required,NA,NA,NA,NA
JXQ_O3,O3,Escherichia_coli,10236257,0.0348826724456018,0.0397318082185704,1.231895604027e-4,1.497617732731e-4,0.0414334067618661,0.0471903939105866,0.0064694107193308,0.0090726817735098,11,11,0.0010746115499054,0.0010746115499054,0.004849135772968596,2.657221287040001e-5,0.005756987148720506,-0.002603271054179001,0,226,0.3559415638446808,0.230128591586561,Point estimate,Reduced model (no Delta_Pi),No imputation required,NA,NA,NA,NA
JXQ_O3,O3,Aeromonas_caviae,4586140,0.1668804266769,0.155862664462925,4.489614359788e-4,3.035232243237e-4,0.212869646369277,0.200039466741093,0.0033783434721496,0.0030172413707464,7,3,0.001526338053352056,6.541448800080241e-4,-0.01101776221397502,-1.454382116551e-4,-0.012830179628184,3.611021014031999e-4,8.721931733440323e-4,227,0.03535246104001999,0.348112815172126,Point estimate,Reduced model (no Delta_Pi),No imputation required,NA,NA,NA,NA
JXQ_O3,O3,Klebsiella_pneumoniae,5682322,0.0277617143132683,0.0387793933536324,6.205209771639e-4,0.0011380910831873,0.0377319342339275,0.0577022914224149,0.0029401814842926,0.0039481364982057,4,22,7.039375804468666e-4,0.003871656692457766,0.0110176790403641,5.175701060234001e-4,0.0199703571884874,-0.0010079550139131,-0.003167719112010899,228,0.2983987033367157,0.383120332188626,Point estimate,Reduced model (no Delta_Pi),No imputation required,NA,NA,NA,NA
JXQ_O3,O3,Staphylococcus_aureus,2821361,3.0198191582e-4,2.39246236125e-4,5.24569525133437e-5,0,7.3368845745e-4,4.607705288334e-4,0.0097297301163544,NA,3,0,0.001063316605000211,0,-6.2735679695e-5,-5.24569525133437e-5,-2.729179286166e-4,NA,0.001063316605000211,230,0.2470046579837799,0.232435598187044,Point estimate,Reduced model (no Delta_Pi),No imputation required,NA,NA,NA,NA
JXQ_O3,O3,Legionella_longbeachae,4149158,0.0010076743281407,3.988761093214e-4,6.84476223850718e-5,2.74754540559795e-5,0.0014692137537302,6.637491269312e-4,0.0022995113067223,0.0126315794493022,1,3,2.410127548770136e-4,7.230382646310408e-4,-6.087982188192999e-4,-4.09721683290923e-5,-8.054646267990001e-4,-0.0103320681425799,-4.820255097540272e-4,231,0.336688369512558,0.348792359094261,Point estimate,Reduced model (no Delta_Pi),No imputation required,NA,NA,NA,NA
JXQ_O3,O3,Aeromonas_hydrophila,4744448,0.0404567612502023,0.0271597454540549,3.62529002320185e-5,0,0.0484899402417309,0.0320857136594183,0,NA,0,0,0,0,-0.0132970157961474,-3.62529002320185e-5,-0.0164042265823126,NA,0,232,0.048368532210588455,0.355947791971713,Point estimate,Reduced model (no Delta_Pi),No imputation required,NA,NA,NA,NA
JXQ_O3,O3,Bacteroides_fragilis,5241700,0.036837476391247,0.032171432932064,4.67405612682903e-5,0,0.0456287082435087,0.0400455958944616,0,NA,0,0,0,0,-0.004666043459182999,-4.67405612682903e-5,-0.005583112349047105,NA,0,233,0.16584685444831848,0.349102786569514,Point estimate,Reduced model (no Delta_Pi),No imputation required,NA,NA,NA,NA
JXQ_O3,O3,Chryseobacterium_gleum,5643321,0.0081701891492615,0.0040814619618483,0,1.130539978144e-4,0.010337707176324,0.0060526416980355,NA,0,0,0,0,0,-0.0040887271874132,1.130539978144e-4,-0.0042850654782885,NA,0,234,0.11495909839868546,0.179172599041022,Point estimate,Reduced model (no Delta_Pi),No imputation required,NA,NA,NA,NA
JXQ_O3,O3,Laribacter_hongkongensis,3110307,0.0328655660036131,0.0357910006954296,0,0,0.0383184039389037,0.0433722458908396,NA,NA,0,0,0,0,0.002925434691816498,0,0.005053841951935902,NA,0,236,0.3559415638446808,0.385442167817106,Point estimate,Reduced model (no Delta_Pi),No imputation required,NA,NA,NA,NA
JXQ_O3,O3,Legionella_pneumophila,3409143,2.144233902772e-4,4.006872108327e-4,0,0,2.909822204583e-4,4.828192891878e-4,NA,NA,0,0,0,0,1.862638205555e-4,0,1.918370687295e-4,NA,0,237,0.5971818566322327,0.356105737681373,Point estimate,Reduced model (no Delta_Pi),No imputation required,NA,NA,NA,NA
JXQ_O3,O3,Mycobacterium_kansasii,6577228,3.29926224239127e-5,6.5833205113157e-5,0,0,3.29926224239127e-5,6.5833205113157e-5,NA,NA,0,0,0,0,3.28405826892443e-5,0,3.28405826892443e-5,NA,0,238,0.2871638536453247,0.466243704772618,Point estimate,Reduced model (no Delta_Pi),No imputation required,NA,NA,NA,NA
JXQ_O3,O3,Mycobacterium_xenopi,5251936,4.638289575501e-4,5.198083144958e-4,0,0,5.097167977674e-4,5.668385905692e-4,NA,NA,0,0,0,0,5.597935694570005e-5,0,5.712179280180005e-5,NA,0,239,0.2954743504524231,0.441931631742285,Point estimate,Reduced model (no Delta_Pi),No imputation required,NA,NA,NA,NA
JXQ_O3,O3,Nocardia_brasiliensis,8935513,6.60286656177435e-5,7.9458224726437e-5,0,0,6.60286656177435e-5,7.9458224726437e-5,NA,NA,0,0,0,0,1.34295591086935e-5,0,1.34295591086935e-5,NA,0,240,0.34279483556747437,0.280457254892184,Point estimate,Reduced model (no Delta_Pi),No imputation required,NA,NA,NA,NA
JXQ_O3,O3,Nocardia_farcinica,6292344,3.048148670829e-4,2.147053625802e-4,0,0,3.304015165095e-4,2.962330095112e-4,NA,NA,0,0,0,0,-9.010950450269998e-5,0,-3.416850699830001e-5,NA,0,241,0.3086877763271332,0.274300357703101,Point estimate,Reduced model (no Delta_Pi),No imputation required,NA,NA,NA,NA
JXQ_O3,O3,Pseudomonas_aeruginosa,6264404,1.985823391977e-4,6.28950495529981e-5,0,0,2.910093282617e-4,6.28950495529981e-5,NA,NA,0,0,0,0,-1.356872896447019e-4,0,-2.281142787087019e-4,NA,0,242,0.12873364984989166,0.370970191289763,Point estimate,Reduced model (no Delta_Pi),No imputation required,NA,NA,NA,NA
JXQ_O3,O3,Pseudomonas_alcaligenes,4406305,0.0132158350363853,0.0122658327101732,0,2.79145451801452e-5,0.0151135702135916,0.0142232550856102,NA,0.0208130086340555,0,4,0,9.077900871591958e-4,-9.500023262120991e-4,2.79145451801452e-5,-8.903151279814007e-4,NA,-9.077900871591958e-4,243,0.2632300555706024,0.463143116505949,Point estimate,Reduced model (no Delta_Pi),No imputation required,NA,NA,NA,NA
JXQ_O3,O3,Pseudomonas_mendocina,5372474,1.62494969729e-4,1.502101266566e-4,0,0,1.62494969729e-4,1.502101266566e-4,NA,NA,0,0,0,0,-1.22848430724e-5,0,-1.22848430724e-5,NA,0,244,0.34279483556747437,0.451432932572321,Point estimate,Reduced model (no Delta_Pi),No imputation required,NA,NA,NA,NA
JXQ_O3,O3,Pseudomonas_putida,6156701,2.502963843785e-4,1.301021439891e-4,0,0,2.952880122e-4,1.765555936531e-4,NA,NA,0,0,0,0,-1.201942403894e-4,0,-1.187324185469e-4,NA,0,245,0.2252943068742752,0.413954514639863,Point estimate,Reduced model (no Delta_Pi),No imputation required,NA,NA,NA,NA
JXQ_O3,O3,Ralstonia_solanacearum,5530249,3.573076004353e-4,4.506126216016e-4,0,0,3.940148083747e-4,5.679671927972e-4,NA,NA,0,0,0,0,9.330502116629996e-5,0,1.739523844225e-4,NA,0,246,0.4033583104610443,0.448387850292424,Point estimate,Reduced model (no Delta_Pi),No imputation required,NA,NA,NA,NA
JXQ_O3,O3,Shigella_dysenteriae,5192674,0.0234179923484509,0.0255365539989608,7.06764953856144e-5,1.403900957386e-4,0.0280604944581538,0.0306123588732895,0,0.0025179088524502,0,0,0,0,0.002118561650509901,6.971360035298559e-5,0.002551864415135698,-0.0025179088524502,0,247,0.3559415638446808,0.511154928515913,Point estimate,Reduced model (no Delta_Pi),No imputation required,NA,NA,NA,NA
JXQ_O3,O3,Shigella_sonnei,4994001,0.0274751647026101,0.0299927853438555,2.02242650732348e-5,0,0.0312352760842457,0.0338454077201826,0.0095049502825973,NA,0,0,0,0,0.002517620641245402,-2.02242650732348e-5,0.002610131635936902,NA,0,248,0.3559415638446808,0.395761509813844,Point estimate,Reduced model (no Delta_Pi),No imputation required,NA,NA,NA,NA
SZBH_UV_Cl,UV_Cl,Pseudomonas_alcaligenes,4406305,0.206749419298028,0.413434385499868,0.0294419020017906,0.0286405503023508,1.21306763830465,0.956109030128418,0.0095367419244623,0.0177620676053802,2480,4053,0.5628298540387013,0.9198183058140551,0.20668496620184,-8.013516994398e-4,-0.256958608176232,-0.0082253256809179,-0.3569884517753538,249,0.5618501901626587,0.19172059912582,Point estimate,Reduced model (no Delta_Pi),No imputation required,NA,NA,NA,NA
SZBH_UV_Cl,UV_Cl,Klebsiella_pneumoniae,5682322,0.0099021139597509,0.261070210382305,0.0028231416663821,0.0080502301699903,0.126204921157231,0.473877932295987,0.009800727727288,0.0088053061560072,381,646,0.06705005453756405,0.113685919242169,0.2511680964225541,0.0052270885036082,0.347673011138756,9.954215712807985e-4,-0.04663586470460492,250,0.551493227481842,0.929622174503541,Point estimate,Reduced model (no Delta_Pi),No imputation required,NA,NA,NA,NA
SZBH_UV_Cl,UV_Cl,Pseudomonas_mendocina,5372474,0.0087036251827369,0.0075702553423245,0.0030261663434759,0.0013625007771093,0.0633845785014501,0.0220278404325455,0.0082380957126998,0.0142937601671192,277,163,0.05155911410646194,0.03033983970885666,-0.0011333698404124,-0.0016636655663666,-0.0413567380689046,-0.0060556644544194,0.02121927439760528,251,0.04429347440600395,0.101572485767356,Point estimate,Reduced model (no Delta_Pi),No imputation required,NA,NA,NA,NA
SZBH_UV_Cl,UV_Cl,Pseudomonas_aeruginosa,6264404,0.0138354742127104,0.0084233073090432,0.0022105853964718,3.143156156595e-4,0.0404775937184127,0.0130807336180744,0.0102914472248841,0.0133490662032301,230,41,0.03671538425682635,0.006544916324042958,-0.0054121669036672,-0.0018962697808123,-0.0273968601003383,-0.003057618978346001,0.03017046793278339,252,-0.06287959218025208,0.189672015234538,Point estimate,Reduced model (no Delta_Pi),No imputation required,NA,NA,NA,NA
SZBH_UV_Cl,UV_Cl,Shigella_boydii,4825405,0.0092591191827421,0.0580359576035586,0.0023774170250994,0.0029649324771703,0.0792598755959343,0.120467815654851,0.0057746487873576,0.0061966833382054,137,169,0.02839139927114926,0.03502296698411844,0.0487768384208165,5.875154520708996e-4,0.0412079400589167,-4.220345508477996e-4,-0.006631567712969175,253,0.8124340772628784,0.718069143812771,Point estimate,Reduced model (no Delta_Pi),No imputation required,NA,NA,NA,NA
SZBH_UV_Cl,UV_Cl,Aeromonas_hydrophila,4744448,0.304586539888307,0.578209309070307,0.0046576545891113,0.0346807468434684,0.470810724450979,1.20257467254357,0.0042975133701151,0.0070332602296671,131,1369,0.02761122052554902,0.2885477931257757,0.273622769182,0.0300230922543571,0.731763948092591,-0.002735746859552,-0.2609365726002266,254,0.3884044289588928,0.985148791209913,Point estimate,Reduced model (no Delta_Pi),No imputation required,NA,NA,NA,NA
SZBH_UV_Cl,UV_Cl,Cupriavidus_metallidurans,6901105,0.008219698149789,0.0025729212930392,0.0022215282914837,0.0015835145241233,0.184356708092399,0.123140424613159,0.0039855542267521,0.0100278244687907,118,235,0.01709871100352769,0.03405251767651702,-0.0056467768567498,-6.380137673604e-4,-0.06121628347924002,-0.0060422702420386,-0.01695380667298933,255,-0.14086703956127167,0.169044384003021,Point estimate,Reduced model (no Delta_Pi),No imputation required,NA,NA,NA,NA
SZBH_UV_Cl,UV_Cl,Shigella_sonnei,4994001,0.0044859822815413,0.0327068416686339,3.211853581927e-4,3.18181754469e-4,0.0138964729882913,0.0423990704046714,0.0248860337416132,0.0234455158681971,106,77,0.02122546631448412,0.01541849911523846,0.0282208593870926,-3.003603723700005e-6,0.0285025974163801,0.001440517873416099,0.005806967199245656,256,0.6003581285476685,-0.270522840517999,Point estimate,Reduced model (no Delta_Pi),No imputation required,NA,NA,NA,NA
SZBH_UV_Cl,UV_Cl,Acinetobacter_lwoffii,3528101,0.0136121386547606,0.0475618470106155,0.0017799943935844,0.0103837730269058,0.0371089149658697,0.267003127178048,0.0075076011051034,0.0092817102738513,72,594,0.02040757903472718,0.1683625270364992,0.0339497083558549,0.0086037786333214,0.2298942122121783,-0.0017741091687479,-0.1479549480017721,257,0.4849868416786194,0.762781944091042,Point estimate,Reduced model (no Delta_Pi),No imputation required,NA,NA,NA,NA
SZBH_UV_Cl,UV_Cl,Achromobacter_xylosoxidans,6901970,0.0041414262884364,0.0116830412186665,9.805895997808e-4,0.0049452547605972,0.0160435353964157,0.0610233020427501,0.0046856597893767,0.0086940746070294,46,469,0.006664763828298298,0.06795161381460656,0.0075416149302301,0.0039646651608164,0.04497976664633439,-0.0040084148176527,-0.06128684998630826,259,0.29538166522979736,0.435390434281246,Point estimate,Reduced model (no Delta_Pi),No imputation required,NA,NA,NA,NA
SZBH_UV_Cl,UV_Cl,Bordetella_hinzii,5033537,0.0022085861293956,0.0032386768985705,4.968673121902e-4,8.278472970397e-4,0.0070397813704359,0.0106144049403034,0.0128483440293544,0.0216416892800538,45,118,0.008940035605181803,0.02344276003136562,0.0010300907691749,3.309799848494999e-4,0.0035746235698675,-0.008793345250699398,-0.01450272442618382,260,0.11898401379585266,0.57312726637732,Point estimate,Reduced model (no Delta_Pi),No imputation required,NA,NA,NA,NA
SZBH_UV_Cl,UV_Cl,Pseudomonas_putida,6156701,0.003270095461839,0.0032429705454267,2.537073020112e-4,7.14668456369734e-5,0.0062674799377133,0.0045932066540181,0.0069284100233363,0.0207415996627373,20,11,0.003248492983498793,0.001786671140924336,-2.712491641230011e-5,-1.822404563742266e-4,-0.0016742732836952,-0.013813189639401,0.001461821842574457,261,0.041703928261995316,0.190729783189567,Point estimate,Reduced model (no Delta_Pi),No imputation required,NA,NA,NA,NA
SZBH_UV_Cl,UV_Cl,Ralstonia_solanacearum,5530249,0.0014411647649137,3.795489136202e-4,2.291036081738e-4,0,0.0034844723989823,5.073912585129e-4,0.0086671695901168,NA,17,0,0.003074002635324377,0,-0.0010616158512935,-2.291036081738e-4,-0.0029770811404694,NA,0.003074002635324377,262,0.40475142002105713,0.1955063372476,Point estimate,Reduced model (no Delta_Pi),No imputation required,NA,NA,NA,NA
SZBH_UV_Cl,UV_Cl,Shigella_dysenteriae,5192674,0.0054368905115167,0.03219381767467,1.446268338817e-4,0.0019255974859965,0.0081510990291321,0.0606361963027141,0.0142884966377888,0.0065141770229039,15,104,0.002888685097504677,0.02002821667603243,0.0267569271631533,0.0017809706521148,0.052485097273582,0.007774319614884901,-0.01713953157852775,263,0.6536871194839478,0.503907222862706,Point estimate,Reduced model (no Delta_Pi),No imputation required,NA,NA,NA,NA
SZBH_UV_Cl,UV_Cl,Chryseobacterium_gleum,5643321,0.0390961279714551,0.0407343477360228,0.0016881903404041,8.565878141612e-4,0.0693187575188439,0.0656983715794299,4.863486755953e-4,0.0032120499672059,1,29,1.772006235335541e-4,0.005138818082473069,0.001638219764567704,-8.316025262429001e-4,-0.003620385939413995,-0.0027257012916106,-0.004961617458939515,264,0.2560497522354126,0.772476880127369,Point estimate,Reduced model (no Delta_Pi),No imputation required,NA,NA,NA,NA
SZBH_UV_Cl,UV_Cl,Aeromonas_caviae,4586140,0.0284053692211751,0.368736453749776,0,0.0059845534589,0.035657873505824,0.595032205732925,NA,0.010548745719118,0,386,0,0.08416664122769911,0.3403310845286009,0.0059845534589,0.559374332227101,NA,-0.08416664122769911,266,0.7916185259819031,1.30224922365922,Point estimate,Reduced model (no Delta_Pi),No imputation required,NA,NA,NA,NA
SZBH_UV_Cl,UV_Cl,Aliarcobacter_cryaerophilus,2108340,0.0339684301393513,0.531827883548194,3.41500896439853e-5,0.295209501313829,0.0431012075851142,3.99727795327129,0,0.0103826425520771,0,11576,0,5.490575523871861,0.4978594534088427,0.295175351224185,3.954176745686176,-0.0103826425520771,-5.490575523871861,267,1.583706021308899,2.5116981563767,Point estimate,Reduced model (no Delta_Pi),No imputation required,NA,NA,NA,NA
SZBH_UV_Cl,UV_Cl,Bacteroides_fragilis,5241700,0.0033884045252494,0.0346271247877596,0,3.93002270255833e-5,0.004395329759429,0.0432489459526489,NA,0.0021574971745315,0,1,0,1.907778010950646e-4,0.0312387202625102,3.93002270255833e-5,0.0388536161932199,NA,-1.907778010950646e-4,268,0.6536871194839478,1.76357864785588,Point estimate,Reduced model (no Delta_Pi),No imputation required,NA,NA,NA,NA
SZBH_UV_Cl,UV_Cl,Escherichia_coli,10236257,0.0049076532564588,0.0462709171917039,2.83306681338696e-5,5.722794963041e-4,0.0060799567654465,0.0631884291299055,9.578544518041e-4,0.0130234815208282,0,115,0,0.01123457529446554,0.0413632639352451,5.439488281702304e-4,0.05710847236445899,-0.0120656270690241,-0.01123457529446554,269,0.6792667508125305,0.608014596993445,Point estimate,Reduced model (no Delta_Pi),No imputation required,NA,NA,NA,NA
SZBH_UV_Cl,UV_Cl,Laribacter_hongkongensis,3110307,0.0053322710587732,0.107926323671586,0,2.848593402516e-4,0.0057441275089564,0.14125679555105,NA,0.0021670429082269,0,2,0,6.43023341425782e-4,0.1025940526128128,2.848593402516e-4,0.1355126680420936,NA,-6.43023341425782e-4,270,0.3838910758495331,0.705287867775928,Point estimate,Reduced model (no Delta_Pi),No imputation required,NA,NA,NA,NA
SZBH_UV_Cl,UV_Cl,Legionella_pneumophila,3409143,0.0010269443082909,0.0010580371665254,0,0,0.0011375292852191,0.0012167280750616,NA,NA,0,0,0,0,3.109285823449989e-5,0,7.919878984249994e-5,NA,0,271,0.014140886254608631,1.14003492640445,Point estimate,Reduced model (no Delta_Pi),No imputation required,NA,NA,NA,NA
SZBH_UV_Cl,UV_Cl,Mycobacterium_kansasii,6577228,0.0014410326052251,5.385247402096e-4,1.48998939978965e-5,0,0.0019812297825162,5.979722764665e-4,0,NA,0,0,0,0,-9.025078650155e-4,-1.48998939978965e-5,-0.0013832575060497,NA,0,272,0.4219399690628052,0.810585126662678,Point estimate,Reduced model (no Delta_Pi),No imputation required,NA,NA,NA,NA
SZBH_UV_Cl,UV_Cl,Mycobacterium_xenopi,5251936,7.214482430859e-4,1.719365963332e-4,0,0,0.0010070572070946,1.719365963332e-4,NA,NA,0,0,0,0,-5.495116467527e-4,0,-8.351206107614e-4,NA,0,273,0.18318121135234833,0.914323000557376,Point estimate,Reduced model (no Delta_Pi),No imputation required,NA,NA,NA,NA
SZBH_UV_Cl,UV_Cl,Nocardia_brasiliensis,8935513,4.11839812666603e-5,4.04005903186532e-5,0,0,4.11839812666603e-5,4.04005903186532e-5,NA,NA,0,0,0,0,-7.833909480071038e-7,0,-7.833909480071038e-7,NA,0,274,0.1589721143245697,0.822393425223151,Point estimate,Reduced model (no Delta_Pi),No imputation required,NA,NA,NA,NA
SZBH_UV_Cl,UV_Cl,Nocardia_farcinica,6292344,1.679819158011e-4,2.107322803711e-4,0,0,2.320280010119e-4,2.355243133559e-4,NA,NA,0,0,0,0,4.275036456999998e-5,0,3.496312343999997e-6,NA,0,275,0.24733740091323853,0.889007210783346,Point estimate,Reduced model (no Delta_Pi),No imputation required,NA,NA,NA,NA
SZBH_UV_Cl,UV_Cl,Staphylococcus_aureus,2821361,2.527149131217e-4,3.650720343834e-4,0,2.13726637605e-4,2.527149131217e-4,0.0023541829634704,NA,0.0262637891579623,0,30,0,0.01063316605000211,1.123571212617e-4,2.13726637605e-4,0.0021014680503487,NA,-0.01063316605000211,276,0.5012298822402954,1.14248404801643,Point estimate,Reduced model (no Delta_Pi),No imputation required,NA,NA,NA,NA
SZBH_UV_Cl,UV_Cl,Vibrio_cholerae,4138412,9.68970706638012e-5,7.12833811615933e-5,0,0,1.358008820774e-4,7.12833811615933e-5,NA,NA,0,0,0,0,-2.561368950220791e-5,0,-6.45175009158067e-5,NA,0,277,0.23229855298995972,0.0230390044389058,Point estimate,Reduced model (no Delta_Pi),No imputation required,NA,NA,NA,NA
SZFX_UV,UV,Aeromonas_hydrophila,4744448,0.804707312631522,0.788843507189877,0.254435289416176,0.191858778934872,3.00565924634435,2.61141928418226,0.005214967049322,0.005730054936369,8295,6740,1.748359345491825,1.420607834673286,-0.01586380544164501,-0.062576510481304,-0.3942399621620898,-5.150878870470001e-4,0.3277515108185398,278,-0.2814037799835205,0.0468300417414112,Point estimate,Reduced model (no Delta_Pi),No imputation required,NA,NA,NA,NA
SZFX_UV,UV,Aliarcobacter_cryaerophilus,2108340,0.213577032167487,0.231492074333361,0.0105485832455865,0.011361070795033,0.407974520238671,0.440248252179439,0.0063678975290745,0.007324473244887,198,222,0.09391274652095963,0.1052961097356214,0.017915042165874,8.124875494465011e-4,0.03227373194076805,-9.565757158124999e-4,-0.01138336321466177,279,0.29769569635391235,0.0603385234178648,Point estimate,Reduced model (no Delta_Pi),No imputation required,NA,NA,NA,NA
SZFX_UV,UV,Aeromonas_caviae,4586140,0.203753265273192,0.160023025899776,0.0031728207163322,0.0021235723287993,0.308593283240372,0.228399045820668,0.0068328878157131,0.0083603687704508,119,70,0.02594774690698496,0.01526338053352056,-0.04373023937341602,-0.0010492483875329,-0.080194237419704,-0.001527480954737701,0.01068436637346439,280,-0.05438553914427757,-0.0405753498207999,Point estimate,Reduced model (no Delta_Pi),No imputation required,NA,NA,NA,NA
SZFX_UV,UV,Escherichia_coli,10236257,0.0762853062403571,0.0667659086714997,4.335569144072e-4,2.709974944942e-4,0.100050731434351,0.0842986845680016,0.0039078227406742,0.0061601184646945,24,19,0.002344607017975418,0.001856147222563873,-0.009519397568857405,-1.62559419913e-4,-0.0157520468663494,-0.0022522957240203,4.884597954115451e-4,282,1.834239810705185e-4,0.0182435057708529,Point estimate,Reduced model (no Delta_Pi),No imputation required,NA,NA,NA,NA
SZFX_UV,UV,Klebsiella_pneumoniae,5682322,0.0820571238307156,0.0684074221770606,0.0015861473531418,0.0014402562895942,0.120428233387689,0.0969703934412727,0.0027137161372543,0.0021140590047906,20,17,0.003519687902234333,0.002991734716899183,-0.01364970165365501,-1.458910635476001e-4,-0.0234578399464163,5.996571324637001e-4,5.279531853351498e-4,283,0.009179824031889439,0.0078761321823443,Point estimate,Reduced model (no Delta_Pi),No imputation required,NA,NA,NA,NA
SZFX_UV,UV,Acinetobacter_lwoffii,3528101,0.0165641516498534,0.012138257946697,0.0025322404318923,0.0020376400788979002,0.0469805144467235,0.0354967162221262,0.0022706695789987,0.0024609425242341,19,17,0.00538533335638634,0.00481845616097725,-0.0044258937031564,-4.946003529943998e-4,-0.0114837982245973,-1.902729452353999e-4,5.668771954090894e-4,284,0.11204162985086441,-0.00199919764260475,Point estimate,Reduced model (no Delta_Pi),No imputation required,NA,NA,NA,NA
SZFX_UV,UV,Cupriavidus_metallidurans,6901105,0.0016661099925301,0.0014770098411776,5.233944419045e-4,4.684757006305e-4,0.0124293138562592,0.0092896717264843,0.0017631854923856,9.867160489158e-4,10,3,0.001449043305383703,4.34712991615111e-4,-1.891001513525e-4,-5.491874127400002e-5,-0.003139642129774901,7.764694434698001e-4,0.001014330313768592,285,0.07263904809951782,0.00725609087626709,Point estimate,Reduced model (no Delta_Pi),No imputation required,NA,NA,NA,NA
SZFX_UV,UV,Bacteroides_fragilis,5241700,0.0578316195127534,0.0594148844840413,5.332239540606e-4,3.329072629108e-4,0.0797456931911402,0.0766436461453344,0.002304924792595,0.00353910427722,8,6,0.001526222408760517,0.001144666806570387,0.001583264971287898,-2.003166911498e-4,-0.0031020470458058,-0.001234179484625,3.815556021901291e-4,286,0.3275873363018036,0.0652388812535082,Point estimate,Reduced model (no Delta_Pi),No imputation required,NA,NA,NA,NA
SZFX_UV,UV,Achromobacter_xylosoxidans,6901970,0.0042492215990506,0.0030943339365427,1.009856606157e-4,0,0.0063936818038907,0.0041864858873625,0.0068515860709432,NA,7,0,0.001014203191262784,0,-0.0011548876625079,-1.009856606157e-4,-0.0022071959165282,NA,0.001014203191262784,287,0.1343601644039154,0.0219989770546242,Point estimate,Reduced model (no Delta_Pi),No imputation required,NA,NA,NA,NA
SZFX_UV,UV,Shigella_boydii,4825405,0.0994343479977328,0.0833554903681659,9.522516762841e-4,6.109331755572e-4,0.132517374189316,0.106786062517032,0.0019323391156823,0.0056711137092582,6,21,0.001243418946181719,0.004351966311636018,-0.0160788576295669,-3.413185007269e-4,-0.025731311672284,-0.0037387745935759,-0.003108547365454298,288,0.019212571904063225,0.0670886259685748,Point estimate,Reduced model (no Delta_Pi),No imputation required,NA,NA,NA,NA
SZFX_UV,UV,Shigella_dysenteriae,5192674,0.0503337971919669,0.0426460432524744,6.572721491855e-4,3.75336483669e-4,0.0641276536905647,0.0537732582480625,0.0014227634471006,0.0070049165456094,3,15,5.777370195009353e-4,0.002888685097504677,-0.007687753939492503,-2.819356655165e-4,-0.0103543954425022,-0.005582153098508799,-0.002310948078003742,289,0.07575538009405136,0.131694199784285,Point estimate,Reduced model (no Delta_Pi),No imputation required,NA,NA,NA,NA
SZFX_UV,UV,Pseudomonas_alcaligenes,4406305,0.0735033094622365,0.0685445061111293,1.575015801221e-4,0,0.0956817560291446,0.0822666610686278,0.0013832853575604,NA,2,0,4.538950435795979e-4,0,-0.004958803351107197,-1.575015801221e-4,-0.01341509496051679,NA,4.538950435795979e-4,290,0.11204162985086441,0.0526787917280148,Point estimate,Reduced model (no Delta_Pi),No imputation required,NA,NA,NA,NA
SZFX_UV,UV,Staphylococcus_aureus,2821361,3.49831163045e-4,3.643631566467e-4,1.20154776365e-4,1.13420437866689e-5,0.0013100060573602,8.106016918783e-4,0.0125642311608193,0.025000000372529,2,1,7.088777366668072e-4,3.544388683334036e-4,1.453199360169997e-5,-1.088127325783311e-4,-4.994043654819e-4,-0.0124357692117097,3.544388683334036e-4,291,0.2991085648536682,0.0654150420790086,Point estimate,Reduced model (no Delta_Pi),No imputation required,NA,NA,NA,NA
SZFX_UV,UV,Bordetella_hinzii,5033537,8.483100452028e-4,8.151325797346e-4,0,0,0.0013241186068563,8.816861781287e-4,NA,NA,0,0,0,0,-3.317746546819991e-5,0,-4.424324287276001e-4,NA,0,292,0.22907720506191254,-0.00553664727987133,Point estimate,Reduced model (no Delta_Pi),No imputation required,NA,NA,NA,NA
SZFX_UV,UV,Chryseobacterium_gleum,5643321,0.005056774193777,0.0056606739187793,5.95394095072741e-5,0,0.0073864307913725,0.0070664064652709,9.523809310935e-4,NA,0,0,0,0,6.038997250023001e-4,-5.95394095072741e-5,-3.200243261016001e-4,NA,0,293,0.4228404462337494,0.102609325402152,Point estimate,Reduced model (no Delta_Pi),No imputation required,NA,NA,NA,NA
SZFX_UV,UV,Laribacter_hongkongensis,3110307,0.0469792853245675,0.0403603245596013,4.62976805826554e-5,0,0.0585935729174,0.0488945303470042,0,NA,0,0,0,0,-0.006618960764966202,-4.62976805826554e-5,-0.009699042570395798,NA,0,295,0.09900548309087753,-0.0188775458434341,Point estimate,Reduced model (no Delta_Pi),No imputation required,NA,NA,NA,NA
SZFX_UV,UV,Legionella_longbeachae,4149158,9.305502465801e-4,0.0013055660931687,0,0,0.001216873399374,0.00150873984553,NA,NA,0,0,0,0,3.750158465885999e-4,0,2.918664461559999e-4,NA,0,296,0.24107381701469421,0.00473856239637504,Point estimate,Reduced model (no Delta_Pi),No imputation required,NA,NA,NA,NA
SZFX_UV,UV,Legionella_pneumophila,3409143,0.0013498993735375,0.0010351575161264,0,0,0.0018784779635233,0.0012357944503941,NA,NA,0,0,0,0,-3.147418574111001e-4,0,-6.426835131292e-4,NA,0,297,0.061001475900411606,0.00551652260999323,Point estimate,Reduced model (no Delta_Pi),No imputation required,NA,NA,NA,NA
SZFX_UV,UV,Mycobacterium_kansasii,6577228,6.051181439961e-4,5.471910050859e-4,0,0,7.010552165744e-4,7.022715344518e-4,NA,NA,0,0,0,0,-5.792713891020001e-5,0,1.216317877399922e-6,NA,0,298,0.16094151139259338,-0.122322022175198,Point estimate,Reduced model (no Delta_Pi),No imputation required,NA,NA,NA,NA
SZFX_UV,UV,Mycobacterium_xenopi,5251936,8.43498473705266e-5,8.35882234665335e-5,0,0,8.43498473705266e-5,8.35882234665335e-5,NA,NA,0,0,0,0,-7.616239039931e-7,0,-7.616239039931e-7,NA,0,299,0.23858338594436646,0.0476520520429975,Point estimate,Reduced model (no Delta_Pi),No imputation required,NA,NA,NA,NA
SZFX_UV,UV,Nocardia_brasiliensis,8935513,1.530969738391e-4,5.97615380336864e-5,0,0,2.303169387139e-4,7.16243152463658e-5,NA,NA,0,0,0,0,-9.33354358054136e-5,0,-1.586926234675342e-4,NA,0,300,0.08356869220733643,-0.157757026885343,Point estimate,Reduced model (no Delta_Pi),No imputation required,NA,NA,NA,NA
SZFX_UV,UV,Nocardia_farcinica,6292344,7.95093211687e-4,5.8483770118099e-5,0,0,0.0012070223751275,8.61364222935046e-5,NA,NA,0,0,0,0,-7.366094415689011e-4,0,-0.001120885952833995,NA,0,301,0.022963017225265503,-0.314055119784784,Point estimate,Reduced model (no Delta_Pi),No imputation required,NA,NA,NA,NA
SZFX_UV,UV,Pseudomonas_aeruginosa,6264404,2.752057498207e-4,2.474297634699e-4,0,0,3.09686284601e-4,2.474297634699e-4,NA,NA,0,0,0,0,-2.777598635079998e-5,0,-6.225652113109998e-5,NA,0,302,0.2006554901599884,0.0240239685047495,Point estimate,Reduced model (no Delta_Pi),No imputation required,NA,NA,NA,NA
SZFX_UV,UV,Pseudomonas_mendocina,5372474,6.963272414161e-4,6.693378134541e-4,0,0,0.0010027037822797,9.094506553218e-4,NA,NA,0,0,0,0,-2.698942796199998e-5,0,-9.325312695789999e-5,NA,0,303,0.1409810483455658,0.0320799090761748,Point estimate,Reduced model (no Delta_Pi),No imputation required,NA,NA,NA,NA
SZFX_UV,UV,Pseudomonas_putida,6156701,0.0055981279584634,5.816426686954e-4,2.17649029894419e-5,0,0.0073638463196442,6.94527799872e-4,0,NA,0,0,0,0,-0.005016485289768001,-2.17649029894419e-5,-0.006669318519772201,NA,0,304,0.03050360083580017,-0.0648240409491869,Point estimate,Reduced model (no Delta_Pi),No imputation required,NA,NA,NA,NA
SZFX_UV,UV,Ralstonia_solanacearum,5530249,4.426563794866e-4,2.869671871917e-4,0,0,5.301750427511e-4,3.124633266964e-4,NA,NA,0,0,0,0,-1.556891922949e-4,0,-2.177117160547e-4,NA,0,305,0.09202398359775543,-0.00593553246236884,Point estimate,Reduced model (no Delta_Pi),No imputation required,NA,NA,NA,NA
SZFX_UV,UV,Shigella_sonnei,4994001,0.0591381539571176,0.0505071985368044,4.54545363527159e-5,1.041249290899e-4,0.0717885318805502,0.0605376330521359,0,0.0030769231227727,0,2,0,4.004804964997003e-4,-0.008630955420313197,5.86703927371841e-5,-0.0112508988284143,-0.0030769231227727,-4.004804964997003e-4,306,0.07575538009405136,-0.146791193976506,Point estimate,Reduced model (no Delta_Pi),No imputation required,NA,NA,NA,NA
SZFX_UV,UV,Vibrio_cholerae,4138412,2.295566511985e-4,7.99823700491859e-5,0,0,2.52029039158e-4,1.227523987461e-4,NA,NA,0,0,0,0,-1.495742811493141e-4,0,-1.292766404119e-4,NA,0,307,0.08819857239723206,0.0399400979290598,Point estimate,Reduced model (no Delta_Pi),No imputation required,NA,NA,NA,NA
SZSG_UV,UV,Aliarcobacter_cryaerophilus,2108340,0.306297845698511,0.342514490072758,0.046286177751216503,0.066784294753218107,0.811535141390857,1.00397943405712,0.006849572393385,0.0074043869479064,944,1438,0.4477456197766964,0.6820531792784845,0.03621664437424704,0.0204981170020016,0.192444292666263,-5.548145545214e-4,-0.2343075595017882,308,0.19080160558223724,0.575909612725165,Point estimate,Reduced model (no Delta_Pi),No imputation required,NA,NA,NA,NA
SZSG_UV,UV,Escherichia_coli,10236257,0.0177777873298804,0.0161923445259335,2.171692250399e-4,0.00015523252298170001,0.0238512964260275,0.0205542904989587,0.0177202234249955,0.0132643760113388,46,18,0.004493830117786218,0.001758455263481564,-0.001585442803946902,-6.19367020582e-5,-0.003297005927068799,0.004455847413656702,0.002735374854304654,310,0.12150104343891144,0.447302593727804,Point estimate,Reduced model (no Delta_Pi),No imputation required,NA,NA,NA,NA
SZSG_UV,UV,Klebsiella_pneumoniae,5682322,0.0639414661823106,0.0520940207189947,0.0014360326641115,0.0014200180841564,0.098050057705283,0.0770248500524961,0.0040279796748767,0.0027407996900345,46,14,0.008095282175138966,0.002463781531564033,-0.0118474454633159,-1.601457995509996e-5,-0.0210252076527869,0.0012871799848422,0.005631500643574933,311,-0.007215071003884077,0.410774766437985,Point estimate,Reduced model (no Delta_Pi),No imputation required,NA,NA,NA,NA
SZSG_UV,UV,Chryseobacterium_gleum,5643321,0.166178035947272,0.210108019728099,0.0063714256197724,0.0130529523307285,0.305398009434515,0.424179840204021,9.521939857529e-4,9.078003616026e-4,44,67,0.007796827435476381,0.01187244177674812,0.04392998378082699,0.0066815267109561,0.118781830769506,4.439362415030001e-5,-0.004075614341271743,312,0.5324252843856812,0.630302053032279,Point estimate,Reduced model (no Delta_Pi),No imputation required,NA,NA,NA,NA
SZSG_UV,UV,Bordetella_hinzii,5033537,0.0020862069753336,0.002376857466231,2.755517640974e-4,4.15214986996221e-5,0.0049203969296341,0.0042369808744824,0.0199254005180474,0.0065497074400979,31,3,0.006158691194680798,5.960023736787869e-4,2.906504908973999e-4,-2.340302653977779e-4,-6.834160551517001e-4,0.0133756930779495,0.005562688821002011,313,0.22422455251216888,0.37967897793781,Point estimate,Reduced model (no Delta_Pi),No imputation required,NA,NA,NA,NA
SZSG_UV,UV,Aeromonas_caviae,4586140,0.160436227415648,0.125481559655832,9.382618062248e-4,6.063923037674e-4,0.224661480024595,0.168150121888995,0.0042065467885447,0.0044458958366199,28,14,0.006105352213408226,0.003052676106704113,-0.03495466775981601,-3.318695024574001e-4,-0.05651135813559999,-2.393490480751999e-4,0.003052676106704113,314,-0.0015462320297956467,0.390873266145242,Point estimate,Reduced model (no Delta_Pi),No imputation required,NA,NA,NA,NA
SZSG_UV,UV,Acinetobacter_lwoffii,3528101,0.0126450461593927,0.0114642409613556,0.0023224958695909,0.0019143442888964,0.039686222134797,0.0335954101087241,0.0027040609112882,0.0036456065662235,26,33,0.007369403540318149,0.009353473724249958,-0.001180805198037101,-4.081515806945001e-4,-0.006090812026072902,-9.415456549352998e-4,-0.001984070183931809,315,0.2405926138162613,0.479766932952668,Point estimate,Reduced model (no Delta_Pi),No imputation required,NA,NA,NA,NA
SZSG_UV,UV,Achromobacter_xylosoxidans,6901970,0.005426131959426,0.005988290299726,1.479287797541e-4,2.784712190866e-4,0.0087364911757076991,0.0107115794476069,0.007813146252123,0.007530350280726,11,21,0.001593747871984376,0.003042609573788353,5.621583403000001e-4,1.305424393325e-4,0.001975088271899201,2.827959713969999e-4,-0.001448861701803978,317,0.3600783050060272,0.406940347092864,Point estimate,Reduced model (no Delta_Pi),No imputation required,NA,NA,NA,NA
SZSG_UV,UV,Cupriavidus_metallidurans,6901105,0.0017268249070257,0.0016252469713183,5.415074832218e-4,5.161492253776e-4,0.0226008733384001,0.019998391561931,0.0023265586104785,8.26058245187e-4,10,4,0.001449043305383703,5.796173221534811e-4,-1.015779357074001e-4,-2.535825784420005e-5,-0.002602481776469101,0.0015005003652915,8.694259832302219e-4,318,0.08613549172878265,0.392346980338826,Point estimate,Reduced model (no Delta_Pi),No imputation required,NA,NA,NA,NA
SZSG_UV,UV,Aeromonas_hydrophila,4744448,0.181317194329034,0.194849643204014,0.0012962519559704,0.0011942379808989,0.258169759685426,0.274458904386769,0.0015307814318958,0.0036129615162102,9,26,0.001896954081907948,0.005480089569956294,0.01353244887497998,-1.020139750715001e-4,0.01628914470134302,-0.0020821800843144,-0.003583135488048346,319,0.2870667278766632,0.487435669347986,Point estimate,Reduced model (no Delta_Pi),No imputation required,NA,NA,NA,NA
SZSG_UV,UV,Shigella_dysenteriae,5192674,0.0137788353360907,0.0109693002102577,3.165998866864e-4,3.69559113474e-4,0.019804825028492,0.0154192233134603,0.0058759176093006,0.0032952274736978,4,0,7.703160260012471e-4,0,-0.002809535125833,5.295922678759998e-5,-0.004385601715031698,0.0025806901356028,7.703160260012471e-4,320,0.1039426177740097,0.455633253235949,Point estimate,Reduced model (no Delta_Pi),No imputation required,NA,NA,NA,NA
SZSG_UV,UV,Bacteroides_fragilis,5241700,0.0090920884445885,0.0073539118988113,0,0,0.012127363260011,0.0097657248602551,NA,NA,0,0,0,0,-0.0017381765457772,0,-0.002361638399755899,NA,0,322,0.1583494395017624,0.494025482786542,Point estimate,Reduced model (no Delta_Pi),No imputation required,NA,NA,NA,NA
SZSG_UV,UV,Laribacter_hongkongensis,3110307,0.0550083962772806,0.0384232167435561,2.276302628647e-4,3.08651203884353e-5,0.0722391712457965,0.04921282690101,0,0,0,0,0,0,-0.0165851795337245,-1.967651424762647e-4,-0.0230263443447865,0,0,323,0.01372726820409298,0.422990507368227,Point estimate,Reduced model (no Delta_Pi),No imputation required,NA,NA,NA,NA
SZSG_UV,UV,Legionella_longbeachae,4149158,3.417560864155e-4,3.687495149617e-4,0,0,4.102037088006e-4,3.687495149617e-4,NA,NA,0,0,0,0,2.69934285462e-5,0,-4.145419383890002e-5,NA,0,324,0.28789496421813965,0.526357070162844,Point estimate,Reduced model (no Delta_Pi),No imputation required,NA,NA,NA,NA
SZSG_UV,UV,Legionella_pneumophila,3409143,1.422644928652e-4,5.20072053299e-4,0,0,3.10341924642e-4,5.20072053299e-4,NA,NA,0,0,0,0,3.778075604338e-4,0,2.09730128657e-4,NA,0,325,0.2591193914413452,0.527301716288097,Point estimate,Reduced model (no Delta_Pi),No imputation required,NA,NA,NA,NA
SZSG_UV,UV,Mycobacterium_kansasii,6577228,1.974996153394e-4,8.5446330885899e-5,0,0,1.974996153394e-4,8.5446330885899e-5,NA,NA,0,0,0,0,-1.12053284453501e-4,0,-1.12053284453501e-4,NA,0,326,0.08819857239723206,0.293052701636555,Point estimate,Reduced model (no Delta_Pi),No imputation required,NA,NA,NA,NA
SZSG_UV,UV,Mycobacterium_xenopi,5251936,1.00343949355e-4,1.00915167283e-4,0,0,1.00343949355e-4,1.00915167283e-4,NA,NA,0,0,0,0,5.712179279999919e-7,0,5.712179279999919e-7,NA,0,327,0.23858338594436646,0.397706131167988,Point estimate,Reduced model (no Delta_Pi),No imputation required,NA,NA,NA,NA
SZSG_UV,UV,Nocardia_brasiliensis,8935513,2.48446843510831e-5,1.57797319527149e-5,0,0,2.48446843510831e-5,1.57797319527149e-5,NA,NA,0,0,0,0,-9.064952398368202e-6,0,-9.064952398368202e-6,NA,0,328,0.1456107795238495,0.323236324177169,Point estimate,Reduced model (no Delta_Pi),No imputation required,NA,NA,NA,NA
SZSG_UV,UV,Nocardia_farcinica,6292344,7.48528688196322e-5,1.009162881113e-4,0,0,7.48528688196322e-5,1.009162881113e-4,NA,NA,0,0,0,0,2.60634192916678e-5,0,2.60634192916678e-5,NA,0,329,0.2273697406053543,0.35490658306202,Point estimate,Reduced model (no Delta_Pi),No imputation required,NA,NA,NA,NA
SZSG_UV,UV,Pseudomonas_aeruginosa,6264404,2.82548826672e-4,4.31006684754e-4,0,0,3.253302309365e-4,5.020429716857e-4,NA,NA,0,0,0,0,1.48457858082e-4,0,1.767127407492e-4,NA,0,330,0.31945550441741943,0.398830156745806,Point estimate,Reduced model (no Delta_Pi),No imputation required,NA,NA,NA,NA
SZSG_UV,UV,Pseudomonas_alcaligenes,4406305,0.0268528846732125,0.02296232330717,2.08791720046615e-5,1.529626296863e-4,0.0329609502746632,0.0290560912147479,0,0.0138081109665266,0,8,0,0.001815580174318392,-0.003890561366042499,1.320834576816385e-4,-0.003904859059915299,-0.0138081109665266,-0.001815580174318392,331,0.11204162985086441,0.39233670528951,Point estimate,Reduced model (no Delta_Pi),No imputation required,NA,NA,NA,NA
SZSG_UV,UV,Pseudomonas_mendocina,5372474,5.738510786649e-4,4.798534157633e-4,0,0,6.183371013055e-4,6.017711765566e-4,NA,NA,0,0,0,0,-9.39976629016e-5,0,-1.656592474889992e-5,NA,0,332,0.1272284984588623,0.408220548175397,Point estimate,Reduced model (no Delta_Pi),No imputation required,NA,NA,NA,NA
SZSG_UV,UV,Pseudomonas_putida,6156701,3.901440073182e-4,2.556563978013e-4,0,0,3.901440073182e-4,2.951255875508e-4,NA,NA,0,0,0,0,-1.344876095169e-4,0,-9.501841976740003e-5,NA,0,333,0.05027071759104729,0.406885135445753,Point estimate,Reduced model (no Delta_Pi),No imputation required,NA,NA,NA,NA
SZSG_UV,UV,Ralstonia_solanacearum,5530249,1.723249712625e-4,1.180778659333e-4,0,0,1.723249712625e-4,1.180778659333e-4,NA,NA,0,0,0,0,-5.424710532919999e-5,0,-5.424710532919999e-5,NA,0,334,0.11844614148139954,0.397040689226083,Point estimate,Reduced model (no Delta_Pi),No imputation required,NA,NA,NA,NA
SZSG_UV,UV,Shigella_sonnei,4994001,0.0131645948809381,0.0113368018949134,0,0,0.0157014385860154,0.0133345988517021,NA,NA,0,0,0,0,-0.001827792986024699,0,-0.0023668397343133,NA,0,335,0.12056814134120941,0.695210769812737,Point estimate,Reduced model (no Delta_Pi),No imputation required,NA,NA,NA,NA
SZSG_UV,UV,Staphylococcus_aureus,2821361,2.8709548335e-4,3.962626547967e-4,0,5.24569525133437e-5,5.763175999101e-4,8.407289956868e-4,NA,0.0281081086880451,0,6,0,0.002126633210000422,1.091671714467e-4,5.24569525133437e-5,2.644113957767e-4,NA,-0.002126633210000422,336,0.4406498372554779,0.529573663912566,Point estimate,Reduced model (no Delta_Pi),No imputation required,NA,NA,NA,NA
SZSG_UV,UV,Vibrio_cholerae,4138412,1.459497024462e-4,2.824755002642e-4,0,0,1.459497024462e-4,3.037396953226e-4,NA,NA,0,0,0,0,1.36525797818e-4,0,1.577899928764e-4,NA,0,337,0.4374678432941437,0.479786111759088,Point estimate,Reduced model (no Delta_Pi),No imputation required,NA,NA,NA,NA
