Site,Disinfection_Type,Pathogen,length,breadth_inf,breadth_eff,breadth_minCov_inf,breadth_minCov_eff,coverage_inf,coverage_eff,Nucl_Diversity_Pi_inf,Nucl_Diversity_Pi_eff,SNV_count_inf,SNV_count_eff,SNVs_Density_inf,SNVs_Density_eff,Delta_Breadth,Delta_MinCov,Delta_Coverage,Delta_Pi,Delta_SNV_Density,Group,Influent,Effluent,LRV,Site_ordered,Pathogen_key,Result_type,LRV_point_new,LRV_lower,LRV_upper,Influent_reads,Effluent_reads,Influent_status,Effluent_status,LRV_original,Point_LRV_difference,LRV_status,Model_eligibility,LRV_model
WFSW_UV,UV,Achromobacter_xylosoxidans,6901970,0.007487138,0.011494979,4.74792e-4,0.002634465,0.013925444,0.034312377,0.005181998,0.008373493,21,207,0.406378203,2.609090222,-0.004007841,-0.002159673,-0.020386933,0.003191495,2.202712019,UV,930137.7137,1671893.094,-0.2546613,WFSW_UV,Achromobacter xylosoxidans,Point estimate,-0.254661249955602,-0.254661249955602,-0.254661249955602,7956,21223,Quantifiable,Quantifiable,-0.2546613,5.004439795897042e-8,Point estimate,Eligible_main_model,-0.254661249955602
SZSG_UV,UV,Achromobacter_xylosoxidans,6901970,0.007879345,0.006581454,3.63375e-4,3.59607e-4,0.014290703,0.012485711,0.008637743,0.014072442,23,43,0.422926282,0.9466153,0.00129789,3.76704e-6,0.001804992,0.005434699,0.523689018,UV,2536576.239,993819.635,0.406940347,SZSG_UV,Achromobacter xylosoxidans,Point estimate,0.406940347092864,0.406940347092864,0.406940347092864,8039,7494,Quantifiable,Quantifiable,0.406940347,9.286399427210767e-11,Point estimate,Eligible_main_model,0.406940347092864
SZSG_UV_Cl,UV_Cl,Achromobacter_xylosoxidans,6901970,0.004840212,0.010461796,4.09883e-4,2.76733e-5,0.009131161,0.011832274,9.88876e-4,0,2,0,0.059867692,0,-0.005621583,3.8221e-4,-0.002701113,-9.88876e-4,-0.059867692,UV_Cl,262001.9324,265100.9058,-0.0051067,SZSG_UV_Cl,Achromobacter xylosoxidans,Point estimate,-0.00510671703628393,-0.00510671703628393,-0.00510671703628393,4543,3152,Quantifiable,Quantifiable,-0.0051067,-1.7036283930446653e-8,Point estimate,Eligible_main_model,-0.00510671703628393
SZBH_UV_Cl,UV_Cl,Achromobacter_xylosoxidans,6901970,0.013324312,0.00533297,0.005719526,0.001343674,0.07947586,0.019726542,0.008804743,0.005617701,563,82,6.121960767,2.22777657,0.007991342,0.004375852,0.059749318,-0.003187042,-3.894184197,UV_Cl,6212033.814,2279519.842,0.435390434,SZBH_UV_Cl,Achromobacter xylosoxidans,Point estimate,0.435390434281246,0.435390434281246,0.435390434281246,25912,31937,Quantifiable,Quantifiable,0.435390434,2.812460264678407e-10,Point estimate,Eligible_main_model,0.435390434281246
JXQ_O3,O3,Achromobacter_xylosoxidans,6901970,0.009014238,0.008410208,0.002764428,0.002185898,0.034591863,0.028060829,0.007487004,0.006710884,217,146,3.487848785,2.515203197,6.0403e-4,5.7853e-4,0.006531034,-7.7612e-4,-0.972645587,O3,9169924.148,3347481.456,0.437647563,JXQ_O3,Achromobacter xylosoxidans,Point estimate,0.43764756342923,0.43764756342923,0.43764756342923,13141,10848,Quantifiable,Quantifiable,0.437647563,4.2922998488847947e-10,Point estimate,Eligible_main_model,0.43764756342923
JXQ_Cl,Cl,Achromobacter_xylosoxidans,6901970,0.004680113,0.005120132,8.38891e-5,8.46135e-5,0.007461058,0.007891225,0,0.010030441,0,10,0,0.282973485,-4.40019e-4,-7.24431e-7,-4.30167e-4,0.010030441,0.282973485,Cl,1175368.977,915548.5536,0.108492843,JXQ_Cl,Achromobacter xylosoxidans,Point estimate,0.108492842608694,0.108492842608694,0.108492842608694,6010,6744,Quantifiable,Quantifiable,0.108492843,-3.91306001490399e-10,Point estimate,Eligible_main_model,0.108492842608694
HBZZ_West_Cl,Cl,Achromobacter_xylosoxidans,6901970,0.022303197,0.003901495,0.010690571,6.10985e-4,0.189768139,0.029508532,0.011821339,0.002354722,1784,20,11.58923189,0.742721331,0.018401703,0.010079586,0.160259607,-0.009466617,-10.84651056,Cl,2777298.414,882109.677,0.49809996,HBZZ_West_Cl,Achromobacter xylosoxidans,Point estimate,0.498099959668534,0.498099959668534,0.498099959668534,92566,27088,Quantifiable,Quantifiable,0.49809996,-3.3146602129718867e-10,Point estimate,Eligible_main_model,0.498099959668534
HBZZ_Song_O3,O3,Achromobacter_xylosoxidans,6901970,0.008061611,0.012154066,9.59581e-4,0.003077817,0.037319635,0.089214239,0.007115433,0.008740735,65,317,1.168203303,3.778893035,-0.004092455,-0.002118236,-0.051894604,0.001625301,2.610689731,O3,3297386.364,5014948.44,-0.1820966,HBZZ_Song_O3,Achromobacter xylosoxidans,Point estimate,-0.182096634665403,-0.182096634665403,-0.182096634665403,29017,49586,Quantifiable,Quantifiable,-0.1820966,-3.4665402992573036e-8,Point estimate,Eligible_main_model,-0.182096634665403
HBZZ_East_O3,O3,Achromobacter_xylosoxidans,6901970,0.017236383,0.009226351,0.002800795,0.001236748,0.050176978,0.050891122,0.014247996,0.005618801,439,78,3.690160972,1.224874372,0.008010032,0.001564046,-7.14144e-4,-0.008629195,-2.4652866,O3,5389673.913,1530918.743,0.54661035,HBZZ_East_O3,Achromobacter xylosoxidans,Point estimate,0.546610350071632,0.546610350071632,0.546610350071632,49585,47601,Quantifiable,Quantifiable,0.54661035,7.163192261572249e-11,Point estimate,Eligible_main_model,0.546610350071632
HBZZ_East_Cl,Cl,Achromobacter_xylosoxidans,6901970,0.015625104,0.011346181,0.002854982,4.12201e-4,0.093339148,0.019463718,0.012031295,0.013282388,384,50,3.560698787,0.638479907,0.004278923,0.002442781,0.07387543,0.001251094,-2.92221888,Cl,4694994.45,779656.5622,0.779731745,HBZZ_East_Cl,Achromobacter xylosoxidans,Point estimate,0.779731744640804,0.779731744640804,0.779731744640804,53763,28310,Quantifiable,Quantifiable,0.779731745,-3.591960062721e-10,Point estimate,Eligible_main_model,0.779731744640804
GBD_UV_Cl,UV_Cl,Achromobacter_xylosoxidans,6901970,0.017423576,0.022219743,0.00487513,0.00706378,0.064762379,0.089831309,0.004934269,0.005986668,159,412,1.322168356,2.686489306,-0.004796167,-0.00218865,-0.02506893,0.001052399,1.36432095,UV_Cl,2641334.31,5354340.659,-0.3068826,GBD_UV_Cl,Achromobacter xylosoxidans,Point estimate,-0.306882626090294,-0.306882626090294,-0.306882626090294,23678,32483,Quantifiable,Quantifiable,-0.3068826,-2.6090293980818305e-8,Point estimate,Eligible_main_model,-0.306882626090294
GBD_UF,UF,Achromobacter_xylosoxidans,6901970,0.007125647,0.009095954,3.93801e-4,0.001295717,0.012962531,0.02274539,0.012056701,0.010270067,35,115,0.711656941,1.831793565,-0.001970307,-9.01916e-4,-0.009782859,-0.001786634,1.120136624,UF,4575927.661,1506413.965,0.482534817,GBD_UF,Achromobacter xylosoxidans,Point estimate,0.482534816986523,0.482534816986523,0.482534816986523,10375,14634,Quantifiable,Quantifiable,0.482534817,-1.3476997295924775e-11,Point estimate,Eligible_main_model,0.482534816986523
GBD_O3,O3,Achromobacter_xylosoxidans,6901970,0.009095954,0.017423576,0.001295717,0.00487513,0.02274539,0.064762379,0.010270067,0.004934269,115,159,1.831793565,1.322168356,-0.008327622,-0.003579413,-0.042016989,-0.005335798,-0.509625209,O3,1506413.965,2641334.31,-0.243879,GBD_O3,Achromobacter xylosoxidans,Point estimate,-0.243879039646363,-0.243879039646363,-0.243879039646363,14634,23678,Quantifiable,Quantifiable,-0.243879,-3.964636299813584e-8,Point estimate,Eligible_main_model,-0.243879039646363
CZSC_UV,UV,Achromobacter_xylosoxidans,6901970,0.00503349,0.004816886,1.24747e-4,1.37352e-4,0.008379057,0.008088705,0.006777649,0.004274759,5,2,0.143922167,0.060157613,2.16605e-4,-1.26051e-5,2.90352e-4,-0.00250289,-0.083764554,UV,1027080.336,643670.0401,0.20294112,CZSC_UV,Achromobacter xylosoxidans,Point estimate,0.202941119509236,0.202941119509236,0.202941119509236,5064,4308,Quantifiable,Quantifiable,0.20294112,-4.90764012761602e-10,Point estimate,Eligible_main_model,0.202941119509236
BXH_O3_Cl,O3_Cl,Achromobacter_xylosoxidans,6901970,0.020239584,0.014729708,0.004583764,0.004765741,0.072842246,0.073247203,0.011331207,0.010234151,547,544,3.915729493,5.350960025,0.005509876,-1.81977e-4,-4.04957e-4,-0.001097056,1.435230533,O3_Cl,3060148.515,2745229.885,0.047163786,BXH_O3_Cl,Achromobacter xylosoxidans,Point estimate,0.0471637860828301,0.0471637860828301,0.0471637860828301,41210,47767,Quantifiable,Quantifiable,0.047163786,8.283010388687728e-11,Point estimate,Eligible_main_model,0.0471637860828301
WFSW_UV,UV,Acinetobacter_lwoffii,3528101,0.016460413,0.031426538,0.002388254,0.002592329,0.057373358,0.101410646,0.001461811,0.002274086,9,25,0.154974687,0.22547711,-0.014966125,-2.04076e-4,-0.044037288,8.12275e-4,0.070502422,UV,52492.68897,78383.52863,-0.17412599,WFSW_UV,Acinetobacter lwoffii,Point estimate,-0.174125990081965,-0.174125990081965,-0.174125990081965,449,995,Quantifiable,Quantifiable,-0.17412599,-8.196499035051373e-11,Point estimate,Eligible_main_model,-0.174125990081965
SZSG_UV,UV,Acinetobacter_lwoffii,3528101,0.013720696,0.011631186,0.002907513,0.002124372,0.045972323,0.040323109,0.003721884,0.002668005,44,15,0.908940671,0.365532703,0.002089509,7.83141e-4,0.005649215,-0.001053879,-0.543407968,UV,140097.0084,46415.38194,0.479766933,SZSG_UV,Acinetobacter lwoffii,Point estimate,0.479766932952668,0.479766932952668,0.479766932952668,444,350,Quantifiable,Quantifiable,0.479766933,-4.7332027186541836e-11,Point estimate,Eligible_main_model,0.479766932952668
SZSG_UV_Cl,UV_Cl,Acinetobacter_lwoffii,3528101,0.041997947,0.021087832,0.001126668,4.32811e-4,0.067494666,0.027109768,0.004765646,0.003204359,17,4,0.114730754,0.053763441,0.020910116,6.93858e-4,0.040384898,-0.001561288,-0.060967313,UV_Cl,111594.4837,69975.8736,0.202694398,SZSG_UV_Cl,Acinetobacter lwoffii,Point estimate,0.202694398030814,0.202694398030814,0.202694398030814,1935,832,Quantifiable,Quantifiable,0.202694398,3.081399024829068e-11,Point estimate,Eligible_main_model,0.202694398030814
SZFX_UV,UV,Acinetobacter_lwoffii,3528101,0.013243668,0.016964367,0.002242283,0.002974121,0.042575028,0.053943467,0.001984744,0.003339301,15,53,0.321027287,0.88551761,-0.003720698,-7.31838e-4,-0.011368439,0.001354557,0.564490323,UV,59566.154,59840.98832,-0.0019992,SZFX_UV,Acinetobacter lwoffii,Point estimate,-0.00199919764260475,-0.00199919764260475,-0.00199919764260475,400,482,Quantifiable,Quantifiable,-0.0019992,2.357395249927979e-9,Point estimate,Eligible_main_model,-0.00199919764260475
SZBH_UV_Cl,UV_Cl,Acinetobacter_lwoffii,3528101,0.050463124,0.013006714,0.011465375,0.001714804,0.333443685,0.037485888,0.010946911,0.007012924,822,75,4.616965946,1.634378609,0.037456411,0.009750571,0.295957797,-0.003933987,-2.982587336,UV_Cl,272819.3301,47107.8403,0.762781944,SZBH_UV_Cl,Acinetobacter lwoffii,Point estimate,0.762781944091042,0.762781944091042,0.762781944091042,1138,660,Quantifiable,Quantifiable,0.762781944,9.104206277754656e-11,Point estimate,Eligible_main_model,0.762781944091042
JXQ_O3,O3,Acinetobacter_lwoffii,3528101,0.01968396,0.02479861,0.002595164,0.003188401,0.054406039,0.065033569,0.002819473,0.004791923,30,59,0.431984103,0.674347369,-0.005114649,-5.93237e-4,-0.01062753,0.00197245,0.242363266,O3,393564.9661,198108.6924,0.298112901,JXQ_O3,Acinetobacter lwoffii,Point estimate,0.298112900570108,0.298112900570108,0.298112900570108,564,642,Quantifiable,Quantifiable,0.298112901,-4.2989201087806345e-10,Point estimate,Eligible_main_model,0.298112900570108
JXQ_Cl,Cl,Acinetobacter_lwoffii,3528101,0.021740591,0.017705842,0.00236161,0.002604801,0.051183625,0.050135753,0.003048799,0.003900858,30,50,0.391118991,0.80040981,0.004034748,-2.4319e-4,0.001047872,8.52058e-4,0.409290818,Cl,96611.02735,45207.2462,0.329818648,JXQ_Cl,Acinetobacter lwoffii,Point estimate,0.329818647639967,0.329818647639967,0.329818647639967,494,333,Quantifiable,Quantifiable,0.329818648,-3.6003300341036493e-10,Point estimate,Eligible_main_model,0.329818647639967
HBZZ_West_Cl,Cl,Acinetobacter_lwoffii,3528101,0.004858704,0.067179199,0.002858478,0.035040664,0.131347997,0.711427762,0.003914913,0.001886163,76,429,4.433555011,1.810012025,-0.062320495,-0.032182185,-0.580079765,-0.002028749,-2.623542987,Cl,14521.66489,45720.68763,-0.4980963,HBZZ_West_Cl,Acinetobacter lwoffii,Point estimate,-0.498096342939259,-0.498096342939259,-0.498096342939259,484,1404,Quantifiable,Quantifiable,-0.4980963,-4.2939258981800066e-8,Point estimate,Eligible_main_model,-0.498096342939259
HBZZ_Song_O3,O3,Acinetobacter_lwoffii,3528101,0.00384116,0.004230888,0.0015694,0.001602278,0.067671532,0.10003937,0.003713526,0.003547962,45,51,3.320543093,3.416627588,-3.89728e-4,-3.28789e-5,-0.032367838,-1.65565e-4,0.096084494,O3,51931.81818,34386.368520000004,0.179047215,HBZZ_Song_O3,Acinetobacter lwoffii,Point estimate,0.179047214700831,0.179047214700831,0.179047214700831,457,340,Quantifiable,Quantifiable,0.179047215,-2.9916902288817937e-10,Point estimate,Eligible_main_model,0.179047214700831
HBZZ_East_O3,O3,Acinetobacter_lwoffii,3528101,0.004767721,0.006186331,0.002483206,0.002582409,0.067040598,0.22352393,0.002352466,0.001927359,39,34,2.318530408,1.557775131,-0.00141861,-9.92035e-5,-0.156483332,-4.25107e-4,-0.760755278,O3,20108.69565,18010.43037,0.04785981,HBZZ_East_O3,Acinetobacter lwoffii,Point estimate,0.0478598103573263,0.0478598103573263,0.0478598103573263,185,560,Quantifiable,Quantifiable,0.04785981,3.5732630049301046e-10,Point estimate,Eligible_main_model,0.0478598103573263
HBZZ_East_Cl,Cl,Acinetobacter_lwoffii,3528101,0.023183293,0.008354353,0.00334826,0.002991694,0.103295229,0.353068124,0.002022177,0.002878378,29,46,0.354553568,1.560644614,0.014828941,3.56566e-4,-0.249772895,8.56201e-4,1.206091046,Cl,64622.43352,18727.17988,0.537910926,HBZZ_East_Cl,Acinetobacter lwoffii,Point estimate,0.537910926477916,0.537910926477916,0.537910926477916,740,680,Quantifiable,Quantifiable,0.537910926,4.779160400758542e-10,Point estimate,Eligible_main_model,0.537910926477916
GBD_UV_Cl,UV_Cl,Acinetobacter_lwoffii,3528101,0.034936075,0.054785563,0.00669652,0.006962669,0.137842142,0.17372972,0.007243578,0.007083673,306,313,2.482597478,1.619336848,-0.019849488,-2.66149e-4,-0.035887578,-1.59905e-4,-0.863260631,UV_Cl,141448.2602,314505.4945,-0.3470306,GBD_UV_Cl,Acinetobacter lwoffii,Point estimate,-0.347030627013962,-0.347030627013962,-0.347030627013962,1268,1908,Quantifiable,Quantifiable,-0.3470306,-2.7013961956257052e-8,Point estimate,Eligible_main_model,-0.347030627013962
GBD_UF,UF,Acinetobacter_lwoffii,3528101,0.021544735,0.028588751,0.005526486,0.008221137,0.100835549,0.167263352,0.006634526,0.007668647,222,405,2.920591486,4.015307741,-0.007044016,-0.002694651,-0.066427804,0.001034121,1.094716256,UF,301680.4356,124350.695,0.38489893,GBD_UF,Acinetobacter lwoffii,Point estimate,0.38489892973477,0.38489892973477,0.38489892973477,684,1208,Quantifiable,Quantifiable,0.38489893,-2.652299491145982e-10,Point estimate,Eligible_main_model,0.38489892973477
GBD_O3,O3,Acinetobacter_lwoffii,3528101,0.028588751,0.034936075,0.008221137,0.00669652,0.167263352,0.137842142,0.007668647,0.007243578,405,306,4.015307741,2.482597478,-0.006347324,0.001524616,0.02942121,-4.25069e-4,-1.532710263,O3,124350.6949,141448.2602,-0.0559494,GBD_O3,Acinetobacter lwoffii,Point estimate,-0.0559493933797291,-0.0559493933797291,-0.0559493933797291,1208,1268,Quantifiable,Quantifiable,-0.0559494,6.620270900925541e-9,Point estimate,Eligible_main_model,-0.0559493933797291
CZSC_UV,UV,Acinetobacter_lwoffii,3528101,0.321161441,0.921073405,0.007313566,0.753425426,0.560355557,12.27593938,0.007789299,0.020502822,252,117498,0.222400692,36.15723588,-0.599911964,-0.74611186,-11.71558382,0.012713522,35.93483519,UV,3577947.12,64411678.41,-1.2553307,CZSC_UV,Acinetobacter lwoffii,Point estimate,-1.25533069835019,-1.25533069835019,-1.25533069835019,17641,431099,Quantifiable,Quantifiable,-1.2553307,1.6498100663397963e-9,Point estimate,Eligible_main_model,-1.25533069835019
BXH_O3_Cl,O3_Cl,Acinetobacter_lwoffii,3528101,0.021537365,0.012918848,0.005135907,0.002472435,0.175337667,0.089321989,0.006066402,0.003142232,211,36,2.77682731,0.789837425,0.008618517,0.002663473,0.086015678,-0.002924169,-1.986989885,O3_Cl,67648.51485,18505.74713,0.562951643,BXH_O3_Cl,Acinetobacter lwoffii,Point estimate,0.562951643168824,0.562951643168824,0.562951643168824,911,322,Quantifiable,Quantifiable,0.562951643,1.6882395481587764e-10,Point estimate,Eligible_main_model,0.562951643168824
WFSW_UV,UV,Aeromonas_caviae,4586140,0.082447767,0.162175599,2.96328e-4,1.48927e-4,0.101344704,0.194245924,0.004764408,0.011953799,11,12,0.029091525,0.016134237,-0.079727832,1.47401e-4,-0.09290122,0.007189391,-0.012957288,UV,141340,189700,-0.12780224,WFSW_UV,Aeromonas caviae,Point estimate,-0.127779432064577,-0.127779432064577,-0.127779432064577,1209,2408,Quantifiable,Quantifiable,-0.12780224,2.280793542300263e-5,Point estimate,Eligible_main_model,-0.127779432064577
SZSG_UV,UV,Aeromonas_caviae,4586140,0.186188167,0.193041861,4.83631e-4,5.04128e-4,0.245405722,0.259545718,0.00629083,0.006865735,18,23,0.021080122,0.025979395,-0.006853694,-2.04965e-5,-0.014139996,5.74905e-4,0.004899273,UV,985410,400630,0.390873498,SZSG_UV,Aeromonas caviae,Point estimate,0.390873266145242,0.390873266145242,0.390873266145242,3123,3021,Quantifiable,Quantifiable,0.390873498,-2.3185475800380217e-7,Point estimate,Eligible_main_model,0.390873266145242
SZFX_UV,UV,Aeromonas_caviae,4586140,0.179762066,0.230501249,0.002794071,0.003689595,0.25176859,0.339487456,0.007376273,0.007794555,102,160,0.123724245,0.151355912,-0.050739184,-8.95524e-4,-0.087718866,4.18282e-4,0.027631667,UV,487250,534970,-0.04057758,SZFX_UV,Aeromonas caviae,Point estimate,-0.0405753498207999,-0.0405753498207999,-0.0405753498207999,3272,4309,Quantifiable,Quantifiable,-0.04057758,2.2301792001050424e-6,Point estimate,Eligible_main_model,-0.0405753498207999
SZBH_UV_Cl,UV_Cl,Aeromonas_caviae,4586140,0.507034238,0.042536861,0.014557558,3.88126e-5,0.910381497,0.051668942,0.010297014,0.011685393,806,3,0.346617469,0.015378306,0.464497377,0.014518746,0.858712556,0.00138838,-0.331239163,UV_Cl,2589600,129120,1.302239169,SZBH_UV_Cl,Aeromonas caviae,Point estimate,1.30224922365922,1.30224922365922,1.30224922365922,10802,1809,Quantifiable,Quantifiable,1.302239169,1.0054659220104512e-5,Point estimate,Eligible_main_model,1.30224922365922
JXQ_O3,O3,Aeromonas_caviae,4586140,0.237731295,0.242789143,5.71287e-4,0.001134069,0.315055362,0.3366984,0.007955428,0.004561097,26,36,0.023847326,0.032331506,-0.005057848,-5.62783e-4,-0.021643037,-0.00339433,0.00848418,O3,2452800,1100400,0.348111556,JXQ_O3,Aeromonas caviae,Point estimate,0.348112815172126,0.348112815172126,0.348112815172126,3515,3566,Quantifiable,Quantifiable,0.348111556,1.259172126011343e-6,Point estimate,Eligible_main_model,0.348112815172126
JXQ_Cl,Cl,Aeromonas_caviae,4586140,0.283860719,0.238171098,0.002062519,5.42286e-4,0.417817162,0.320899275,0.006140296,0.0092159230000000009,74,40,0.056843278,0.036620446,0.045689621,0.001520233,0.096917887,0.003075627,-0.020222832,Cl,842120,483030,0.241399877,JXQ_Cl,Aeromonas caviae,Point estimate,0.241404013962203,0.241404013962203,0.241404013962203,4306,3558,Quantifiable,Quantifiable,0.241399877,4.136962202999639e-6,Point estimate,Eligible_main_model,0.241404013962203
GBD_UV_Cl,UV_Cl,Aeromonas_caviae,4586140,0.516127724,0.598909977,0.015455699,0.036424967,0.947391488,1.277119102,0.008103357,0.007828408,677,1531,0.286011946,0.557399192,-0.082782253,-0.020969268,-0.329727614,-2.74949e-4,0.271387246,UV_Cl,1077600,2128500,-0.29561607,GBD_UV_Cl,Aeromonas caviae,Point estimate,-0.295621534802281,-0.295621534802281,-0.295621534802281,9660,12913,Quantifiable,Quantifiable,-0.29561607,-5.464802280974457e-6,Point estimate,Eligible_main_model,-0.295621534802281
GBD_UF,UF,Aeromonas_caviae,4586140,0.536933238,0.624391318,0.021550149,0.041960996,1.036115121,1.37327949,0.007519459,0.008571893,907,1973,0.368332202,0.689005869,-0.08745808,-0.020410847,-0.337164369,0.001052435,0.320673667,UF,4436600,1412700,0.49700033,GBD_UF,Aeromonas caviae,Point estimate,0.496983861064114,0.496983861064114,0.496983861064114,10059,13724,Quantifiable,Quantifiable,0.49700033,-1.6468935885971536e-5,Point estimate,Eligible_main_model,0.496983861064114
GBD_O3,O3,Aeromonas_caviae,4586140,0.624391318,0.516127724,0.041960996,0.015455699,1.37327949,0.947391488,0.008571893,0.008103357,1973,677,0.689005869,0.286011946,0.108263594,0.026505296,0.425888002,-4.68536e-4,-0.402993923,O3,1412700,1077600,0.117592362,GBD_O3,Aeromonas caviae,Point estimate,0.117606508849514,0.117606508849514,0.117606508849514,13724,9660,Quantifiable,Quantifiable,0.117592362,1.4146849513993476e-5,Point estimate,Eligible_main_model,0.117606508849514
CZSC_UV,UV,Aeromonas_caviae,4586140,0.225163645,0.126105614,8.57584e-4,2.03439e-4,0.301015887,0.156904499,0.010718432,0.00278671,63,1,0.061009149,0.001729093,0.099058031,6.54145e-4,0.144111388,-0.007931722,-0.059280057,UV,718590,286720,0.399023181,CZSC_UV,Aeromonas caviae,Point estimate,0.399019294723587,0.399019294723587,0.399019294723587,3543,1919,Quantifiable,Quantifiable,0.399023181,-3.886276413012091e-6,Point estimate,Eligible_main_model,0.399019294723587
BXH_O3_Cl,O3_Cl,Aeromonas_caviae,4586140,0.169730318,0.08805139,2.62966e-4,3.96848e-5,0.21956852600000001,0.106210888,0.007564032,0.007912088,14,1,0.01798545,0.002476375,0.081678928,2.23281e-4,0.113357638,3.48056e-4,-0.015509074,O3_Cl,279950,128790,0.337198329,BXH_O3_Cl,Aeromonas caviae,Point estimate,0.337188631562389,0.337188631562389,0.337188631562389,3770,2241,Quantifiable,Quantifiable,0.337198329,-9.6974376110337e-6,Point estimate,Eligible_main_model,0.337188631562389
SZSG_UV,UV,Aeromonas_hydrophila,4744448,0.28035253,0.212527569,0.001346416,6.23044e-4,0.393671297,0.287595101,0.00418236,0.002100589,25,8,0.018795325,0.007933942,0.067824961,7.23372e-4,0.106076197,-0.002081771,-0.010861383,UV,6229268.331,2027689.114,0.487435669,SZSG_UV,Aeromonas hydrophila,Point estimate,0.487435669347986,0.487435669347986,0.487435669347986,19742,15290,Quantifiable,Quantifiable,0.487435669,3.4798597337015735e-10,Point estimate,Eligible_main_model,0.487435669347986
SZFX_UV,UV,Aeromonas_hydrophila,4744448,0.823149289,0.829275186,0.253964423,0.299554553,3.023159069,3.322471023,0.006027258,0.005330631,9406,9651,2.408466865,2.45294581,-0.006125897,-0.04559013,-0.299311954,-6.96628e-4,0.044478945,UV,20970413.43,18826819.15,0.046830042,SZFX_UV,Aeromonas hydrophila,Point estimate,0.0468300417414112,0.0468300417414112,0.0468300417414112,140821,151644,Quantifiable,Quantifiable,0.046830042,-2.5858880314810756e-10,Point estimate,Eligible_main_model,0.0468300417414112
SZBH_UV_Cl,UV_Cl,Aeromonas_hydrophila,4744448,0.685027637,0.387440014,0.065400654,0.003986133,1.644067972,0.599615382,0.008273797,0.003874262,2713,74,0.834749197,0.040257014,0.297587622,0.061414521,1.04445259,-0.004399535,-0.794492183,UV_Cl,18654561.1,1930350.819,0.985148791,SZBH_UV_Cl,Aeromonas hydrophila,Point estimate,0.985148791209913,0.985148791209913,0.985148791209913,77813,27045,Quantifiable,Quantifiable,0.985148791,2.0991308691264976e-10,Point estimate,Eligible_main_model,0.985148791209913
JXQ_Cl,Cl,Aeromonas_hydrophila,4744448,0.060086653,0.063354262,8.6206e-5,5.54332e-5,0.074647883,0.075705962,0.016347488,0.012167301,9,4,0.031570307,0.013307561,-0.003267609,3.07728e-5,-0.001058079,-0.004180187,-0.018262746,Cl,1089709.806,811286.7966,0.128136451,JXQ_Cl,Aeromonas hydrophila,Point estimate,0.128136451167224,0.128136451167224,0.128136451167224,5572,5976,Quantifiable,Quantifiable,0.128136451,1.6722398465951469e-10,Point estimate,Eligible_main_model,0.128136451167224
HBZZ_Song_O3,O3,Aeromonas_hydrophila,4744448,0.142503617,0.064912504,2.30585e-4,3.75175e-5,0.173372118,0.07434142,0.001316271,0,3,0,0.004437207,0,0.077591113,1.93068e-4,0.099030699,-0.001316271,-0.004437207,O3,1355113.636,795336.4766,0.231424815,HBZZ_Song_O3,Aeromonas hydrophila,Point estimate,0.231424814561308,0.231424814561308,0.231424814561308,11925,7864,Quantifiable,Quantifiable,0.231424815,-4.3869199939372544e-10,Point estimate,Eligible_main_model,0.231424814561308
HBZZ_East_O3,O3,Aeromonas_hydrophila,4744448,0.002745736,0.001041849,2.69789e-5,4.86885e-5,0.003052621,0.002039015,0,0,0,0,0,0,0.001703886,-2.17096e-5,0.001013606,0,0,O3,839673.913,306305.9622,0.43795521,HBZZ_East_O3,Aeromonas hydrophila,Point estimate,0.437955210324543,0.437955210324543,0.437955210324543,7725,9524,Quantifiable,Quantifiable,0.43795521,3.2454300358253363e-10,Point estimate,Eligible_main_model,0.437955210324543
GBD_UV_Cl,UV_Cl,Aeromonas_hydrophila,4744448,0.092475879,0.173950689,3.42716e-4,7.29695e-4,0.11765942,0.234929543,0.013758371,0.009701613,32,45,0.072934972,0.054525627,-0.08147481,-3.86979e-4,-0.117270123,-0.004056758,-0.018409345,UV_Cl,1257974.787,2686153.846,-0.3294589,GBD_UV_Cl,Aeromonas hydrophila,Point estimate,-0.329458945750232,-0.329458945750232,-0.329458945750232,11277,16296,Quantifiable,Quantifiable,-0.3294589,-4.575023199171469e-8,Point estimate,Eligible_main_model,-0.329458945750232
GBD_UF,UF,Aeromonas_hydrophila,4744448,0.064722387,0.1019225,4.91522e-4,3.20585e-4,0.085546517,0.132510674,0.014434153,0.014127715,40,26,0.130262609,0.053767221,-0.037200113,1.70937e-4,-0.046964157,-3.06438e-4,-0.076495388,UF,3530631.414,1270065.294,0.444026333,GBD_UF,Aeromonas hydrophila,Point estimate,0.444026332647125,0.444026332647125,0.444026332647125,8005,12338,Quantifiable,Quantifiable,0.444026333,-3.5287500699254787e-10,Point estimate,Eligible_main_model,0.444026332647125
GBD_O3,O3,Aeromonas_hydrophila,4744448,0.1019225,0.092475879,3.20585e-4,3.42716e-4,0.132510674,0.11765942,0.014127715,0.013758371,26,32,0.053767221,0.072934972,0.009446621,-2.21311e-5,0.014851254,-3.69344e-4,0.019167751,O3,1270065.293,1257974.787,0.004154111,GBD_O3,Aeromonas hydrophila,Point estimate,0.00415411135535741,0.00415411135535741,0.00415411135535741,12338,11277,Quantifiable,Quantifiable,0.004154111,3.5535741016445854e-10,Point estimate,Eligible_main_model,0.00415411135535741
CZSC_UV,UV,Aeromonas_hydrophila,4744448,0.036174704,0.032624027,4.25761e-5,3.0562e-5,0.04368348,0.037995779,0.028514852,0.001915709,6,0,0.034959127,0,0.003550676,1.2014e-5,0.005687701,-0.026599143,-0.034959127,UV,1012680.118,484545.4828,0.320137735,CZSC_UV,Aeromonas hydrophila,Point estimate,0.320137734508018,0.320137734508018,0.320137734508018,4993,3243,Quantifiable,Quantifiable,0.320137735,-4.919819551751914e-10,Point estimate,Eligible_main_model,0.320137734508018
BXH_O3_Cl,O3_Cl,Aeromonas_hydrophila,4744448,0.133760134,0.032326838,1.45222e-4,2.33958e-5,0.168658187,0.036803228,0.015907112,0,15,0,0.023636266,0,0.101433296,1.21827e-4,0.13185496,-0.015907112,-0.023636266,O3_Cl,1211658.416,551206.8966,0.34206556,BXH_O3_Cl,Aeromonas hydrophila,Point estimate,0.34206556043514,0.34206556043514,0.34206556043514,16317,9591,Quantifiable,Quantifiable,0.34206556,4.3514003511546657e-10,Point estimate,Eligible_main_model,0.34206556043514
WFSW_UV,UV,Aliarcobacter_cryaerophilus,2108340,0.34821044,0.316757734,0.051912405,0.024801028,0.905845831,0.670266655,0.007747651,0.008152113,1106,439,1.506512329,0.657349966,0.031452707,0.027111377,0.235579176,4.04461e-4,-0.849162362,UV,5806463.008,2802349.009,0.316389442,WFSW_UV,Aliarcobacter cryaerophilus,Point estimate,0.316389441500077,0.316389441500077,0.316389441500077,49666,35573,Quantifiable,Quantifiable,0.316389442,-4.999230474034276e-10,Point estimate,Eligible_main_model,0.316389441500077
SZSG_UV,UV,Aliarcobacter_cryaerophilus,2108340,0.349033837,0.273943007,0.060682812,0.024684349,0.972833129,0.611757591,0.007776805,0.007239722,1256,449,1.706795383,0.777401678,0.07509083,0.035998463,0.361075538,-5.37082e-4,-0.929393705,UV,16119675.37,4280028.676,0.575909613,SZSG_UV,Aliarcobacter cryaerophilus,Point estimate,0.575909612725165,0.575909612725165,0.575909612725165,51087,32274,Quantifiable,Quantifiable,0.575909613,-2.748349325898402e-10,Point estimate,Eligible_main_model,0.575909612725165
SZFX_UV,UV,Aliarcobacter_cryaerophilus,2108340,0.232427882,0.238199247,0.008855782,0.01214842,0.42836829,0.458700684,0.006635271,0.006791592,150,237,0.306099335,0.471918838,-0.005771365,-0.003292638,-0.030332394,1.56321e-4,0.165819503,UV,3539867.617,3080693.536,0.060338523,SZFX_UV,Aliarcobacter cryaerophilus,Point estimate,0.0603385234178648,0.0603385234178648,0.0603385234178648,23771,24814,Quantifiable,Quantifiable,0.060338523,4.1786480525773934e-10,Point estimate,Eligible_main_model,0.0603385234178648
SZBH_UV_Cl,UV_Cl,Aliarcobacter_cryaerophilus,2108340,0.55294924,0.039260745,0.322602142,1.30434e-4,4.824950909,0.048799529,0.010715939,0,13794,0,11.83216747,0,0.513688494,0.322471708,4.77615138,-0.010715939,-11.83216747,UV_Cl,69051339.59,212556.2855,2.511698156,SZBH_UV_Cl,Aliarcobacter cryaerophilus,Point estimate,2.5116981563767,2.5116981563767,2.5116981563767,288031,2978,Quantifiable,Quantifiable,2.511698156,3.767000045229451e-10,Point estimate,Eligible_main_model,2.5116981563767
JXQ_O3,O3,Aliarcobacter_cryaerophilus,2108340,0.278074694,0.251706556,0.016500659,0.012298301,0.550901183,0.482916418,0.008426025,0.008135868,322,249,0.549229373,0.469206664,0.026368138,0.004202358,0.067984765,-2.90157e-4,-0.080022709,O3,21206452.7,7868186.041,0.430593408,JXQ_O3,Aliarcobacter cryaerophilus,Point estimate,0.430593407949759,0.430593407949759,0.430593407949759,30390,25498,Quantifiable,Quantifiable,0.430593408,-5.0241033555664665e-11,Point estimate,Eligible_main_model,0.430593407949759
JXQ_Cl,Cl,Aliarcobacter_cryaerophilus,2108340,0.282831991,0.38811482,0.025031541,0.087843042,0.628906628,1.20873768,0.007765001,0.008849376,467,2204,0.783154957,2.693461146,-0.105282829,-0.062811501,-0.579831052,0.001084375,1.910306189,Cl,6677895.02,8909628.71,-0.12522002,JXQ_Cl,Aliarcobacter cryaerophilus,Point estimate,-0.1252200186754,-0.1252200186754,-0.1252200186754,34146,65629,Quantifiable,Quantifiable,-0.12522002,1.3245999852529167e-9,Point estimate,Eligible_main_model,-0.1252200186754
GBD_UV_Cl,UV_Cl,Aliarcobacter_cryaerophilus,2108340,0.391549276,0.272231708,0.077588529,0.020318355,1.153463388,0.568999782,0.008757413,0.008015666,1746,423,2.115033088,0.736989008,0.119317567,0.057270175,0.584463606,-7.41747e-4,-1.37804408,UV_Cl,7114356.659,4814835.165,0.16955421,GBD_UV_Cl,Aliarcobacter cryaerophilus,Point estimate,0.169554209855244,0.169554209855244,0.169554209855244,63776,29210,Quantifiable,Quantifiable,0.16955421,-1.4475601273211678e-10,Point estimate,Eligible_main_model,0.169554209855244
GBD_UF,UF,Aliarcobacter_cryaerophilus,2108340,0.447176452,0.493465001,0.147747991,0.206871283,1.763016876,2.39999668,0.009681749,0.010387802,4228,6694,4.484514213,6.434113296,-0.046288549,-0.059123291,-0.636979804,7.06053e-4,1.949599083,UF,40395186.75,13311494.84,0.482102792,GBD_UF,Aliarcobacter cryaerophilus,Point estimate,0.482102792054348,0.482102792054348,0.482102792054348,91588,129314,Quantifiable,Quantifiable,0.482102792,5.434797056835805e-11,Point estimate,Eligible_main_model,0.482102792054348
GBD_O3,O3,Aliarcobacter_cryaerophilus,2108340,0.493465001,0.391549276,0.206871283,0.077588529,2.39999668,1.153463388,0.010387802,0.008757413,6694,1746,6.434113296,2.115033088,0.101915725,0.129282753,1.246533292,-0.001630389,-4.319080207,O3,13311494.84,7114356.659,0.272091195,GBD_O3,Aliarcobacter cryaerophilus,Point estimate,0.272091194573098,0.272091194573098,0.272091194573098,129314,63776,Quantifiable,Quantifiable,0.272091195,-4.269020137392942e-10,Point estimate,Eligible_main_model,0.272091194573098
CZSC_UV,UV,Aliarcobacter_cryaerophilus,2108340,0.629210659,0.531853022,0.369366421,0.254866862,6.144997012,3.111718698,0.013917175,0.01154759,21870,10093,16.48587732,9.000942633,0.097357637,0.114499559,3.033278314,-0.002369586,-7.484934691,UV,63691150.06,23333636.6,0.436096661,CZSC_UV,Aliarcobacter cryaerophilus,Point estimate,0.436096660988315,0.436096660988315,0.436096660988315,314028,156169,Quantifiable,Quantifiable,0.436096661,-1.168498631187731e-11,Point estimate,Eligible_main_model,0.436096660988315
BXH_O3_Cl,O3_Cl,Aliarcobacter_cryaerophilus,2108340,0.144519385,0.079615242,0.00652077,2.89327e-5,0.269738278,0.107570411,0.0131126,0.005245902,329,0,1.079764749,0,0.064904143,0.006491837,0.162167867,-0.007866699,-1.079764749,O3_Cl,4397524.752,397816.092,1.043525946,BXH_O3_Cl,Aliarcobacter cryaerophilus,Point estimate,1.04352594598683,1.04352594598683,1.04352594598683,59220,6922,Quantifiable,Quantifiable,1.043525946,-1.3169909607313455e-11,Point estimate,Eligible_main_model,1.04352594598683
WFSW_UV,UV,Bacteroides_fragilis,5241700,0.015205182,0.011953946,3.83463e-5,2.48011e-6,0.01984051,0.013062938,0,0,0,0,0,0,0.003251235,3.58662e-5,0.006777572,0,0,UV,400417.505,232314.5989,0.236436553,WFSW_UV,Bacteroides fragilis,Point estimate,0.236436552937084,0.236436552937084,0.236436552937084,3425,2949,Quantifiable,Quantifiable,0.236436553,-6.291600573860022e-11,Point estimate,Eligible_main_model,0.236436552937084
SZSG_UV,UV,Bacteroides_fragilis,5241700,0.010194212,0.008150028,4.78852e-5,4.36881e-5,0.012604499,0.009901368,0,0.001213003,0,0,0,0,0.002044184,4.19711e-6,0.002703131,0.001213003,0,UV,830169.4347,266159.0616,0.494025483,SZSG_UV,Bacteroides fragilis,Point estimate,0.494025482786542,0.494025482786542,0.494025482786542,2631,2007,Quantifiable,Quantifiable,0.494025483,-2.1345797351912663e-10,Point estimate,Eligible_main_model,0.494025482786542
SZFX_UV,UV,Bacteroides_fragilis,5241700,0.068742011,0.069963752,4.40315e-4,4.53288e-4,0.087078047,0.090691951,0.001760168,0.004565658,1,13,0.002775272,0.035448519,-0.001221741,-1.29729e-5,-0.003613904,0.00280549,0.032673247,UV,1490791.919,1282856.706,0.065238881,SZFX_UV,Bacteroides fragilis,Point estimate,0.0652388812535082,0.0652388812535082,0.0652388812535082,10011,10333,Quantifiable,Quantifiable,0.065238881,2.535082005428179e-10,Point estimate,Eligible_main_model,0.0652388812535082
JXQ_O3,O3,Bacteroides_fragilis,5241700,0.041218307,0.041512296,4.65498e-5,1.65595e-4,0.049080642,0.050997196,0.003934426,0.008886329,0,5,0,0.022978469,-2.93989e-4,-1.19045e-4,-0.001916554,0.004951903,0.022978469,O3,4061255.501,1817847.83,0.349102787,JXQ_O3,Bacteroides fragilis,Point estimate,0.349102786569514,0.349102786569514,0.349102786569514,5820,5891,Quantifiable,Quantifiable,0.349102787,-4.3048603570738914e-10,Point estimate,Eligible_main_model,0.349102786569514
JXQ_Cl,Cl,Bacteroides_fragilis,5241700,0.055659423,0.083881374,1.63306e-4,6.11252e-4,0.071746189,0.10726768,0.002120327,0.004825937,2,16,0.006855184,0.036390019,-0.028221951,-4.47946e-4,-0.035521491,0.00270561,0.029534835,Cl,1420416.785,1600309.364,-0.05178815,JXQ_Cl,Bacteroides fragilis,Point estimate,-0.0517881507938518,-0.0517881507938518,-0.0517881507938518,7263,11788,Quantifiable,Quantifiable,-0.05178815,-7.938518037375886e-10,Point estimate,Eligible_main_model,-0.0517881507938518
GBD_UV_Cl,UV_Cl,Bacteroides_fragilis,5241700,0.034522006,0.027144056,4.65498e-5,3.6057e-5,0.041975313,0.03314211,0.0056102,0.001469724,3,0,0.016578799,0,0.00737795,1.04928e-5,0.008833203,-0.004140476,-0.016578799,UV_Cl,778076.9834,878901.0989,-0.05291744,GBD_UV_Cl,Bacteroides fragilis,Point estimate,-0.0529174389877858,-0.0529174389877858,-0.0529174389877858,6975,5332,Quantifiable,Quantifiable,-0.05291744,1.0122142013457847e-9,Point estimate,Eligible_main_model,-0.0529174389877858
GBD_UF,UF,Bacteroides_fragilis,5241700,0.038303795,0.047745006,6.16212e-5,1.1294e-4,0.047578076,0.05891581,0.003154025,0.003547297,1,2,0.00498065,0.007991529,-0.009441212,-5.13192e-5,-0.011337734,3.93272e-4,0.003010879,UF,3221453.073,989040.958,0.512837532,GBD_UF,Bacteroides fragilis,Point estimate,0.51283753243116,0.51283753243116,0.51283753243116,7304,9608,Quantifiable,Quantifiable,0.512837532,4.3115999659448784e-10,Point estimate,Eligible_main_model,0.51283753243116
GBD_O3,O3,Bacteroides_fragilis,5241700,0.047745006,0.034522006,1.1294e-4,4.65498e-5,0.05891581,0.041975313,0.003547297,0.0056102,2,3,0.007991529,0.016578799,0.013223,6.63907e-5,0.016940496,0.002062903,0.00858727,O3,989040.9578,778076.9834,0.104191708,GBD_O3,Bacteroides fragilis,Point estimate,0.104191708330086,0.104191708330086,0.104191708330086,9608,6975,Quantifiable,Quantifiable,0.104191708,3.3008600019979184e-10,Point estimate,Eligible_main_model,0.104191708330086
CZSC_UV,UV,Bacteroides_fragilis,5241700,0.057729363,0.04131236,3.84799e-4,7.7265e-5,0.073228151,0.051990194000000003,0.004480614,0.007506173,13,3,0.042961005,0.013853805,0.016417002,3.07534e-4,0.021237957,0.003025559,-0.029107199,UV,2376441.608,1201577.173,0.296175478,CZSC_UV,Bacteroides fragilis,Point estimate,0.296175478281209,0.296175478281209,0.296175478281209,11717,8042,Quantifiable,Quantifiable,0.296175478,2.8120900052996944e-10,Point estimate,Eligible_main_model,0.296175478281209
WFSW_UV,UV,Bordetella_hinzii,5033537,0.002915246,0.003659852,0.001616954,0.002441027,0.017255659,0.047902896,0.018145725,0.021930206,227,642,15.46953796,34.8496363,-7.44606e-4,-8.24073e-4,-0.030647237,0.00378448,19.38009835,UV,402288.0685,599338.5787,-0.17313508,WFSW_UV,Bordetella hinzii,Point estimate,-0.17313508164799,-0.17313508164799,-0.17313508164799,3441,7608,Quantifiable,Quantifiable,-0.17313508,-1.6479899944688015e-9,Point estimate,Eligible_main_model,-0.17313508164799
SZSG_UV,UV,Bordetella_hinzii,5033537,0.002419571,0.002350236,3.15881e-4,4.6071e-4,0.00614836,0.006936276,0.020150088,0.018899333,31,49,2.545364972,4.142011834,6.93349e-5,-1.44829e-4,-7.87915e-4,-0.001250755,1.596646862,UV,1534440.882,640134.4246,0.379678978,SZSG_UV,Bordetella hinzii,Point estimate,0.37967897793781,0.37967897793781,0.37967897793781,4863,4827,Quantifiable,Quantifiable,0.379678978,-6.218997539164661e-11,Point estimate,Eligible_main_model,0.37967897793781
SZBH_UV_Cl,UV_Cl,Bordetella_hinzii,5033537,0.004119767,0.00277757,0.001301669,8.02219e-4,0.016959645,0.009809603,0.020775145,0.013492949,212,63,10.22327241,4.506115442,0.001342197,4.9945e-4,0.007150042,-0.007282197,-5.717156969,UV_Cl,2304819.894,615899.3241,0.573127266,SZBH_UV_Cl,Bordetella hinzii,Point estimate,0.57312726637732,0.57312726637732,0.57312726637732,9614,8629,Quantifiable,Quantifiable,0.573127266,3.7732006408219826e-10,Point estimate,Eligible_main_model,0.57312726637732
JXQ_O3,O3,Bordetella_hinzii,5033537,0.002762471,0.002110842,5.47726e-4,2.83896e-4,0.007424004,0.004839341,0.015586582,0.016532567,51,36,3.667745415,3.388235294,6.51629e-4,2.6383e-4,0.002584664,9.45986e-4,-0.279510121,O3,4999810.252,2354469.35,0.327060481,JXQ_O3,Bordetella hinzii,Point estimate,0.327060481434102,0.327060481434102,0.327060481434102,7165,7630,Quantifiable,Quantifiable,0.327060481,4.3410197658744204e-10,Point estimate,Eligible_main_model,0.327060481434102
HBZZ_West_Cl,Cl,Bordetella_hinzii,5033537,0.005523353,0.001505303,0.002314277,4.07268e-5,0.032896152,0.001909989,0.019219216,0,427,0,15.35860729,0,0.004018049,0.00227355,0.030986163,-0.019219216,-15.35860729,Cl,699560.2037,281748.8528,0.394962939,HBZZ_West_Cl,Bordetella hinzii,Point estimate,0.394962939090468,0.394962939090468,0.394962939090468,23316,8652,Quantifiable,Quantifiable,0.394962939,9.046796645151288e-11,Point estimate,Eligible_main_model,0.394962939090468
HBZZ_Song_O3,O3,Bordetella_hinzii,5033537,0.013082649,0.013509983,0.01153801,0.012080173,0.27925572,0.558714081,0.002555831,0.002709057,348,399,5.284577538,5.867388203,-4.27334e-4,-5.42163e-4,-0.279458361,1.53227e-4,0.582810666,O3,2459659.091,4050107.393,-0.21659162,HBZZ_Song_O3,Bordetella hinzii,Point estimate,-0.216591621202493,-0.216591621202493,-0.216591621202493,21645,40046,Quantifiable,Quantifiable,-0.21659162,-1.2024929940679383e-9,Point estimate,Eligible_main_model,-0.216591621202493
HBZZ_East_O3,O3,Bordetella_hinzii,5033537,0.004828414,0.003667203,0.001983893,0.001821185,0.025523802,0.01966331,0.018960833,0.010236703,331,126,13.61915734,6.825938567,0.001161211,1.62709e-4,0.005860491,-0.00872413,-6.793218774,O3,1495434.783,304569.2422,0.691081435,HBZZ_East_O3,Bordetella hinzii,Point estimate,0.691081435070822,0.691081435070822,0.691081435070822,13758,9470,Quantifiable,Quantifiable,0.691081435,7.082201491925844e-11,Point estimate,Eligible_main_model,0.691081435070822
HBZZ_East_Cl,Cl,Bordetella_hinzii,5033537,0.00477239,0.004148574,0.001063467,0.001494575,0.014951713,0.016622705,0.016670499,0.01835936,109,191,4.537507285,9.146633464,6.23816e-4,-4.31108e-4,-0.001670992,0.001688861,4.609126179,Cl,1526137.362,212746.2714,0.855731667,HBZZ_East_Cl,Bordetella hinzii,Point estimate,0.855731667393835,0.855731667393835,0.855731667393835,17476,7725,Quantifiable,Quantifiable,0.855731667,3.9383496464040485e-10,Point estimate,Eligible_main_model,0.855731667393835
GBD_UV_Cl,UV_Cl,Bordetella_hinzii,5033537,0.003357877,0.004269562,0.001768538,0.002214149,0.019303722,0.029361461,0.020724922,0.020021161,287,412,16.98023902,19.17081569,-9.11685e-4,-4.45611e-4,-0.010057739,-7.03761e-4,2.190576665,UV_Cl,1051491.562,1897747.253,-0.25643258,GBD_UV_Cl,Bordetella hinzii,Point estimate,-0.256432579430054,-0.256432579430054,-0.256432579430054,9426,11513,Quantifiable,Quantifiable,-0.25643258,5.699460348118635e-10,Point estimate,Eligible_main_model,-0.256432579430054
GBD_UF,UF,Bordetella_hinzii,5033537,0.002489105,0.003248809,9.01553e-4,0.001466365,0.009677688,0.015950613,0.016408893,0.020895268,112,220,8.939260915,13.45318902,-7.59704e-4,-5.64812e-4,-0.006272925,0.004486374,4.513928103,UF,3806730.76,896704.3907,0.627902865,GBD_UF,Bordetella hinzii,Point estimate,0.627902865170403,0.627902865170403,0.627902865170403,8631,8711,Quantifiable,Quantifiable,0.627902865,1.7040291400149954e-10,Point estimate,Eligible_main_model,0.627902865170403
GBD_O3,O3,Bordetella_hinzii,5033537,0.003248809,0.003357877,0.001466365,0.001768538,0.015950613,0.019303722,0.020895268,0.020724922,220,287,13.45318902,16.98023902,-1.09068e-4,-3.02173e-4,-0.003353109,-1.70345e-4,3.527050008,O3,896704.3905,1051491.562,-0.0691565,GBD_O3,Bordetella hinzii,Point estimate,-0.0691564958033926,-0.0691564958033926,-0.0691564958033926,8711,9426,Quantifiable,Quantifiable,-0.0691565,4.196607394924001e-9,Point estimate,Eligible_main_model,-0.0691564958033926
BXH_O3_Cl,O3_Cl,Bordetella_hinzii,5033537,0.004708021,0.003825938,0.002541155,0.002677243,0.056793464,0.1007693,0.021884246,0.022907783,710,885,29.96033421,45.95492782,8.82084e-4,-1.36087e-4,-0.043975836,0.001023537,15.99459362,O3_Cl,1004034.653,844540.2299,0.07512836,BXH_O3_Cl,Bordetella hinzii,Point estimate,0.0751283602736658,0.0751283602736658,0.0751283602736658,13521,14695,Quantifiable,Quantifiable,0.07512836,2.7366579835597094e-10,Point estimate,Eligible_main_model,0.0751283602736658
SZSG_UV,UV,Chryseobacterium_gleum,5643321,0.246583173,0.16336285,0.01389625,0.003630309,0.500705701,0.274412177,7.25628e-4,5.64472e-4,48,12,0.034493959,0.013016469,0.083220324,0.010265941,0.226293525,-1.61157e-4,-0.02147749,UV,18485547.83,4330422.519,0.630302053,SZSG_UV,Chryseobacterium gleum,Point estimate,0.630302053032279,0.630302053032279,0.630302053032279,58585,32654,Quantifiable,Quantifiable,0.630302053,3.227906830716165e-11,Point estimate,Eligible_main_model,0.630302053032279
SZSG_UV_Cl,UV_Cl,Chryseobacterium_gleum,5643321,0.037955842,0.096542444,3.38453e-5,3.70881e-4,0.04751936,0.126188994,0,0.007595267,0,19,0,0.034873903,-0.058586602,-3.37036e-4,-0.078669634,0.007595267,0.034873903,UV_Cl,413678.1557,1455700.024,-0.5464093,SZSG_UV_Cl,Chryseobacterium gleum,Point estimate,-0.546409300724642,-0.546409300724642,-0.546409300724642,7173,17308,Quantifiable,Quantifiable,-0.5464093,-7.246420130613274e-10,Point estimate,Eligible_main_model,-0.546409300724642
SZBH_UV_Cl,UV_Cl,Chryseobacterium_gleum,5643321,0.049605365,0.041019286,0.001315183,7.37155e-4,0.082234911,0.064972735,0.003034936,0.001184513,9,3,0.032149861,0.012959803,0.008586079,5.78028e-4,0.017262176,-0.001850423,-0.019190058,UV_Cl,2664663.316,449951.2503,0.77247688,SZBH_UV_Cl,Chryseobacterium gleum,Point estimate,0.772476880127369,0.772476880127369,0.772476880127369,11115,6304,Quantifiable,Quantifiable,0.77247688,1.273690042324915e-10,Point estimate,Eligible_main_model,0.772476880127369
HBZZ_West_Cl,Cl,Chryseobacterium_gleum,5643321,0.005590502,0.038628673,9.77793e-4,9.85235e-5,0.015905174,0.054534201,0.004036332,0,12,0,0.380360709,0,-0.03303817,8.79269e-4,-0.038629027,-0.004036332,-0.380360709,Cl,208103.8589,319263.2632,-0.18586882,HBZZ_West_Cl,Chryseobacterium gleum,Point estimate,-0.185868814901772,-0.185868814901772,-0.185868814901772,6936,9804,Quantifiable,Quantifiable,-0.18586882,5.0982279786726545e-9,Point estimate,Eligible_main_model,-0.185868814901772
HBZZ_Song_O3,O3,Chryseobacterium_gleum,5643321,0.139732438,0.098298325,4.23687e-4,3.10633e-4,0.17583547,0.123664062,0.00198253,0.004293115,2,10,0.002536285,0.01802682,0.041434113,1.13054e-4,0.052171408,0.002310585,0.015490536,O3,1587840.909,1021780.827,0.191449238,HBZZ_Song_O3,Chryseobacterium gleum,Point estimate,0.191449237738158,0.191449237738158,0.191449237738158,13973,10103,Quantifiable,Quantifiable,0.191449238,-2.6184199253265206e-10,Point estimate,Eligible_main_model,0.191449237738158
HBZZ_East_Cl,Cl,Chryseobacterium_gleum,5643321,0.007528368,0.003004082,0.001266453,3.98701e-5,0.02261647,0.004412296,0.006958636,0.001088435,74,0,1.74179122,0,0.004524286,0.001226583,0.018204174,-0.005870201,-1.74179122,Cl,933619.5091,85428.9882,1.038564656,HBZZ_East_Cl,Chryseobacterium gleum,Point estimate,1.03856465552207,1.03856465552207,1.03856465552207,10691,3102,Quantifiable,Quantifiable,1.038564656,-4.77929917863662e-10,Point estimate,Eligible_main_model,1.03856465552207
GBD_UF,UF,Chryseobacterium_gleum,5643321,0.042541617,0.158709384,1.40874e-4,0.002035504,0.05396769,0.246777917,0.002213837,0.002827817,3,40,0.012496043,0.044660402,-0.116167767,-0.001894629,-0.192810226,6.1398e-4,0.03216435899999999,UF,3581352.54,3552332.891,0.003533417,GBD_UF,Chryseobacterium gleum,Point estimate,0.00353341702993415,0.00353341702993415,0.00353341702993415,8120,34509,Quantifiable,Quantifiable,0.003533417,2.9934149776977836e-11,Point estimate,Eligible_main_model,0.00353341702993415
GBD_O3,O3,Chryseobacterium_gleum,5643321,0.158709384,0.087316139,0.002035504,4.37154e-4,0.246777917,0.119662518,0.002827817,0.007206234,40,25,0.044660402,0.050735358,0.071393245,0.00159835,0.127115399,0.004378417,0.006074956,O3,3552332.891,1740772.95,0.309771527,GBD_O3,Chryseobacterium gleum,Point estimate,0.309771527390528,0.309771527390528,0.309771527390528,34509,15605,Quantifiable,Quantifiable,0.309771527,3.905279988281052e-10,Point estimate,Eligible_main_model,0.309771527390528
BXH_O3_Cl,O3_Cl,Chryseobacterium_gleum,5643321,0.007277807,0.003492801,6.59541e-4,1.80567e-4,0.013833698,0.005811117,0.004643603,0.001156771,27,0,0.657398164,0,0.003785005,4.78973e-4,0.008022581,-0.003486832,-0.657398164,O3_Cl,1343910.891,215862.069,0.794194138,BXH_O3_Cl,Chryseobacterium gleum,Point estimate,0.794194138174742,0.794194138174742,0.794194138174742,18098,3756,Quantifiable,Quantifiable,0.794194138,1.7474199864864204e-10,Point estimate,Eligible_main_model,0.794194138174742
WFSW_UV,UV,Cupriavidus_metallidurans,6901105,0.002365128,0.002097055,0.001222848,0.001586123,0.082983667,0.15274409,0.004033933,0.003794456,42,75,2.573214067,5.182421227,2.68073e-4,-3.63275e-4,-0.069760422,-2.39477e-4,2.60920716,UV,464601.216,755081.5296,-0.21091351,WFSW_UV,Cupriavidus metallidurans,Point estimate,-0.210913504779847,-0.210913504779847,-0.210913504779847,3974,9585,Quantifiable,Quantifiable,-0.21091351,5.220153004303896e-9,Point estimate,Eligible_main_model,-0.210913504779847
SZSG_UV,UV,Cupriavidus_metallidurans,6901105,0.002140817,0.001914331,6.66705e-4,5.71068e-4,0.026821647,0.022957338,0.004859429,0.004003999,32,18,2.16596724,1.362500946,2.26485e-4,9.56369e-5,0.003864309,-8.55431e-4,-0.803466294,UV,1360897.291,551414.7374,0.39234698,SZSG_UV,Cupriavidus metallidurans,Point estimate,0.392346980338826,0.392346980338826,0.392346980338826,4313,4158,Quantifiable,Quantifiable,0.39234698,3.3882596728318504e-10,Point estimate,Eligible_main_model,0.392346980338826
SZSG_UV_Cl,UV_Cl,Cupriavidus_metallidurans,6901105,0.004531303,0.001736099,5.43391e-4,4.7688e-4,0.019174466,0.006886868,0.0034458,0.002583631,16,10,0.511656167,0.83465487,0.002795205,6.65111e-5,0.012287597,-8.62169e-4,0.322998703,UV_Cl,172553.3308,106141.289,0.211038989,SZSG_UV_Cl,Cupriavidus metallidurans,Point estimate,0.211038989250916,0.211038989250916,0.211038989250916,2992,1262,Quantifiable,Quantifiable,0.211038989,2.5091598243598407e-10,Point estimate,Eligible_main_model,0.211038989250916
SZFX_UV,UV,Cupriavidus_metallidurans,6901105,0.001540478,0.00149237,4.96587e-4,4.81227e-4,0.011397595,0.011566409,0.001024948,5.90201e-4,2,2,0.188129057,0.194193611,4.81082e-5,1.53599e-5,-1.68814e-4,-4.34747e-4,0.006064554,UV,364842.6933,358797.6271,0.007256091,SZFX_UV,Cupriavidus metallidurans,Point estimate,0.00725609087626709,0.00725609087626709,0.00725609087626709,2450,2890,Quantifiable,Quantifiable,0.007256091,-1.2373291020245647e-10,Point estimate,Eligible_main_model,0.00725609087626709
SZBH_UV_Cl,UV_Cl,Cupriavidus_metallidurans,6901105,0.003076754,0.009212148,0.001594527,0.002885335,0.157232936,0.221094448,0.010106007,0.003429499,256,148,12.05670419,2.327995722,-0.006135394,-0.001290808,-0.063861512,-0.006676508,-9.728708465,UV_Cl,3529630.05,2391579.401,0.169044384,SZBH_UV_Cl,Cupriavidus metallidurans,Point estimate,0.169044384003021,0.169044384003021,0.169044384003021,14723,33507,Quantifiable,Quantifiable,0.169044384,3.021000116731898e-12,Point estimate,Eligible_main_model,0.169044384003021
JXQ_O3,O3,Cupriavidus_metallidurans,6901105,0.002609582,0.002501773,8.54501e-4,6.45984e-4,0.08985619,0.079854748,0.005384767,0.003293064,34,16,1.887944916,0.926730379,1.07809e-4,2.08517e-4,0.010001442,-0.002091703,-0.961214537,O3,4553909.519,1843151.432,0.392823379,JXQ_O3,Cupriavidus metallidurans,Point estimate,0.392823379360403,0.392823379360403,0.392823379360403,6526,5973,Quantifiable,Quantifiable,0.392823379,3.604030407444725e-10,Point estimate,Eligible_main_model,0.392823379360403
JXQ_Cl,Cl,Cupriavidus_metallidurans,6901105,0.001897377,0.002045325,5.47738e-4,6.72066e-4,0.036462567,0.049835787,0.004269591,0.002975775,25,15,1.909271422,1.062699256,-1.47947e-4,-1.24328e-4,-0.013373221,-0.001293816,-0.846572166,Cl,804765.9465,538957.2594,0.174115265,JXQ_Cl,Cupriavidus metallidurans,Point estimate,0.174115265007814,0.174115265007814,0.174115265007814,4115,3970,Quantifiable,Quantifiable,0.174115265,7.813999447492392e-12,Point estimate,Eligible_main_model,0.174115265007814
HBZZ_West_Cl,Cl,Cupriavidus_metallidurans,6901105,0.005404207,0.002177332,0.002259638,0.001741026,1.597282464,1.186808924,0.017809239,0.007897903,627,262,16.81190508,17.4364435,0.003226875,5.18613e-4,0.41047354,-0.009911336,0.624538417,Cl,1180395.331,411160.5428,0.458016052,HBZZ_West_Cl,Cupriavidus metallidurans,Point estimate,0.458016052268938,0.458016052268938,0.458016052268938,39342,12626,Quantifiable,Quantifiable,0.458016052,2.6893798299454375e-10,Point estimate,Eligible_main_model,0.458016052268938
HBZZ_Song_O3,O3,Cupriavidus_metallidurans,6901105,0.005472602,0.006083953,9.86074e-4,0.001977075,0.237037837,0.642871685,0.008163952,0.008303077,99,210,2.621336087,5.001667222,-6.11351e-4,-9.91001e-4,-0.405833848,1.39125e-4,2.380331135,O3,1557159.091,2341408.287,-0.17714417,HBZZ_Song_O3,Cupriavidus metallidurans,Point estimate,-0.177144165569531,-0.177144165569531,-0.177144165569531,13703,23151,Quantifiable,Quantifiable,-0.17714417,4.430468991678538e-9,Point estimate,Eligible_main_model,-0.177144165569531
HBZZ_East_O3,O3,Cupriavidus_metallidurans,6901105,0.003551026,0.040612916,0.001591629,0.023012691,0.930933669,1.679563925,0.013323467,0.001731944,287,455,11.71141761,1.623411376,-0.037061891,-0.021421062,-0.748630256,-0.011591523,-10.08800624,O3,2309782.609,17461691.15,-0.8785152,HBZZ_East_O3,Cupriavidus metallidurans,Point estimate,-0.878515195458907,-0.878515195458907,-0.878515195458907,21250,542938,Quantifiable,Quantifiable,-0.8785152,4.54109305714212e-9,Point estimate,Eligible_main_model,-0.878515195458907
HBZZ_East_Cl,Cl,Cupriavidus_metallidurans,6901105,0.003490166,0.002856064,0.001557577,0.001338626,0.620375578,0.539146412,0.012332278,0.009446611,296,197,12.28929669,9.994926433,6.34101e-4,2.1895e-4,0.081229165,-0.002885668,-2.294370254,Cl,1907147.737,331939.2633,0.759325711,HBZZ_East_Cl,Cupriavidus metallidurans,Point estimate,0.759325711190797,0.759325711190797,0.759325711190797,21839,12053,Quantifiable,Quantifiable,0.759325711,1.9079693380774643e-10,Point estimate,Eligible_main_model,0.759325711190797
GBD_UV_Cl,UV_Cl,Cupriavidus_metallidurans,6901105,0.003094722,0.003540592,0.001159669,0.001432814,0.113389812,0.135396578,0.009685827,0.009626108,108,163,5.056890013,6.671032168,-4.45871e-4,-2.73145e-4,-0.022006766,-5.9719e-5,1.614142156,UV_Cl,1167617.46,2063241.758,-0.24724954,GBD_UV_Cl,Cupriavidus metallidurans,Point estimate,-0.247249538255513,-0.247249538255513,-0.247249538255513,10467,12517,Quantifiable,Quantifiable,-0.24724954,1.7444869992999654e-9,Point estimate,Eligible_main_model,-0.247249538255513
GBD_UF,UF,Cupriavidus_metallidurans,6901105,0.002236019,0.002841719,8.64499e-4,8.3262e-4,0.080426251,0.105690466,0.0049783,0.007519511,47,66,3.045816862,3.365458161,-6.057e-4,3.1879e-5,-0.025264215,0.002541211,0.319641299,UF,2893309.441,888675.1239,0.512651861,GBD_UF,Cupriavidus metallidurans,Point estimate,0.512651860764269,0.512651860764269,0.512651860764269,6560,8633,Quantifiable,Quantifiable,0.512651861,-2.357309902834004e-10,Point estimate,Eligible_main_model,0.512651860764269
GBD_O3,O3,Cupriavidus_metallidurans,6901105,0.002841719,0.003094722,8.3262e-4,0.001159669,0.105690466,0.113389812,0.007519511,0.009685827,66,108,3.365458161,5.056890013,-2.53003e-4,-3.27049e-4,-0.007699347,0.002166316,1.691431851,O3,888675.1237,1167617.46,-0.11855756,GBD_O3,Cupriavidus metallidurans,Point estimate,-0.118557557375744,-0.118557557375744,-0.118557557375744,8633,10467,Quantifiable,Quantifiable,-0.11855756,2.624256006944492e-9,Point estimate,Eligible_main_model,-0.118557557375744
CZSC_UV,UV,Cupriavidus_metallidurans,6901105,0.001780874,0.001922736,6.32073e-4,5.147e-4,0.032134999,0.017583271,0.006567542,0.002849599,43,8,3.498779496,0.602909036,-1.41861e-4,1.17373e-4,0.014551728,-0.003717942,-2.895870459,UV,641722.3903,338270.4203,0.278083169,CZSC_UV,Cupriavidus metallidurans,Point estimate,0.278083169435286,0.278083169435286,0.278083169435286,3164,2264,Quantifiable,Quantifiable,0.278083169,4.3528597393205354e-10,Point estimate,Eligible_main_model,0.278083169435286
BXH_O3_Cl,O3_Cl,Cupriavidus_metallidurans,6901105,0.004096301,0.003556677,0.001519612,0.001413252,0.568522577,0.293198698,0.01124478,0.01029545,231,192,8.171495278,7.822367081,5.39624e-4,1.0636e-4,0.275323879,-9.49331e-4,-0.349128197,O3_Cl,1424628.713,1185517.241,0.079793819,BXH_O3_Cl,Cupriavidus metallidurans,Point estimate,0.079793818691315,0.079793818691315,0.079793818691315,19185,20628,Quantifiable,Quantifiable,0.079793819,-3.086850081102099e-10,Point estimate,Eligible_main_model,0.079793818691315
WFSW_UV,UV,Enterobacter_spp.,4915930,0.010248315,0.011411879,0.001194891,0.001203231,0.048981169,0.073504912,0.002357913,0.004036706,20,71,0.39698293,1.265597148,-0.001163564,-8.34023e-6,-0.024523742,0.001678792,0.868614218,UV,2100100,2161200,-0.01245498,WFSW_UV,Enterobacter spp.,Point estimate,0.132992497841262,0.132992497841262,0.132992497841262,2484,2714,Quantifiable,Quantifiable,-0.01245498,0.145447477841262,Point estimate,Eligible_main_model,0.132992497841262
SZSG_UV,UV,Enterobacter_spp.,4915930,0.007223455,0.006623365,0.001198959,0.001182889,0.03145651,0.029462991,0.004130513,0.005540186,49,92,1.379892988,2.825552826,6.0009e-4,1.60702e-5,0.001993519,0.001409673,1.445659838,UV,8875300,3276900,0.432719853,SZSG_UV,Enterobacter spp.,Point estimate,0.406222209409191,0.406222209409191,0.406222209409191,4981,4651,Quantifiable,Quantifiable,0.432719853,-0.02649764359080897,Point estimate,Eligible_main_model,0.406222209409191
SZSG_UV_Cl,UV_Cl,Enterobacter_spp.,4915930,0.00321099,0.013229033,0.001107217,7.29262e-4,0.014969701,0.020480357,0.01108449,0.008492523,109,24,6.905289832,0.369043409,-0.010018043,3.77955e-4,-0.005510656,-0.002591967,-6.536246423,UV_Cl,7695600,8306600,-0.03318081,SZSG_UV_Cl,Enterobacter spp.,Point estimate,-1.51055246347125,-1.51055246347125,-1.51055246347125,663,14730,Quantifiable,Quantifiable,-0.03318081,-1.47737165347125,Point estimate,Eligible_main_model,-1.51055246347125
SZFX_UV,UV,Enterobacter_spp.,4915930,0.012237562,0.015248997,0.00100571,0.00110619999999999,0.02213396,0.028064476,0.001702655,0.006130268,7,56,0.116358317,0.747035204,-0.003011434,-1.0049e-4,-0.005930516,0.004427613,0.630676887,UV,2898500,2707600,0.029588799,SZFX_UV,Enterobacter spp.,Point estimate,0.0100476764650973,0.0100476764650973,0.0100476764650973,2360,2766,Quantifiable,Quantifiable,0.029588799,-0.0195411225349027,Point estimate,Eligible_main_model,0.0100476764650973
SZBH_UV_Cl,UV_Cl,Enterobacter_spp.,4915930,0.031170094,0.005132701,0.0013263,0.001530738,0.256693037,0.607162429,0.008026975,0.004230754,105,50,0.685244404,1.981610653,0.026037393,-2.04437e-4,-0.350469392,-0.003796221,1.296366249,UV_Cl,18549000,3909200,0.676232611,SZBH_UV_Cl,Enterobacter spp.,Point estimate,1.25133331239219,1.25133331239219,1.25133331239219,31094,5855,Quantifiable,Quantifiable,0.676232611,0.5751007013921899,Point estimate,Eligible_main_model,1.25133331239219
JXQ_O3,O3,Enterobacter_spp.,4915930,0.015083209,0.012765438,0.001164174,0.001144036,0.031236206,0.033744988,0.004342941,0.002494568,42,18,0.566434698,0.286834305,0.002317771,2.01386e-5,-0.002508783,-0.001848373,-0.279600393,O3,21329000,8837700,0.382631239,JXQ_O3,Enterobacter spp.,Point estimate,0.390128089958705,0.390128089958705,0.390128089958705,4542,4183,Quantifiable,Quantifiable,0.382631239,0.007496850958705,Point estimate,Eligible_main_model,0.390128089958705
JXQ_Cl,Cl,Enterobacter_spp.,4915930,0.012255667,0.018325932,0.001180041,0.001239847,0.033854022,0.040378525,0.002663303,0.003133079,46,29,0.763510822,0.321903895,-0.006070265,-5.98056e-5,-0.006524503,4.69775e-4,-0.441606927,Cl,4863000,3925000,0.093064608,JXQ_Cl,Enterobacter spp.,Point estimate,-0.0127938583356766,-0.0127938583356766,-0.0127938583356766,4127,6123,Quantifiable,Quantifiable,0.093064608,-0.1058584663356766,Point estimate,Eligible_main_model,-0.0127938583356766
HBZZ_West_Cl,Cl,Enterobacter_spp.,4915930,0.001752466,0.001569998,0.001254493,0.001254493,0.674799885,1.101658893,0.007561786,0.014468512,133,250,15.4381892,32.39181135,1.82468e-4,0,-0.426859007,0.006906726,16.95362215,Cl,1087800,473850,0.36090817,HBZZ_West_Cl,Enterobacter spp.,Point estimate,0.431047934011754,0.431047934011754,0.431047934011754,4659,1591,Quantifiable,Quantifiable,0.36090817,0.07013976401175404,Point estimate,Eligible_main_model,0.431047934011754
HBZZ_Song_O3,O3,Enterobacter_spp.,4915930,0.003703267,0.002800691,0.001251238,0.00125429,0.107833716,0.3435887,0.005288914,0.006826793,85,120,4.669046965,8.71586287,9.02576e-4,-3.0513e-6,-0.235754984,0.001537879,4.046815905,O3,4326100,3044900,0.15252352,HBZZ_Song_O3,Enterobacter spp.,Point estimate,0.0320882543927179,0.0320882543927179,0.0320882543927179,2364,2467,Quantifiable,Quantifiable,0.15252352,-0.1204352656072821,Point estimate,Eligible_main_model,0.0320882543927179
HBZZ_East_O3,O3,Enterobacter_spp.,4915930,0.001860889,0.001423739,0.001254696,0.001257138,0.264985669,0.949267382,0.011696927,0.005307885,185,70,20.22299956,10.00142878,4.3715e-4,-2.44104e-6,-0.684281713,-0.006389042,-10.22157079,O3,3793500,1723000,0.342754811,HBZZ_East_O3,Enterobacter spp.,Point estimate,0.213948146570221,0.213948146570221,0.213948146570221,2660,5493,Quantifiable,Quantifiable,0.342754811,-0.128806664429779,Point estimate,Eligible_main_model,0.213948146570221
HBZZ_East_Cl,Cl,Enterobacter_spp.,4915930,0.001452421,0.008052596,0.001253273,0.001255714,0.242200357,0.981603074,0.010087768,0.005951006,179,78,25.07002801,1.970393573,-0.006600175,-2.44104e-6,-0.739402717,-0.004136763,-23.09963444,Cl,3137500,1947800,0.207039373,HBZZ_East_Cl,Enterobacter spp.,Point estimate,0.112480090841042,0.112480090841042,0.112480090841042,2691,6586,Quantifiable,Quantifiable,0.207039373,-0.094559282158958,Point estimate,Eligible_main_model,0.112480090841042
GBD_UV_Cl,UV_Cl,Enterobacter_spp.,4915930,0.020948223,0.019208573,0.001272597,0.001236999,0.19784883,0.174200202,0.007513542,0.007118537,120,98,1.165274811,1.037827763,0.00173965,3.55986e-5,0.023648628,-3.95006e-4,-0.127447048,UV_Cl,5030300,8396400,-0.22249923,GBD_UV_Cl,Enterobacter spp.,Point estimate,-0.159175729179347,-0.159175729179347,-0.159175729179347,9428,9205,Quantifiable,Quantifiable,-0.22249923,0.063323500820653,Point estimate,Eligible_main_model,-0.159175729179347
GBD_UF,UF,Enterobacter_spp.,4915930,0.029653392,0.035025722,0.001246966,0.001342167,0.073071626,0.188757977,0.007588465,0.00811208,100,117,0.685993387,0.679505645,-0.00537233,-9.52007e-5,-0.11568635,5.23615e-4,-0.006487742,UF,16716000,5134200,0.51265958,GBD_UF,Enterobacter spp.,Point estimate,0.551378876376469,0.551378876376469,0.551378876376469,11245,13536,Quantifiable,Quantifiable,0.51265958,0.03871929637646898,Point estimate,Eligible_main_model,0.551378876376469
GBD_O3,O3,Enterobacter_spp.,4915930,0.035025722,0.020948223,0.001342167,0.001272597,0.188757977,0.19784883,0.00811208,0.007513542,117,120,0.679505645,1.165274811,0.014077499,6.95697e-5,-0.009090854,-5.98538e-4,0.485769166,O3,5134200,5030300,0.008878896,GBD_O3,Enterobacter spp.,Point estimate,0.122173697723534,0.122173697723534,0.122173697723534,13536,9428,Quantifiable,Quantifiable,0.008878896,0.113294801723534,Point estimate,Eligible_main_model,0.122173697723534
CZSC_UV,UV,Enterobacter_spp.,4915930,0.015921504,0.015950186,0.001209537,7.80931e-4,0.041927977,0.024188709,0.006291347,0.009333072,85,59,1.085998288,0.752455044,-2.86823e-5,4.28607e-4,0.017739268,0.003041725,-0.333543244,UV,4124700,2880100,0.1559848,CZSC_UV,Enterobacter spp.,Point estimate,0.230321519995161,0.230321519995161,0.230321519995161,2052,1639,Quantifiable,Quantifiable,0.1559848,0.074336719995161,Point estimate,Eligible_main_model,0.230321519995161
BXH_O3_Cl,O3_Cl,Enterobacter_spp.,4915930,0.005547272,0.004334887,0.001276666,0.001231913,0.535494199,0.099825872,0.004594599,0.004951574,32,42,1.173450678,1.970905678,0.001212385,4.47525e-5,0.435668327,3.56975e-4,0.797455,O3_Cl,4010600,2254900,0.250082063,BXH_O3_Cl,Enterobacter spp.,Point estimate,0.263719256003539,0.263719256003539,0.263719256003539,5331,3753,Quantifiable,Quantifiable,0.250082063,0.01363719300353899,Point estimate,Eligible_main_model,0.263719256003539
WFSW_UV,UV,Escherichia_coli,10236257,0.027647997,0.02836105,2.34461e-5,1.67737e-4,0.032592187,0.031651413,0.009414966,0.006530936,1,14,0.003533419,0.048224146,-7.13054e-4,-1.44291e-4,9.40774e-4,-0.00288403,0.044690727,UV,404510,278240,0.162509698,WFSW_UV,Escherichia coli,Point estimate,0.162506153547683,0.162506153547683,0.162506153547683,3460,3532,Quantifiable,Quantifiable,0.162509698,-3.544452317011393e-6,Point estimate,Eligible_main_model,0.162506153547683
SZSG_UV,UV,Escherichia_coli,10236257,0.022704784,0.019877969,2.17365e-4,1.97045e-4,0.028317187,0.02530339,0.009749459,0.010797738,27,32,0.116173003,0.157266705,0.002826815,2.03199e-5,0.003013797,0.001048279,0.041093702,UV,1645500,587490,0.447297408,SZSG_UV,Escherichia coli,Point estimate,0.447302593727804,0.447302593727804,0.447302593727804,5215,4430,Quantifiable,Quantifiable,0.447297408,5.1857278040023935e-6,Point estimate,Eligible_main_model,0.447302593727804
SZFX_UV,UV,Escherichia_coli,10236257,0.074182878,0.085067325,2.76761e-4,3.56966e-4,0.090643875,0.108918621,0.006676021,0.008055292,27,30,0.035556492,0.034452227,-0.010884447,-8.02051e-5,-0.018274746,0.001379271,-0.001104265,UV,2599900,2493000,0.018234366,SZFX_UV,Escherichia coli,Point estimate,0.0182435057708529,0.0182435057708529,0.0182435057708529,17459,20080,Quantifiable,Quantifiable,0.018234366,9.13977085290063e-6,Point estimate,Eligible_main_model,0.0182435057708529
SZBH_UV_Cl,UV_Cl,Escherichia_coli,10236257,0.060191631,0.006901839,6.58541e-4,1.43314e-4,0.079107334,0.008678367,0.014113593,0.001280012,145,2,0.235337271,0.028308964,0.053289791,5.15227e-4,0.070428966,-0.012833581,-0.207028307,UV_Cl,2766800,682280,0.608015126,SZBH_UV_Cl,Escherichia coli,Point estimate,0.608014596993445,0.608014596993445,0.608014596993445,11541,9559,Quantifiable,Quantifiable,0.608015126,-5.290065550056511e-7,Point estimate,Eligible_main_model,0.608014596993445
JXQ_O3,O3,Escherichia_coli,10236257,0.053173147,0.044815307,1.83661e-4,1.99975e-4,0.063994095,0.054659237,0.010278184,0.008164741,33,26,0.060628998,0.056676861,0.00835784,-1.63146e-5,0.009334857,-0.002113443,-0.003952137,O3,5210500,3067300,0.230123146,JXQ_O3,Escherichia coli,Point estimate,0.230128591586561,0.230128591586561,0.230128591586561,7467,9940,Quantifiable,Quantifiable,0.230123146,5.445586560987037e-6,Point estimate,Eligible_main_model,0.230128591586561
JXQ_Cl,Cl,Escherichia_coli,10236257,0.049152146,0.061005014,2.19221e-4,3.63121e-4,0.060974143,0.075122088,0.00904335,0.010509388,33,45,0.065588889,0.072061916,-0.011852868,-1.439e-4,-0.014147945,0.001466039,0.006473027,Cl,1405700,1203800,0.067338306,JXQ_Cl,Escherichia coli,Point estimate,0.0673672921948384,0.0673672921948384,0.0673672921948384,7188,8867,Quantifiable,Quantifiable,0.067338306,2.8986194838404034e-5,Point estimate,Eligible_main_model,0.0673672921948384
GBD_UV_Cl,UV_Cl,Escherichia_coli,10236257,0.068027991,0.076805907,6.93711e-4,7.661e-4,0.088200013,0.10217348,0.011443486,0.010336582,106,111,0.152221865,0.141184551,-0.008777916,-7.23897e-5,-0.013973467,-0.001106904,-0.011037314,UV_Cl,1212700,1826000,-0.1777474,GBD_UV_Cl,Escherichia coli,Point estimate,-0.177763375259449,-0.177763375259449,-0.177763375259449,10871,11078,Quantifiable,Quantifiable,-0.1777474,-1.5975259448991475e-5,Point estimate,Eligible_main_model,-0.177763375259449
GBD_UF,UF,Escherichia_coli,10236257,0.089363231,0.09405733,7.41287e-4,9.8962e-4,0.116655629,0.123496899,0.008285345,0.009545949,76,153,0.083083264,0.158912333,-0.004694099,-2.48333e-4,-0.00684127,0.001260604,0.07582907,UF,9503400,1578700,0.7795794,GBD_UF,Escherichia coli,Point estimate,0.779584474089292,0.779584474089292,0.779584474089292,21547,15336,Quantifiable,Quantifiable,0.7795794,5.074089291956518e-6,Point estimate,Eligible_main_model,0.779584474089292
GBD_O3,O3,Escherichia_coli,10236257,0.09405733,0.068027991,9.8962e-4,6.93711e-4,0.123496899,0.088200013,0.009545949,0.011443486,153,106,0.158912333,0.152221865,0.026029339,2.95909e-4,0.035296886,0.001897537,-0.006690469,O3,1578700,1212700,0.114546231,GBD_O3,Escherichia coli,Point estimate,0.114545530008063,0.114545530008063,0.114545530008063,15336,10871,Quantifiable,Quantifiable,0.114546231,-7.009919369971307e-7,Point estimate,Eligible_main_model,0.114545530008063
CZSC_UV,UV,Escherichia_coli,10236257,0.059020011,0.037647062,4.51239e-4,2.24789e-4,0.072535498,0.046047984,0.01256186,0.006928885,73,24,0.120832119,0.062278619,0.021372949,2.2645e-4,0.026487514,-0.005632976,-0.058553501,UV,2753100,742130,0.569341998,CZSC_UV,Escherichia coli,Point estimate,0.569336801986105,0.569336801986105,0.569336801986105,13574,4967,Quantifiable,Quantifiable,0.569341998,-5.196013894925855e-6,Point estimate,Eligible_main_model,0.569336801986105
BXH_O3_Cl,O3_Cl,Escherichia_coli,10236257,0.008814355,0.013603215,6.00806e-5,8.66528e-5,0.010707234,0.01606554,0.006369116,0.004007543,4,3,0.044333119,0.021544605,-0.00478886,-2.65722e-5,-0.005358306,-0.002361572,-0.022788515,O3_Cl,296060,150340,0.294305189,BXH_O3_Cl,Escherichia coli,Point estimate,0.294297633901822,0.294297633901822,0.294297633901822,3987,2616,Quantifiable,Quantifiable,0.294305189,-7.555098178013697e-6,Point estimate,Eligible_main_model,0.294297633901822
WFSW_UV,UV,Klebsiella_pneumoniae,5682322,0.049854795,0.058649263,0.001539336,0.002217579,0.078322031,0.098356799,0.002464614,0.002631841,33,56,0.116487993,0.168034951,-0.008794468,-6.78244e-4,-0.020034767,1.67227e-4,0.051546958,UV,221660,189220,0.068720291,WFSW_UV,Klebsiella pneumoniae,Point estimate,0.0687160795955978,0.0687160795955978,0.0687160795955978,1896,2402,Quantifiable,Quantifiable,0.068720291,-4.2114044021962505e-6,Point estimate,Eligible_main_model,0.0687160795955978
SZSG_UV,UV,Klebsiella_pneumoniae,5682322,0.077967774,0.074918141,0.001627504,0.001232419,0.111510928,0.10695962,0.004481927,0.004561489,45,48,0.101571423,0.112753078,0.003049634,3.95085e-4,0.004551308,7.95627e-5,0.011181655,UV,1013200,393470,0.410783556,SZSG_UV,Klebsiella pneumoniae,Point estimate,0.410774766437985,0.410774766437985,0.410774766437985,3211,2967,Quantifiable,Quantifiable,0.410783556,-8.789562014999142e-6,Point estimate,Eligible_main_model,0.410774766437985
SZSG_UV_Cl,UV_Cl,Klebsiella_pneumoniae,5682322,0.008007994,0.155163329,4.32746e-4,3.59712e-4,0.01373875,0.190011935,0.001861611,0.006783903,0,12,0,0.013610257,-0.147155335,7.30335e-5,-0.176273186,0.004922292,0.013610257,UV_Cl,24568,682100,-1.44347825,SZSG_UV_Cl,Klebsiella pneumoniae,Point estimate,-1.44347450014183,-1.44347450014183,-1.44347450014183,426,8110,Quantifiable,Quantifiable,-1.44347825,3.7498581699768607e-6,Point estimate,Eligible_main_model,-1.44347450014183
SZFX_UV,UV,Klebsiella_pneumoniae,5682322,0.084681579,0.096135875,0.001365639,0.001634895,0.114557394,0.133751132,0.002468964,0.005125792,17,50,0.035329227,0.091528992,-0.011454296,-2.69256e-4,-0.019193738,0.002656828,0.056199765,UV,529840,520320,0.007874222,SZFX_UV,Klebsiella pneumoniae,Point estimate,0.0078761321823443,0.0078761321823443,0.0078761321823443,3558,4191,Quantifiable,Quantifiable,0.007874222,1.910182344300182e-6,Point estimate,Eligible_main_model,0.0078761321823443
SZBH_UV_Cl,UV_Cl,Klebsiella_pneumoniae,5682322,0.372522888,0.011873315,0.011609339,0.003160504,0.695413072,0.155845621,0.00976491,0.00991723,1039,453,0.490836382,6.714294184,0.360649572,0.008448835,0.539567451,1.5232e-4,6.223457802,UV_Cl,4620900,543380,0.929622921,SZBH_UV_Cl,Klebsiella pneumoniae,Point estimate,0.929622174503541,0.929622174503541,0.929622174503541,19275,7613,Quantifiable,Quantifiable,0.929622921,-7.464964589809497e-7,Point estimate,Eligible_main_model,0.929622174503541
JXQ_O3,O3,Klebsiella_pneumoniae,5682322,0.058895642,0.038922821,0.001240162,0.001211829,0.081882899,0.059555759,0.003747109,0.003593939,29,21,0.086654077,0.094948728,0.019972821,2.83335e-5,0.02232714,-1.5317e-4,0.008294651,O3,1230900,509470,0.383104156,JXQ_O3,Klebsiella pneumoniae,Point estimate,0.383120332188626,0.383120332188626,0.383120332188626,1764,1651,Quantifiable,Quantifiable,0.383104156,1.617618862603809e-5,Point estimate,Eligible_main_model,0.383120332188626
JXQ_Cl,Cl,Klebsiella_pneumoniae,5682322,0.040364309,0.062778561,9.84457e-4,0.00112718,0.058532586,0.085515921,0.001925852,0.003705373,15,19,0.065398517,0.053261869,-0.022414252,-1.42723e-4,-0.026983335,0.001779521,-0.012136648,Cl,319560,319440,1.63115e-4,JXQ_Cl,Klebsiella pneumoniae,Point estimate,1.66057243015734e-4,1.66057243015734e-4,1.66057243015734e-4,1634,2353,Quantifiable,Quantifiable,1.63115e-4,2.942243015734001e-6,Point estimate,Eligible_main_model,1.66057243015734e-4
HBZZ_West_Cl,Cl,Klebsiella_pneumoniae,5682322,0.008288161,0.003565092,0.00419846,0.001112749,0.109842948,0.080920089,0.005674641,0.005405854,298,62,6.327501274,3.060519301,0.004723069,0.00308571,0.028922859,-2.68787e-4,-3.266981973,Cl,127600,58877,0.335905001,HBZZ_West_Cl,Klebsiella pneumoniae,Point estimate,0.335922359784793,0.335922359784793,0.335922359784793,4253,1808,Quantifiable,Quantifiable,0.335905001,1.7358784793031212e-5,Point estimate,Eligible_main_model,0.335922359784793
HBZZ_Song_O3,O3,Klebsiella_pneumoniae,5682322,0.016478299,0.012054227,0.001304748,0.001271311,0.050671011,0.052390378,0.005490893,0.004337018,53,45,0.566027661,0.65697267,0.004424072,3.3437e-5,-0.001719368,-0.001153875,0.090945009,O3,107390,101240,0.025611706,HBZZ_Song_O3,Klebsiella pneumoniae,Point estimate,0.0256076627031804,0.0256076627031804,0.0256076627031804,945,1001,Quantifiable,Quantifiable,0.025611706,-4.043296819602332e-6,Point estimate,Eligible_main_model,0.0256076627031804
HBZZ_East_O3,O3,Klebsiella_pneumoniae,5682322,0.010257074,0.007851368,0.002515169,0.004230313,0.074948586,0.600182109,0.003085837,0.008284777,75,461,1.286802553,10.3330793,0.002405707,-0.001715144,-0.525233522,0.00519894,9.046276749,O3,144570,193550,-0.126715,HBZZ_East_O3,Klebsiella pneumoniae,Point estimate,-0.126724433476463,-0.126724433476463,-0.126724433476463,1330,6018,Quantifiable,Quantifiable,-0.126715,-9.43347646301107e-6,Point estimate,Eligible_main_model,-0.126724433476463
HBZZ_East_Cl,Cl,Klebsiella_pneumoniae,5682322,0.006482385,0.018867991,0.002196285,0.003938531,0.052923083,0.417350689,0.004792845,0.005740746,101,257,2.741957377,2.397075009,-0.012385606,-0.001742246,-0.364427605,9.47901e-4,-0.344882369,Cl,88638,63810,0.142731204,HBZZ_East_Cl,Klebsiella pneumoniae,Point estimate,0.142728127912432,0.142728127912432,0.142728127912432,1015,2317,Quantifiable,Quantifiable,0.142731204,-3.076087567999153e-6,Point estimate,Eligible_main_model,0.142728127912432
GBD_UV_Cl,UV_Cl,Klebsiella_pneumoniae,5682322,0.108161945,0.112771328,0.002003054,0.002648213,0.156229267,0.173503895,0.005027909,0.004798171,69,85,0.112266133,0.132646071,-0.004609383,-6.45159e-4,-0.017274628,-2.29738e-4,0.020379938,UV_Cl,517940,797140,-0.18725515,GBD_UV_Cl,Klebsiella pneumoniae,Point estimate,-0.18725911871416,-0.18725911871416,-0.18725911871416,4643,4836,Quantifiable,Quantifiable,-0.18725515,-3.968714160001996e-6,Point estimate,Eligible_main_model,-0.18725911871416
GBD_UF,UF,Klebsiella_pneumoniae,5682322,0.131845397,0.140619803,0.001574532,0.002337601,0.18425707,0.207935242,0.005365722,0.005737428,63,121,0.084091043,0.151430391,-0.008774406,-7.63068e-4,-0.023678172,3.71706e-4,0.067339349,UF,2271000,632970,0.554834007,GBD_UF,Klebsiella pneumoniae,Point estimate,0.554828161082353,0.554828161082353,0.554828161082353,5149,6149,Quantifiable,Quantifiable,0.554834007,-5.845917646962739e-6,Point estimate,Eligible_main_model,0.554828161082353
GBD_O3,O3,Klebsiella_pneumoniae,5682322,0.140619803,0.108161945,0.002337601,0.002003054,0.207935242,0.156229267,0.005737428,0.005027909,121,69,0.151430391,0.112266133,0.032457858,3.34546e-4,0.051705975,-7.09519e-4,-0.039164259,O3,632970,517940,0.087103674,GBD_O3,Klebsiella pneumoniae,Point estimate,0.087108735259346,0.087108735259346,0.087108735259346,6149,4643,Quantifiable,Quantifiable,0.087103674,5.061259345989777e-6,Point estimate,Eligible_main_model,0.087108735259346
CZSC_UV,UV,Klebsiella_pneumoniae,5682322,0.038668347,0.037963178,0.001839037,0.001209893,0.067710524,0.058306094,0.004370462,0.001555768,59,10,0.268516243,0.046356603,7.05169e-4,6.29144e-4,0.00940443,-0.002814694,-0.22215964,UV,521650,256390,0.308478129,CZSC_UV,Klebsiella pneumoniae,Point estimate,0.308476797865379,0.308476797865379,0.308476797865379,2572,1716,Quantifiable,Quantifiable,0.308478129,-1.331134620974339e-6,Point estimate,Eligible_main_model,0.308476797865379
BXH_O3_Cl,O3_Cl,Klebsiella_pneumoniae,5682322,0.022022511,0.034173178,0.004893246,0.00286309,0.167547175,0.089328271,0.009570507,0.008053707,613,186,4.898552809,0.957859339,-0.012150667,0.002030156,0.078218904,-0.001516801,-3.94069347,O3_Cl,668910,128970,0.714878989,BXH_O3_Cl,Klebsiella pneumoniae,Point estimate,0.714894662814804,0.714894662814804,0.714894662814804,9008,2244,Quantifiable,Quantifiable,0.714878989,1.5673814803940367e-5,Point estimate,Eligible_main_model,0.714894662814804
SZSG_UV,UV,Laribacter_hongkongensis,3110307,0.067064762,0.07267064,6.20518e-5,1.56576e-4,0.080578219,0.088226982,0,0.002883869,0,1,0,0.004424231,-0.005605877,-9.45244e-5,-0.007648763,0.002883869,0.004424231,UV,3434269.908,1296713.156,0.422990507,SZSG_UV,Laribacter hongkongensis,Point estimate,0.422990507368227,0.422990507368227,0.422990507368227,10884,9778,Quantifiable,Quantifiable,0.422990507,3.6822700444361084e-10,Point estimate,Eligible_main_model,0.422990507368227
HBZZ_West_Cl,Cl,Laribacter_hongkongensis,3110307,0.002503611,6.46881e-4,1.83905e-4,5.24064e-5,0.005033265,0.001515285,0.038784429,0.019004999,31,6,3.980993964,2.982107356,0.00185673,1.31498e-4,0.003517981,-0.01977943,-0.998886608,Cl,1339593.583,2816283.639,-0.3227033,HBZZ_West_Cl,Laribacter hongkongensis,Point estimate,-0.322703333684996,-0.322703333684996,-0.322703333684996,44648,86483,Quantifiable,Quantifiable,-0.3227033,-3.3684995959237796e-8,Point estimate,Eligible_main_model,-0.322703333684996
HBZZ_East_O3,O3,Laribacter_hongkongensis,3110307,0.001298907,6.44631e-4,4.75837e-5,3.31157e-5,0.002000767,9.83826e-4,0.02364208,0.003106796,4,0,0.99009901,0,6.54276e-4,1.4468e-5,0.001016941,-0.020535284,-0.99009901,O3,3268913.043,269641.8718,1.083616035,HBZZ_East_O3,Laribacter hongkongensis,Point estimate,1.08361603471089,1.08361603471089,1.08361603471089,30074,8384,Quantifiable,Quantifiable,1.083616035,-2.891098471735631e-10,Point estimate,Eligible_main_model,1.08361603471089
HBZZ_East_Cl,Cl,Laribacter_hongkongensis,3110307,0.001256146,0.002359253,1.86477e-4,4.59762e-5,0.004094773,0.002908716,0.034021296,0.027615242,40,6,10.2380343,0.817661488,-0.001103107,1.40501e-4,0.001186057,-0.006406054,-9.420372809,Cl,11162652.11,649227.2623,1.235370642,HBZZ_East_Cl,Laribacter hongkongensis,Point estimate,1.2353706416563,1.2353706416563,1.2353706416563,127825,23574,Quantifiable,Quantifiable,1.235370642,-3.436999573835919e-10,Point estimate,Eligible_main_model,1.2353706416563
GBD_UV_Cl,UV_Cl,Laribacter_hongkongensis,3110307,0.09456237,0.128798861,6.52669e-5,1.66222e-4,0.114918238,0.162134799,0.011034483,0.008158177,4,6,0.013599984,0.014977384,-0.034236492,-1.00955e-4,-0.047216561,-0.002876306,0.0013774,UV_Cl,1628551.381,2718626.374,-0.2225481,GBD_UV_Cl,Laribacter hongkongensis,Point estimate,-0.222548060599801,-0.222548060599801,-0.222548060599801,14599,16493,Quantifiable,Quantifiable,-0.2225481,3.9400198992289865e-8,Point estimate,Eligible_main_model,-0.222548060599801
GBD_O3,O3,Laribacter_hongkongensis,3110307,0.09481765,0.09456237,7.39477e-5,6.52669e-5,0.114208983,0.114918238,0.005797101,0.011034483,3,4,0.010172526,0.013599984,2.5528e-4,8.68082e-6,-7.09255e-4,0.005237382,0.003427458,O3,1505796.329,1628551.381,-0.0340352,GBD_O3,Laribacter hongkongensis,Point estimate,-0.0340352310214161,-0.0340352310214161,-0.0340352310214161,14628,14599,Quantifiable,Quantifiable,-0.0340352,-3.1021416095622374e-8,Point estimate,Eligible_main_model,-0.0340352310214161
HBZZ_Song_O3,O3,Legionella_longbeachae,4149158,0.005644037,0.003827524,1.34244e-4,5.30228e-5,0.008618134,0.005604511,0.001647716,0.002909091,0,0,0,0,0.001816513,8.12213e-5,0.003013623,0.001261375,0,O3,2582300,1124800,0.360931388,HBZZ_Song_O3,Legionella longbeachae,Point estimate,0.360911821537575,0.360911821537575,0.360911821537575,22724,11122,Quantifiable,Quantifiable,0.360931388,-1.9566462425013587e-5,Point estimate,Eligible_main_model,0.360911821537575
SZSG_UV_Cl,UV_Cl,Mycobacterium_kansasii,6577228,0.004027685,0.004569858,2.06774e-5,1.41397e-5,0.005430555,0.005663632,0.024790645,0,5,0,0.188743347,0,-5.42174e-4,6.53771e-6,-2.33077e-4,-0.024790645,-0.188743347,UV_Cl,120880,157780,-0.1156975,SZSG_UV_Cl,Mycobacterium kansasii,Point estimate,-0.115704800764749,-0.115704800764749,-0.115704800764749,2096,1876,Quantifiable,Quantifiable,-0.1156975,-7.300764749001987e-6,Point estimate,Eligible_main_model,-0.115704800764749
HBZZ_Song_O3,O3,Mycobacterium_kansasii,6577228,5.69997e-4,4.83182e-4,5.39741e-5,1.5356e-5,0.001426285,8.34394e-4,0.008015594,0.02750275,6,4,1.60042678,1.258653241,8.68147e-5,3.86181e-5,5.91891e-4,0.019487156,-0.341773539,O3,573980,305430,0.273985068,HBZZ_Song_O3,Mycobacterium kansasii,Point estimate,0.273980357228435,0.273980357228435,0.273980357228435,5051,3020,Quantifiable,Quantifiable,0.273985068,-4.71077156499744e-6,Point estimate,Eligible_main_model,0.273980357228435
HBZZ_East_Cl,Cl,Mycobacterium_kansasii,6577228,0.001884533,0.007520493,1.5204e-6,0.006795568,0.002552291,0.160778675,0,7.40846e-4,0,30,0,0.606501698,-0.005635961,-0.006794048,-0.158226384,7.40846e-4,0.606501698,Cl,76412,79673,-0.0181496,HBZZ_East_Cl,Mycobacterium kansasii,Point estimate,-0.0181522611724937,-0.0181522611724937,-0.0181522611724937,875,2893,Quantifiable,Quantifiable,-0.0181496,-2.661172493700903e-6,Point estimate,Eligible_main_model,-0.0181522611724937
GBD_UV_Cl,UV_Cl,Mycobacterium_kansasii,6577228,0.004970939,0.006623155,2.19089e-4,7.6704e-4,0.009211783,0.016958968,0.00783553,0.001889985,18,8,0.550542896,0.18364629699999999,-0.001652216,-5.47951e-4,-0.007747185,-0.005945545,-0.366896599,UV_Cl,879590,1458600,-0.21965593,GBD_UV_Cl,Mycobacterium kansasii,Point estimate,-0.219664007629004,-0.219664007629004,-0.219664007629004,7885,8849,Quantifiable,Quantifiable,-0.21965593,-8.077629004010767e-6,Point estimate,Eligible_main_model,-0.219664007629004
GBD_UF,UF,Mycobacterium_kansasii,6577228,4.45172e-4,8.76813e-4,5.48863e-5,7.55637e-5,0.001256304,0.002029882,0.010480897,0.007158054,4,5,1.366120219,0.867001907,-4.31641e-4,-2.06774e-5,-7.73578e-4,-0.003322843,-0.499118311,UF,1362900,529520,0.410581623,GBD_UF,Mycobacterium kansasii,Point estimate,0.410567281808436,0.410567281808436,0.410567281808436,3090,5144,Quantifiable,Quantifiable,0.410581623,-1.4341191564015698e-5,Point estimate,Eligible_main_model,0.410567281808436
GBD_O3,O3,Mycobacterium_kansasii,6577228,8.76813e-4,0.004970939,7.55637e-5,2.19089e-4,0.002029882,0.009211783,0.007158054,0.00783553,5,18,0.867001907,0.550542896,-0.004094126,-1.43526e-4,-0.007181901,6.77476e-4,-0.316459011,O3,529520,879590,-0.22039792,GBD_O3,Mycobacterium kansasii,Point estimate,-0.220397811867884,-0.220397811867884,-0.220397811867884,5144,7885,Quantifiable,Quantifiable,-0.22039792,1.081321159834836e-7,Point estimate,Eligible_main_model,-0.220397811867884
BXH_O3_Cl,O3_Cl,Mycobacterium_kansasii,6577228,0.004378288,0.005730226,6.96342e-5,3.27494e-4,0.007405551,0.011346421,0.003352741,0.003650341,2,11,0.069451679,0.291862347,-0.001351937,-2.57859e-4,-0.00394087,2.976e-4,0.222410668,O3_Cl,567100,349020,0.210809333,BXH_O3_Cl,Mycobacterium kansasii,Point estimate,0.210808647371692,0.210808647371692,0.210808647371692,7637,6073,Quantifiable,Quantifiable,0.210809333,-6.856283079892389e-7,Point estimate,Eligible_main_model,0.210808647371692
GBD_UV_Cl,UV_Cl,Mycobacterium_xenopi,5251936,0.001587034,0.00153829,1.44137e-4,2.27726e-4,0.003483287,0.005079841,0.004388513,0.006391188,4,13,0.479904019,1.609110038,4.87439e-5,-8.35882e-5,-0.001596554,0.002002675,1.129206019,UV_Cl,654920,1323100,-0.30540442,GBD_UV_Cl,Mycobacterium xenopi,Point estimate,-0.305412692790709,-0.305412692790709,-0.305412692790709,5871,8027,Quantifiable,Quantifiable,-0.30540442,-8.272790708974131e-6,Point estimate,Eligible_main_model,-0.305412692790709
GBD_UF,UF,Mycobacterium_xenopi,5251936,6.07395e-4,7.04121e-4,8.14938e-5,2.29439e-4,0.001616737,0.006454191,4.40107e-4,0.002619835,1,7,0.313479624,1.892915089,-9.67262e-5,-1.47945e-4,-0.004837454,0.002179728,1.579435465,UF,1354000,559780,0.383601287,GBD_UF,Mycobacterium xenopi,Point estimate,0.383608934525472,0.383608934525472,0.383608934525472,3070,5438,Quantifiable,Quantifiable,0.383601287,7.647525471998762e-6,Point estimate,Eligible_main_model,0.383608934525472
GBD_O3,O3,Mycobacterium_xenopi,5251936,7.04121e-4,0.001587034,2.29439e-4,1.44137e-4,0.006454191,0.003483287,0.002619835,0.004388513,7,4,1.892915089,0.479904019,-8.82913e-4,8.53019e-5,0.002970904,0.001768678,-1.41301107,O3,559780,654920,-0.06817088,GBD_O3,Mycobacterium xenopi,Point estimate,-0.0681699512453105,-0.0681699512453105,-0.0681699512453105,5438,5871,Quantifiable,Quantifiable,-0.06817088,9.287546895025978e-7,Point estimate,Eligible_main_model,-0.0681699512453105
BXH_O3_Cl,O3_Cl,Mycobacterium_xenopi,5251936,0.001170426,0.001319323,2.42768e-4,5.63602e-5,0.0158056,0.002165487,6.81902e-4,0.001732357,2,0,0.325361965,0,-1.48897e-4,1.86407e-4,0.013640113,0.001050456,-0.325361965,O3_Cl,621610,269200,0.363442937,BXH_O3_Cl,Mycobacterium xenopi,Point estimate,0.36344959342013,0.36344959342013,0.36344959342013,8371,4684,Quantifiable,Quantifiable,0.363442937,6.656420129980134e-6,Point estimate,Eligible_main_model,0.36344959342013
SZSG_UV_Cl,UV_Cl,Nocardia_brasiliensis,8935513,6.34211e-4,2.7262e-4,4.23031e-5,2.90974e-6,0.001197805,4.02551e-4,0.036459435,0.024615384,24,0,4.235044997,0,3.61591e-4,3.93934e-5,7.95254e-4,-0.011844051,-4.235044997,UV_Cl,151330.1939,179565.493,-0.07429729,SZSG_UV_Cl,Nocardia brasiliensis,Point estimate,-0.0742972936908122,-0.0742972936908122,-0.0742972936908122,2624,2135,Quantifiable,Quantifiable,-0.07429729,-3.690812197532089e-9,Point estimate,Eligible_main_model,-0.0742972936908122
HBZZ_Song_O3,O3,Nocardia_brasiliensis,8935513,2.92317e-4,2.43746e-4,5.02489e-5,7.61008e-6,8.38228e-4,3.65508e-4,0.003943949,0,1,0,0.382848392,0,4.85702e-5,4.26389e-5,4.7272e-4,-0.003943949,-0.382848392,O3,399886.3636,303206.8612,0.12019757,HBZZ_Song_O3,Nocardia brasiliensis,Point estimate,0.120197569996167,0.120197569996167,0.120197569996167,3519,2998,Quantifiable,Quantifiable,0.12019757,-3.8330033591549295e-12,Point estimate,Eligible_main_model,0.120197569996167
GBD_UV_Cl,UV_Cl,Nocardia_brasiliensis,8935513,3.79945e-4,5.93027e-4,6.79312e-5,1.17956e-4,0.001044932,0.001800568,0.011498154,0.017374661,15,32,4.41826215,6.038875259,-2.13082e-4,-5.00251e-5,-7.55637e-4,0.005876508,1.620613109,UV_Cl,1149434.443,4522747.253,-0.59491811000000006,GBD_UV_Cl,Nocardia brasiliensis,Point estimate,-0.594918111940188,-0.594918111940188,-0.594918111940188,10304,27438,Quantifiable,Quantifiable,-0.59491811000000006,-1.940187899229784e-9,Point estimate,Eligible_main_model,-0.594918111940188
GBD_O3,O3,Nocardia_brasiliensis,8935513,4.94096e-4,3.79945e-4,4.15197e-5,6.79312e-5,0.001184039,0.001044932,0.01001444,0.011498154,5,15,1.132502831,4.41826215,1.14151e-4,-2.64115e-5,1.39108e-4,0.001483714,3.285759319,O3,4949322.362,1149434.443,0.634061535,GBD_O3,Nocardia brasiliensis,Point estimate,0.634061534859818,0.634061534859818,0.634061534859818,48080,10304,Quantifiable,Quantifiable,0.634061535,-1.40181977137388e-10,Point estimate,Eligible_main_model,0.634061534859818
HBZZ_Song_O3,O3,Nocardia_farcinica,6292344,9.02684e-4,6.97355e-4,2.39656e-4,1.43031e-4,0.005404981,0.002817074,0.005560213,0,11,0,1.936619718,0,2.05329e-4,9.66254e-5,0.002587907,-0.005560213,-1.936619718,O3,357045.4545,268921.6291,0.123097775,HBZZ_Song_O3,Nocardia farcinica,Point estimate,0.123097775045624,0.123097775045624,0.123097775045624,3142,2659,Quantifiable,Quantifiable,0.123097775,4.5623990696519456e-11,Point estimate,Eligible_main_model,0.123097775045624
GBD_UV_Cl,UV_Cl,Nocardia_farcinica,6292344,0.001299834,0.001250091,3.52333e-4,3.03702e-4,0.004883395,0.005434064,0.009314463,0.018371765,25,55,3.056608387,6.992117976,4.9743e-5,4.86305e-5,-5.50669e-4,0.009057302,3.935509589,UV_Cl,975970.685,3633131.868,-0.57084439,GBD_UV_Cl,Nocardia farcinica,Point estimate,-0.570844388224825,-0.570844388224825,-0.570844388224825,8749,22041,Quantifiable,Quantifiable,-0.57084439,1.775175006990537e-9,Point estimate,Eligible_main_model,-0.570844388224825
GBD_UF,UF,Nocardia_farcinica,6292344,7.33431e-4,0.001377865,6.91316e-5,2.64131e-4,0.001865442,0.004059219,0.01196661,0.013504219,8,16,1.73347779,1.84544406,-6.44434e-4,-1.94999e-4,-0.002193777,0.001537609,0.11196627,UF,4591805.578,3532156.785,0.113943519,GBD_UF,Nocardia farcinica,Point estimate,0.113943518511943,0.113943518511943,0.113943518511943,10411,34313,Quantifiable,Quantifiable,0.113943519,-4.880569975940219e-10,Point estimate,Eligible_main_model,0.113943518511943
GBD_O3,O3,Nocardia_farcinica,6292344,0.001377865,0.001299834,2.64131e-4,3.52333e-4,0.004059219,0.004883395,0.013504219,0.009314463,16,25,1.84544406,3.056608387,7.80313e-5,-8.82024e-5,-8.24176e-4,-0.004189756,1.211164327,O3,3532156.784,975970.685,0.5586032,GBD_O3,Nocardia farcinica,Point estimate,0.558603199615157,0.558603199615157,0.558603199615157,34313,8749,Quantifiable,Quantifiable,0.5586032,-3.848429352970584e-10,Point estimate,Eligible_main_model,0.558603199615157
BXH_O3_Cl,O3_Cl,Nocardia_farcinica,6292344,0.001176827,0.001255653,1.40011e-4,1.19034e-4,0.00297123,0.002618102,0.008187328,0.036675153,4,40,0.540175557,5.062650297,-7.8826e-5,2.09779e-5,3.53128e-4,0.028487824,4.52247474,O3_Cl,9013217.822,777068.9655,1.064420302,BXH_O3_Cl,Nocardia farcinica,Point estimate,1.06442030224855,1.06442030224855,1.06442030224855,121378,13521,Quantifiable,Quantifiable,1.064420302,2.485500694149323e-10,Point estimate,Eligible_main_model,1.06442030224855
SZBH_UV_Cl,UV_Cl,Pseudomonas_aeruginosa,6264404,0.011036166,0.018127662,5.52966e-4,0.003136452,0.019245566,0.060999738,0.017257939,0.010927253,106,372,1.533232082,3.275830185,-0.007091497,-0.002583486,-0.041754172,-0.006330686,1.742598103,UV_Cl,22088296.83,14272176.72,0.189672015,SZBH_UV_Cl,Pseudomonas aeruginosa,Point estimate,0.189672015234538,0.189672015234538,0.189672015234538,92136,199959,Quantifiable,Quantifiable,0.189672015,2.3453800013228943e-10,Point estimate,Eligible_main_model,0.189672015234538
HBZZ_West_Cl,Cl,Pseudomonas_aeruginosa,6264404,0.002375326,0.001486813,5.79465e-5,1.01526e-4,0.003323221,0.002740245,0.018829794,0.003256464,14,0,0.940860215,0,8.88512e-4,-4.35796e-5,5.82976e-4,-0.01557333,-0.940860215,Cl,3440704.473,2062999.489,0.222148252,HBZZ_West_Cl,Pseudomonas aeruginosa,Point estimate,0.222148251658804,0.222148251658804,0.222148251658804,114677,63351,Quantifiable,Quantifiable,0.222148252,-3.411959881294279e-10,Point estimate,Eligible_main_model,0.222148251658804
HBZZ_Song_O3,O3,Pseudomonas_aeruginosa,6264404,0.001099227,7.93212e-4,2.28274e-5,4.9486e-5,0.001498147,0.001492401,0.009526029,0.033125485,1,14,0.14522219,2.817468303,3.06015e-4,-2.66586e-5,5.74676e-6,0.023599455,2.672246114,O3,2882613.636,3953218.743,-0.1371644,HBZZ_Song_O3,Pseudomonas aeruginosa,Point estimate,-0.13716440905070101,-0.13716440905070101,-0.13716440905070101,25367,39088,Quantifiable,Quantifiable,-0.1371644,-9.050701021973142e-9,Point estimate,Eligible_main_model,-0.13716440905070101
HBZZ_East_O3,O3,Pseudomonas_aeruginosa,6264404,0.001017176,0.005874621,6.40125e-5,0.001204743,0.001689865,0.032585542,0.019820445,0.002799487,11,44,1.726302574,1.195619684,-0.004857445,-0.001140731,-0.030895677,-0.017020958,-0.53068289,O3,5233586.957,11722699.68,-0.3502282,HBZZ_East_O3,Pseudomonas aeruginosa,Point estimate,-0.350228194500837,-0.350228194500837,-0.350228194500837,48149,364495,Quantifiable,Quantifiable,-0.3502282,5.499163013844566e-9,Point estimate,Eligible_main_model,-0.350228194500837
HBZZ_East_Cl,Cl,Pseudomonas_aeruginosa,6264404,0.001070653,0.015071186,4.78896e-5,0.004967751,0.001607495,0.111114481,0.025691464,0.003324384,8,195,1.192783659,2.065415413,-0.014000534,-0.004919861,-0.109506986,-0.02236708,0.872631754,Cl,3980479.922,13250195.8,-0.5222869,HBZZ_East_Cl,Pseudomonas aeruginosa,Point estimate,-0.522286858392424,-0.522286858392424,-0.522286858392424,45581,481126,Quantifiable,Quantifiable,-0.5222869,4.16075760512058e-8,Point estimate,Eligible_main_model,-0.522286858392424
SZSG_UV,UV,Pseudomonas_alcaligenes,4406305,0.032752839,0.034258182,2.40564e-5,6.0595e-5,0.038902663,0.042190906,0.004528302,0,1,0,0.006929095,0,-0.001505343,-3.65386e-5,-0.003288243,-0.004528302,-0.006929095,UV,1010339.236,409383.6687,0.392336705,SZSG_UV,Pseudomonas alcaligenes,Point estimate,0.39233670528951,0.39233670528951,0.39233670528951,3202,3087,Quantifiable,Quantifiable,0.392336705,2.8950997155163805e-10,Point estimate,Eligible_main_model,0.39233670528951
SZSG_UV_Cl,UV_Cl,Pseudomonas_alcaligenes,4406305,0.064836638,0.079359463,5.6283e-5,4.72051e-5,0.076100043,0.089237127,0.004724168,0.019613887,0,5,0,0.014298706,-0.014522826,9.0779e-6,-0.013137084,0.014889719,0.014298706,UV_Cl,254216.2708,430452.5494,-0.2287219,SZSG_UV_Cl,Pseudomonas alcaligenes,Point estimate,-0.22872194074083,-0.22872194074083,-0.22872194074083,4408,5118,Quantifiable,Quantifiable,-0.2287219,-4.07408299873957e-8,Point estimate,Eligible_main_model,-0.22872194074083
SZFX_UV,UV,Pseudomonas_alcaligenes,4406305,0.080578172,0.083959009,6.35453e-5,2.06749e-4,0.097167581,0.10409992,0.004571428,0.011333089,0,7,0,0.018921527,-0.003380837,-1.43204e-4,-0.006932339,0.006761661,0.018921527,UV,765425.0789,677990.9486,0.052678792,SZFX_UV,Pseudomonas alcaligenes,Point estimate,0.0526787917280148,0.0526787917280148,0.0526787917280148,5140,5461,Quantifiable,Quantifiable,0.052678792,-2.7198520519133846e-10,Point estimate,Eligible_main_model,0.0526787917280148
SZBH_UV_Cl,UV_Cl,Pseudomonas_alcaligenes,4406305,0.543155093,0.260506933,0.0467058,0.032903986,1.418468082,1.611909752,0.018307833,0.010169445,6686,3000,2.793624052,2.613529546,0.28264816,0.013801814,-0.193441671,-0.008138388,-0.180094507,UV_Cl,34744188.97,22344033.78,0.191720599,SZBH_UV_Cl,Pseudomonas alcaligenes,Point estimate,0.19172059912582,0.19172059912582,0.19172059912582,144927,313049,Quantifiable,Quantifiable,0.191720599,1.2582002106853452e-10,Point estimate,Eligible_main_model,0.19172059912582
HBZZ_West_Cl,Cl,Pseudomonas_alcaligenes,4406305,0.633269145,0.106804681,0.026686759,0.006603719,1.284510945,0.176900373,0.010270894,0.00672159,1555,224,0.557272369,0.47597394,0.526464464,0.02008304,1.107610572,-0.003549305,-0.081298428,Cl,2319175.891,819618.2244,0.451722081,HBZZ_West_Cl,Pseudomonas alcaligenes,Point estimate,0.451722081148986,0.451722081148986,0.451722081148986,77297,25169,Quantifiable,Quantifiable,0.451722081,1.4898599021151426e-10,Point estimate,Eligible_main_model,0.451722081148986
HBZZ_Song_O3,O3,Pseudomonas_alcaligenes,4406305,0.072189964,0.083183983,9.84952e-5,6.35453e-5,0.082096223,0.096315167,0.036150239,0.049202033,40,45,0.125750178,0.122771694,-0.010994019,3.49499e-5,-0.014218943,0.013051794,-0.002978485,O3,1253750,1132322.888,0.04424066,HBZZ_Song_O3,Pseudomonas alcaligenes,Point estimate,0.0442406600577544,0.0442406600577544,0.0442406600577544,11033,11196,Quantifiable,Quantifiable,0.04424066,5.775439848587638e-11,Point estimate,Eligible_main_model,0.0442406600577544
HBZZ_East_O3,O3,Pseudomonas_alcaligenes,4406305,0.140916255,0.909697127,2.80961e-4,0.888182502,0.173298489,103.1532831,0.016147177,0.003221961,41,46486,0.066031051,11.59713731,-0.768780872,-0.887901541,-102.9799846,-0.012925217,11.53110626,O3,1949021.739,162004946.8,-1.9197116,HBZZ_East_O3,Pseudomonas alcaligenes,Point estimate,-1.91971159277378,-1.91971159277378,-1.91971159277378,17931,5037235,Quantifiable,Quantifiable,-1.9197116,7.226220066769429e-9,Point estimate,Eligible_main_model,-1.91971159277378
HBZZ_East_Cl,Cl,Pseudomonas_alcaligenes,4406305,0.039307311,0.901281232,8.98712e-5,0.890746555,0.048829348,332.3053509,0.032228997,9.3105e-4,33,4956,0.190531178,1.247947786,-0.861973921,-0.890656684,-332.2565215,-0.031297947,1.057416608,Cl,760536.1804,413693923.7,-2.7355593,HBZZ_East_Cl,Pseudomonas alcaligenes,Point estimate,-2.73555926285608,-2.73555926285608,-2.73555926285608,8709,15021582,Quantifiable,Quantifiable,-2.7355593,3.7143919939808256e-8,Point estimate,Eligible_main_model,-2.73555926285608
GBD_UV_Cl,UV_Cl,Pseudomonas_alcaligenes,4406305,0.18986929,0.062784805,5.51256e-4,9.44102e-5,0.247282247,0.076831949,0.009799521,0.024157291,33,17,0.039444337,0.061449707,0.127084485,4.56845e-4,0.170450298,0.01435777,0.02200537,UV_Cl,1542879.248,1279615.385,0.0812525,GBD_UV_Cl,Pseudomonas alcaligenes,Point estimate,0.0812524849677061,0.0812524849677061,0.0812524849677061,13831,7763,Quantifiable,Quantifiable,0.0812525,-1.5032293909644778e-8,Point estimate,Eligible_main_model,0.0812524849677061
GBD_O3,O3,Pseudomonas_alcaligenes,4406305,0.04918679,0.18986929,4.87937e-5,5.51256e-4,0.057304476,0.247282247,0.025505814,0.009799521,10,33,0.046139933,0.039444337,-0.140682499,-5.02462e-4,-0.18997777,-0.015706293,-0.006695596,O3,509446.6799,1542879.248,-0.4812332,GBD_O3,Pseudomonas alcaligenes,Point estimate,-0.481233201630694,-0.481233201630694,-0.481233201630694,4949,13831,Quantifiable,Quantifiable,-0.4812332,-1.630693968746044e-9,Point estimate,Eligible_main_model,-0.481233201630694
BXH_O3_Cl,O3_Cl,Pseudomonas_alcaligenes,4406305,0.792669141,0.453650167,0.178516013,0.008279273,2.547899657,0.762971469,0.013272491,0.0097431,13859,476,3.967942665,0.23812847,0.339018974,0.17023674,1.784928188,-0.00352939,-3.729814195,O3_Cl,9227673.267,2263448.276,0.6103216,BXH_O3_Cl,Pseudomonas alcaligenes,Point estimate,0.610321634176971,0.610321634176971,0.610321634176971,124266,39384,Quantifiable,Quantifiable,0.6103216,3.4176971031030234e-8,Point estimate,Eligible_main_model,0.610321634176971
SZBH_UV_Cl,UV_Cl,Pseudomonas_mendocina,5372474,0.008568306,0.010371013,0.001751521,0.003626821,0.031291171,0.091947769,0.012536663,0.007464433,186,298,4.040579584,5.348361391,-0.001802708,-0.0018753,-0.060656599,-0.005072229,1.307781807,UV_Cl,23494586.98,18594963.45,0.101572486,SZBH_UV_Cl,Pseudomonas mendocina,Point estimate,0.101572485767356,0.101572485767356,0.101572485767356,98002,260523,Quantifiable,Quantifiable,0.101572486,-2.326440012856423e-10,Point estimate,Eligible_main_model,0.101572485767356
HBZZ_West_Cl,Cl,Pseudomonas_mendocina,5372474,0.001621972,0.003449993,1.04421e-4,3.29643e-4,0.004454,0.019786043,0.032867194,0.005183257,43,13,4.934588019,0.701375776,-0.001828022,-2.25222e-4,-0.015332043,-0.027683937,-4.233212244,Cl,935627.2685,767384.6183,0.086089781,HBZZ_West_Cl,Pseudomonas mendocina,Point estimate,0.0860897808880062,0.0860897808880062,0.0860897808880062,31184,23565,Quantifiable,Quantifiable,0.086089781,-1.1199380312021388e-10,Point estimate,Eligible_main_model,0.0860897808880062
HBZZ_Song_O3,O3,Pseudomonas_mendocina,5372474,0.016532048,0.005632787,8.4691e-5,8.15267e-5,0.020752636,0.008082868,0.034598014,0.027110122,33,28,0.371546308,0.925252792,0.010899262,3.16428e-6,0.012669768,-0.007487892,0.553706484,O3,2025113.636,1688977.513,0.078825531,HBZZ_Song_O3,Pseudomonas mendocina,Point estimate,0.0788255307257662,0.0788255307257662,0.0788255307257662,17821,16700,Quantifiable,Quantifiable,0.078825531,-2.742338023331569e-10,Point estimate,Eligible_main_model,0.0788255307257662
HBZZ_East_O3,O3,Pseudomonas_mendocina,5372474,0.001342212,0.007541963,4.54167e-5,0.00305632,0.003799553,0.119896532,0.040229598,0.003394687,26,107,3.605602552,2.640736445,-0.006199751,-0.003010903,-0.116096979,-0.036834911,-0.964866107,O3,2166413.043,2922546.104,-0.1300201,HBZZ_East_O3,Pseudomonas mendocina,Point estimate,-0.130020109213719,-0.130020109213719,-0.130020109213719,19931,90871,Quantifiable,Quantifiable,-0.1300201,-9.213719009970587e-9,Point estimate,Eligible_main_model,-0.130020109213719
HBZZ_East_Cl,Cl,Pseudomonas_mendocina,5372474,6.70827e-4,0.012984521,4.83948e-5,0.005290672,0.003392292,0.130065404,0.050764992,0.002882702,33,145,9.156492786,2.078584842,-0.012313694,-0.005242278,-0.126673112,-0.04788229,-7.077907944,Cl,1468501.138,5311000.673,-0.5583021,HBZZ_East_Cl,Pseudomonas mendocina,Point estimate,-0.558302069070008,-0.558302069070008,-0.558302069070008,16816,192847,Quantifiable,Quantifiable,-0.5583021,3.092999201204094e-8,Point estimate,Eligible_main_model,-0.558302069070008
SZBH_UV_Cl,UV_Cl,Pseudomonas_putida,6156701,0.004186333,0.003773612,1.39035e-4,3.51649e-4,0.00599818,0.009448079,0.013710591,0.009163057,18,30,0.698378211,1.291266733,4.12721e-4,-2.12614e-4,-0.0034499,-0.004547534,0.592888522,UV_Cl,8692580.043,5602977.975,0.19072978300000001,SZBH_UV_Cl,Pseudomonas putida,Point estimate,0.190729783189567,0.190729783189567,0.190729783189567,36259,78500,Quantifiable,Quantifiable,0.19072978300000001,1.8956697322991542e-10,Point estimate,Eligible_main_model,0.190729783189567
SZBH_UV_Cl,UV_Cl,Ralstonia_solanacearum,5530249,5.09019e-4,0.00186592,2.89318e-5,2.91849e-4,7.07925e-4,0.005259257,0.0335,0.015899613,3,41,1.065719361,3.973253222,-0.001356901,-2.62918e-4,-0.004551332,-0.017600387,2.907533862,UV_Cl,6615269.415,4217365.09,0.195506337,SZBH_UV_Cl,Ralstonia solanacearum,Point estimate,0.1955063372476,0.1955063372476,0.1955063372476,27594,59087,Quantifiable,Quantifiable,0.195506337,2.4759999606160927e-10,Point estimate,Eligible_main_model,0.1955063372476
HBZZ_West_Cl,Cl,Ralstonia_solanacearum,5530249,0.003353918,6.76461e-4,0.001087474,1.41947e-4,0.021532304,0.00325555,0.032320145,0.006477187,374,10,20.16389907,2.673082064,0.002677456,9.45527e-4,0.018276754,-0.025842958,-17.49081701,Cl,2265289.713,967200.9568,0.369607035,HBZZ_West_Cl,Ralstonia solanacearum,Point estimate,0.36960703526513,0.36960703526513,0.36960703526513,75501,29701,Quantifiable,Quantifiable,0.369607035,2.6513002904238187e-10,Point estimate,Eligible_main_model,0.36960703526513
HBZZ_Song_O3,O3,Ralstonia_solanacearum,5530249,0.001746938,0.002246734,2.90041e-4,5.47172e-4,0.006218165,0.013099772,0.026774129,0.032001595,86,212,8.901770003,17.06237425,-4.99797e-4,-2.57131e-4,-0.006881607,0.005227466,8.160604242,O3,2441022.727,4186439.231,-0.234273,HBZZ_Song_O3,Ralstonia solanacearum,Point estimate,-0.234272968548807,-0.234272968548807,-0.234272968548807,21481,41394,Quantifiable,Quantifiable,-0.234273,3.1451193011067247e-8,Point estimate,Eligible_main_model,-0.234272968548807
HBZZ_East_O3,O3,Ralstonia_solanacearum,5530249,0.002191402,0.006066092,5.43194e-4,0.00288251,0.012625471,0.07260975,0.02485291,0.002859102,156,80,12.8723492,2.384713983,-0.00387469,-0.002339316,-0.059984279,-0.021993808,-10.48763522,O3,4280108.696,2386317.701,0.253726536,HBZZ_East_O3,Ralstonia solanacearum,Point estimate,0.25372653552967,0.25372653552967,0.25372653552967,39377,74198,Quantifiable,Quantifiable,0.253726536,-4.70329997170893e-10,Point estimate,Eligible_main_model,0.25372653552967
HBZZ_East_Cl,Cl,Ralstonia_solanacearum,5530249,0.002582705,9.00321e-4,8.16781e-4,1.5587e-4,0.019667469,0.003135844,0.029370947,0.023195443,262,34,18.34348526,6.828680458,0.001682384,6.60911e-4,0.016531625,-0.006175504,-11.5148048,Cl,4149546.18,746828.9175,0.744779477,HBZZ_East_Cl,Ralstonia solanacearum,Point estimate,0.744779476582546,0.744779476582546,0.744779476582546,47517,27118,Quantifiable,Quantifiable,0.744779477,-4.1745407131088536e-10,Point estimate,Eligible_main_model,0.744779476582546
GBD_UV_Cl,UV_Cl,Ralstonia_solanacearum,5530249,7.29804e-4,8.79707e-4,4.48443e-5,8.24556e-5,0.001688532,0.001675693,0.028372743,0.024682264,15,13,3.7165510410000002,2.672147996,-1.49903e-4,-3.76113e-5,1.28385e-5,-0.003690479,-1.044403045,UV_Cl,2221228.515,4134230.769,-0.2698015,GBD_UV_Cl,Ralstonia solanacearum,Point estimate,-0.26980147477143,-0.26980147477143,-0.26980147477143,19912,25081,Quantifiable,Quantifiable,-0.2698015,2.5228570010860096e-8,Point estimate,Eligible_main_model,-0.26980147477143
GBD_O3,O3,Ralstonia_solanacearum,5530249,3.6218999999999e-4,7.29804e-4,4.06853e-5,4.48443e-5,6.59826e-4,0.001688532,0.036799999,0.028372743,14,15,6.989515726,3.7165510410000002,-3.67615e-4,-4.15894e-6,-0.0010287060000000001,-0.008427257,-3.272964686,O3,1560560.046,2221228.515,-0.1533128,GBD_O3,Ralstonia solanacearum,Point estimate,-0.15331275642363,-0.15331275642363,-0.15331275642363,15160,19912,Quantifiable,Quantifiable,-0.1533128,4.3576370012399224e-8,Point estimate,Eligible_main_model,-0.15331275642363
BXH_O3_Cl,O3_Cl,Ralstonia_solanacearum,5530249,5.79721e-4,3.0957e-4,1.08856e-4,1.22418e-4,0.001868451,0.001708603,0.024998484,0.028206526,31,40,9.669369931,23.36448598,2.70151e-4,-1.35618e-5,1.59848e-4,0.003208042,13.69511605,O3_Cl,2897747.525,2440287.356,0.074619574,BXH_O3_Cl,Ralstonia solanacearum,Point estimate,0.0746195737814501,0.0746195737814501,0.0746195737814501,39023,42461,Quantifiable,Quantifiable,0.074619574,-2.1854990039926747e-10,Point estimate,Eligible_main_model,0.0746195737814501
SZFX_UV,UV,Shigella_boydii,4825405,0.094835356,0.102892918,5.06279e-4,0.001078251,0.11940262,0.135430912,0.004447836,0.002374691,12,9,0.026222687,0.018126888,-0.008057562,-5.71973e-4,-0.016028292,-0.002073145,-0.008095799,UV,5361,4593.6,0.067092632,SZFX_UV,Shigella boydii,Point estimate,0.0670886259685748,0.0670886259685748,0.0670886259685748,36,37,Quantifiable,Quantifiable,0.067092632,-4.006031425196621e-6,Point estimate,Eligible_main_model,0.0670886259685748
SZBH_UV_Cl,UV_Cl,Shigella_boydii,4825405,0.071888681,0.011972052,0.003580425,0.002324157,0.146285338,0.089617763,0.005694961,0.00428123,154,87,0.443942207,1.505971958,0.059916629,0.001256268,0.056667575,-0.001413731,1.062029751,UV_Cl,20138,3854.3,0.718070822,SZBH_UV_Cl,Shigella boydii,Point estimate,0.718069143812771,0.718069143812771,0.718069143812771,84,54,Quantifiable,Quantifiable,0.718070822,-1.678187229070538e-6,Point estimate,Eligible_main_model,0.718069143812771
JXQ_Cl,Cl,Shigella_boydii,4825405,0.064476453,0.077816473,4.44937e-4,5.53736e-4,0.079646164,0.095711552,0.003952743,0.004377649,4,12,0.012856569,0.031957731,-0.01334002,-1.08799e-4,-0.016065387,4.24906e-4,0.019101162,Cl,2346.8,3258.2,-0.14250166,JXQ_Cl,Shigella boydii,Point estimate,-0.142494063441341,-0.142494063441341,-0.142494063441341,12,24,Quantifiable,Quantifiable,-0.14250166,7.596558659006547e-6,Point estimate,Eligible_main_model,-0.142494063441341
GBD_UV_Cl,UV_Cl,Shigella_boydii,4825405,0.081813858,0.08237091,0.001062709,0.001595514,0.108122738,0.112179807,0.004324392,0.003851848,17,34,0.043061413,0.085540401,-5.57052e-4,-5.32805e-4,-0.004057069,-4.72544e-4,0.042478988,UV_Cl,3123.5,3791.2,-0.08413519,GBD_UV_Cl,Shigella boydii,Point estimate,-0.084141314866973,-0.084141314866973,-0.084141314866973,28,23,Quantifiable,Quantifiable,-0.08413519,-6.124866973003518e-6,Point estimate,Eligible_main_model,-0.084141314866973
GBD_UF,UF,Shigella_boydii,4825405,0.108161284,0.118815519,0.001087784,0.001874454,0.141276432,0.158246199,0.003864028,0.005040128,13,57,0.024907936,0.099418662,-0.010654235,-7.8667e-4,-0.016969767,0.001176101,0.074510726,UF,16319,3499.9,0.668637907,GBD_UF,Shigella boydii,Point estimate,0.668632569324507,0.668632569324507,0.668632569324507,37,34,Quantifiable,Quantifiable,0.668637907,-5.337675493044536e-6,Point estimate,Eligible_main_model,0.668632569324507
GBD_O3,O3,Shigella_boydii,4825405,0.118815519,0.081813858,0.001874454,0.001062709,0.158246199,0.108122738,0.005040128,0.004324392,57,17,0.099418662,0.043061413,0.037001661,8.11745e-4,0.050123461,-7.15736e-4,-0.056357249,O3,3499.9,3123.5,0.049414125,GBD_O3,Shigella boydii,Point estimate,0.0494238115809076,0.0494238115809076,0.0494238115809076,34,28,Quantifiable,Quantifiable,0.049414125,9.686580907594666e-6,Point estimate,Eligible_main_model,0.0494238115809076
WFSW_UV,UV,Shigella_dysenteriae,5192674,0.01811167,0.018724842,3.30466e-4,5.93528e-4,0.024606397,0.028789021,0.002212069,0.007009632,1,14,0.010632868,0.143985519,-6.13172e-4,-2.63063e-4,-0.004182623,0.004797563,0.133352651,UV,1987.5,1339.2,0.171461697,WFSW_UV,Shigella dysenteriae,Point estimate,0.171450749660438,0.171450749660438,0.171450749660438,17,17,Quantifiable,Quantifiable,0.171461697,-1.094733956200078e-5,Point estimate,Eligible_main_model,0.171450749660438
SZSG_UV,UV,Shigella_dysenteriae,5192674,0.016040098,0.013822936,4.02105e-4,2.37642e-4,0.021885256,0.019250968,0.00138272,0.00548421,1,3,0.012006099,0.041795536,0.002217162,1.64462e-4,0.002634288,0.00410149,0.029789437,UV,5679.6,1989.2,0.4556393,SZSG_UV,Shigella dysenteriae,Point estimate,0.455633253235949,0.455633253235949,0.455633253235949,18,15,Quantifiable,Quantifiable,0.4556393,-6.046764051026443e-6,Point estimate,Eligible_main_model,0.455633253235949
SZSG_UV_Cl,UV_Cl,Shigella_dysenteriae,5192674,0.002792973,0.038427985,1.59455e-4,9.08973e-5,0.004514244,0.043140008,2.9577e-4,0.006457823,0,0,0,0,-0.035635012,6.85581e-5,-0.038625764,0.006162053,0,UV_Cl,865.07,1093.4,-0.10172782,SZSG_UV_Cl,Shigella dysenteriae,Point estimate,-0.101715338284548,-0.101715338284548,-0.101715338284548,15,13,Quantifiable,Quantifiable,-0.10172782,1.2481715451997943e-5,Point estimate,Eligible_main_model,-0.101715338284548
SZFX_UV,UV,Shigella_dysenteriae,5192674,0.048573432,0.056318768,3.91321e-4,6.30889e-4,0.059793085,0.072965489,0.002263,0.001072827,1,3,0.003964698,0.010258339,-0.007745335,-2.39568e-4,-0.013172404,-0.001190172,0.006293641,UV,5212,3848.7,0.131690347,SZFX_UV,Shigella dysenteriae,Point estimate,0.131694199784285,0.131694199784285,0.131694199784285,35,31,Quantifiable,Quantifiable,0.131690347,3.852784284996691e-6,Point estimate,Eligible_main_model,0.131694199784285
SZBH_UV_Cl,UV_Cl,Shigella_dysenteriae,5192674,0.044007577,0.006410763,0.002385861,3.7264e-4,0.081139313,0.010528294,0.00668455,0.008150361,137,37,0.59951776,1.111478266,0.037596814,0.002013221,0.070611019,0.001465811,0.511960506,UV_Cl,13665,4282.5,0.503912264,SZBH_UV_Cl,Shigella dysenteriae,Point estimate,0.503907222862706,0.503907222862706,0.503907222862706,57,60,Quantifiable,Quantifiable,0.503912264,-5.041137294048426e-6,Point estimate,Eligible_main_model,0.503907222862706
JXQ_O3,O3,Shigella_dysenteriae,5192674,0.035455528,0.030308662,2.75966e-4,2.78854e-4,0.042534925,0.037274244,0.001702722,0.002059089,3,0,0.016294695,0,0.005146867,-2.88869e-6,0.005260681,3.56368e-4,-0.016294695,O3,23028,7097.4,0.511156939,JXQ_O3,Shigella dysenteriae,Point estimate,0.511154928515913,0.511154928515913,0.511154928515913,33,23,Quantifiable,Quantifiable,0.511156939,-2.0104840869894502e-6,Point estimate,Eligible_main_model,0.511154928515913
JXQ_Cl,Cl,Shigella_dysenteriae,5192674,0.034634757,0.04102838,1.88342e-4,4.45243e-4,0.042797218,0.050918274,0.004217223,0.003376599,4,14,0.022241127,0.065713199,-0.006393623,-2.569e-4,-0.008121057,-8.40624e-4,0.043472072,Cl,6062.6,7330.9,-0.08249838,JXQ_Cl,Shigella dysenteriae,Point estimate,-0.0824961337660555,-0.0824961337660555,-0.0824961337660555,31,54,Quantifiable,Quantifiable,-0.08249838,2.2462339445000756e-6,Point estimate,Eligible_main_model,-0.0824961337660555
GBD_UV_Cl,UV_Cl,Shigella_dysenteriae,5192674,0.048785269,0.044922135,9.59621e-4,0.001159133,0.063691077,0.06071785,0.005439847,0.004908915,20,44,0.078949654,0.188625861,0.003863135,-1.99512e-4,0.002973227,-5.30932e-4,0.109676207,UV_Cl,9258.8,7252.7,0.106054989,GBD_UV_Cl,Shigella dysenteriae,Point estimate,0.106053905698287,0.106053905698287,0.106053905698287,83,44,Quantifiable,Quantifiable,0.106054989,-1.0833017130007503e-6,Point estimate,Eligible_main_model,0.106053905698287
GBD_UF,UF,Shigella_dysenteriae,5192674,0.060034194,0.065400601,0.001053215,0.001307419,0.077506117,0.0887743,0.00397627,0.004161949,12,26,0.038493863,0.076559758,-0.005366407,-2.54204e-4,-0.011268183,1.85679e-4,0.038065894,UF,29992,5455.8,0.740146986,GBD_UF,Shigella dysenteriae,Point estimate,0.740142805405214,0.740142805405214,0.740142805405214,68,53,Quantifiable,Quantifiable,0.740146986,-4.180594785907488e-6,Point estimate,Eligible_main_model,0.740142805405214
GBD_O3,O3,Shigella_dysenteriae,5192674,0.065400601,0.048785269,0.001307419,9.59621e-4,0.0887743,0.063691077,0.004161949,0.005439847,26,20,0.076559758,0.078949654,0.016615332,3.47798e-4,0.025083223,0.001277898,0.002389896,O3,5455.8,9258.8,-0.22969626,GBD_O3,Shigella dysenteriae,Point estimate,-0.229699296894413,-0.229699296894413,-0.229699296894413,53,83,Quantifiable,Quantifiable,-0.22969626,-3.036894412999924e-6,Point estimate,Eligible_main_model,-0.229699296894413
CZSC_UV,UV,Shigella_dysenteriae,5192674,0.037962714,0.023732089,8.42148e-4,2.61137e-4,0.050357292,0.029428576,0.00318262,0.001465093,11,0,0.055801307,0,0.014230626,5.81011e-4,0.020928716,-0.001717527,-0.055801307,UV,6490.2,3436.5,0.276141732,CZSC_UV,Shigella dysenteriae,Point estimate,0.276145259428194,0.276145259428194,0.276145259428194,32,23,Quantifiable,Quantifiable,0.276141732,3.5274281940389507e-6,Point estimate,Eligible_main_model,0.276145259428194
BXH_O3_Cl,O3_Cl,Shigella_dysenteriae,5192674,0.009200269,0.011252777,0.00133438,8.08254e-4,0.026303018,0.021095104,0.005598078,0.006186848,63,27,1.318708921,0.462075575,-0.002052507,5.26126e-4,0.005207914,5.8877e-4,-0.856633346,O3_Cl,2747.5,632.18,0.638096949,BXH_O3_Cl,Shigella dysenteriae,Point estimate,0.638098176800427,0.638098176800427,0.638098176800427,37,11,Quantifiable,Quantifiable,0.638096949,1.227800426994996e-6,Point estimate,Eligible_main_model,0.638098176800427
SZFX_UV,UV,Shigella_sonnei,4994001,0.060754293,0.065979963,6.70805e-5,7.52903e-5,0.071068668,0.079262499,0.01025539,0.012446809,0,7,0,0.021244052,-0.00522567,-8.20985e-6,-0.008193831,0.002191419,0.021244052,UV,6552.3,9187.2,-0.1467894,SZFX_UV,Shigella sonnei,Point estimate,-0.146791193976506,-0.146791193976506,-0.146791193976506,44,74,Quantifiable,Quantifiable,-0.1467894,-1.7939765060148716e-6,Point estimate,Eligible_main_model,-0.146791193976506
SZBH_UV_Cl,UV_Cl,Shigella_sonnei,4994001,0.047917491,0.004145974,2.79135e-4,3.21185e-4,0.058986772,0.01636083,0.025614734,0.027455665,79,108,0.330129545,5.216131369,0.043771517,-4.20505e-5,0.042625943,0.001840931,4.886001825,UV_Cl,10069,18772,-0.27052421,SZBH_UV_Cl,Shigella sonnei,Point estimate,-0.270522840517999,-0.270522840517999,-0.270522840517999,42,263,Quantifiable,Quantifiable,-0.27052421,1.369482000967981e-6,Point estimate,Eligible_main_model,-0.270522840517999
JXQ_Cl,Cl,Shigella_sonnei,4994001,0.038705439,0.046330187,4.86584e-5,2.20264e-6,0.044508201,0.053997987,0.003950617,0,0,0,0,0,-0.007624748,4.64557e-5,-0.009489786,-0.003950617,0,Cl,2151.3,2986.7,-0.14249063,JXQ_Cl,Shigella sonnei,Point estimate,-0.142494063441341,-0.142494063441341,-0.142494063441341,11,22,Quantifiable,Quantifiable,-0.14249063,-3.4334413409886633e-6,Point estimate,Eligible_main_model,-0.142494063441341
GBD_UV_Cl,UV_Cl,Shigella_sonnei,4994001,0.051581688,0.057330986,1.72407e-4,7.58911e-5,0.060999788,0.068437111,0.009485186,0.002955145,10,1,0.038820026,0.003492705,-0.005749298,9.65158e-5,-0.007437323,-0.00653004,-0.035327321,UV_Cl,2231,5604.4,-0.40002955,GBD_UV_Cl,Shigella sonnei,Point estimate,-0.400020431569873,-0.400020431569873,-0.400020431569873,20,34,Quantifiable,Quantifiable,-0.40002955,9.11843012701974e-6,Point estimate,Eligible_main_model,-0.400020431569873
GBD_UF,UF,Shigella_sonnei,4994001,0.068548444,0.076042636,8.53023e-5,5.46656e-5,0.081499583,0.089937707,0.003588941,0.027885908,2,11,0.005842299,0.028965891,-0.007494192,3.06368e-5,-0.008438124,0.024296967,0.023123593,UF,16760,4220.5,0.59891011,GBD_UF,Shigella sonnei,Point estimate,0.598909502196841,0.598909502196841,0.598909502196841,38,41,Quantifiable,Quantifiable,0.59891011,-6.078031590250887e-7,Point estimate,Eligible_main_model,0.598909502196841
GBD_O3,O3,Shigella_sonnei,4994001,0.076042636,0.051581688,5.46656e-5,1.72407e-4,0.089937707,0.060999788,0.027885908,0.009485186,11,10,0.028965891,0.038820026,0.024460948,-1.17741e-4,0.02893792,-0.018400723,0.009854135,O3,4220.5,2231,0.276864334,GBD_O3,Shigella sonnei,Point estimate,0.276856786936626,0.276856786936626,0.276856786936626,41,20,Quantifiable,Quantifiable,0.276864334,-7.547063373969376e-6,Point estimate,Eligible_main_model,0.276856786936626
BXH_O3_Cl,O3_Cl,Shigella_sonnei,4994001,0.005908689,0.009797155,3.45214e-4,1.76412e-4,0.027240483,0.012050058,0.010068306,0.018701633,74,20,2.507794496,0.408772253,-0.003888465,1.68803e-4,0.015190425,0.008633327,-2.099022244,O3_Cl,13218,919.54,1.157595122,BXH_O3_Cl,Shigella sonnei,Point estimate,1.15758915754463,1.15758915754463,1.15758915754463,178,16,Quantifiable,Quantifiable,1.157595122,-5.964455370044419e-6,Point estimate,Eligible_main_model,1.15758915754463
SZSG_UV,UV,Staphylococcus_aureus,2821361,2.97729e-4,3.96617e-4,9.17997e-5,5.17481e-5,0.001100533,9.33592e-4,0.011866152,0.01805175,2,1,2.380952381,0.893655049,-9.88884e-5,4.00516e-5,1.66941e-4,0.006185598,-1.487297332,UV,98762,29175,0.529579011,SZSG_UV,Staphylococcus aureus,Point estimate,0.529573663912566,0.529573663912566,0.529573663912566,313,220,Quantifiable,Quantifiable,0.529579011,-5.3470874340488805e-6,Point estimate,Eligible_main_model,0.529573663912566
SZFX_UV,UV,Staphylococcus_aureus,2821361,2.14081e-4,4.79201e-4,6.87611e-5,3.43806e-5,8.00677e-4,0.00100129,0.010978329,0,2,0,3.311258278,0,-2.6512e-4,3.43806e-5,-2.00612e-4,-0.010978329,-3.311258278,UV,18763,16140,0.065398748,SZFX_UV,Staphylococcus aureus,Point estimate,0.0654150420790086,0.0654150420790086,0.0654150420790086,126,130,Quantifiable,Quantifiable,0.065398748,1.6294079008591367e-5,Point estimate,Eligible_main_model,0.0654150420790086
JXQ_O3,O3,Staphylococcus_aureus,2821361,4.21782e-4,3.17932e-4,3.96972e-5,1.13066e-4,0.001048785,0.001356438,0.005714286,0.011572969,0,3,0,3.344481605,1.03851e-4,-7.33688e-5,-3.07653e-4,0.005858684,3.344481605,O3,101180,59247,0.232428311,JXQ_O3,Staphylococcus aureus,Point estimate,0.232435598187044,0.232435598187044,0.232435598187044,145,192,Quantifiable,Quantifiable,0.232428311,7.287187044013876e-6,Point estimate,Eligible_main_model,0.232435598187044
JXQ_Cl,Cl,Staphylococcus_aureus,2821361,3.36717e-4,4.14693e-4,1.41776e-4,6.98245e-5,0.00114023,0.001408895,0.01880202,0.009979929,6,3,6.315789474,2.564102564,-7.79766e-5,7.19511e-5,-2.68665e-4,-0.008822091,-3.75168691,Cl,37354,23622,0.199020449,JXQ_Cl,Staphylococcus aureus,Point estimate,0.199020051187768,0.199020051187768,0.199020051187768,191,174,Quantifiable,Quantifiable,0.199020449,-3.97812231989203e-7,Point estimate,Eligible_main_model,0.199020051187768
GBD_UV_Cl,UV_Cl,Staphylococcus_aureus,2821361,5.14645e-4,4.71049e-4,2.435e-4,2.23651e-4,0.002390336,0.002865638,0.016306449,0.013187365,13,10,8.953168044,7.524454477,4.3596e-5,1.98486e-5,-4.75303e-4,-0.003119084,-1.428713567,UV_Cl,15283,15824,-0.01510766,GBD_UV_Cl,Staphylococcus aureus,Point estimate,-0.015122176074761,-0.015122176074761,-0.015122176074761,137,96,Quantifiable,Quantifiable,-0.01510766,-1.451607476100035e-5,Point estimate,Eligible_main_model,-0.015122176074761
GBD_UF,UF,Staphylococcus_aureus,2821361,3.88465e-4,3.78541e-4,2.28613e-4,2.8107e-4,0.003132885,0.003690772,0.014692174,0.020471845,16,24,14.59854015,22.47191011,9.92429e-6,-5.2457e-5,-5.57887e-4,0.005779671,7.873369966,UF,81154,19970,0.608931866,GBD_UF,Staphylococcus aureus,Point estimate,0.608925855379077,0.608925855379077,0.608925855379077,184,194,Quantifiable,Quantifiable,0.608931866,-6.010620923091459e-6,Point estimate,Eligible_main_model,0.608925855379077
GBD_O3,O3,Staphylococcus_aureus,2821361,3.78541e-4,5.14645e-4,2.8107e-4,2.435e-4,0.003690772,0.002390336,0.020471845,0.016306449,24,13,22.47191011,8.953168044,-1.36105e-4,3.75705e-5,0.001300436,-0.004165396,-13.51874207,O3,19970,15283,0.116169452,GBD_O3,Staphylococcus aureus,Point estimate,0.116184088654691,0.116184088654691,0.116184088654691,194,137,Quantifiable,Quantifiable,0.116169452,1.4636654690994289e-5,Point estimate,Eligible_main_model,0.116184088654691
CZSC_UV,UV,Staphylococcus_aureus,2821361,4.94442e-4,7.78702e-4,2.09473e-4,2.12663e-5,0.001754118,0.001155471,0.01269987,0.005333333,7,0,5.017921147,0,-2.8426e-4,1.88207e-4,5.98647e-4,-0.007366537,-5.017921147,UV,34479,18378,0.273256414,CZSC_UV,Staphylococcus aureus,Point estimate,0.273266927064757,0.273266927064757,0.273266927064757,170,123,Quantifiable,Quantifiable,0.273256414,1.051306475702285e-5,Point estimate,Eligible_main_model,0.273266927064757
